<?xml version='1.0' encoding='UTF-8' standalone='no'?>
<doxygen xmlns:xsi="http://www.w3.org/2001/XMLSchema-instance" xsi:noNamespaceSchemaLocation="compound.xsd" version="1.8.14">
  <compounddef id="d0/d7f/class_uniform_data_operator_1_1_sql_1_1_markup_1_1_commentary_attribute" kind="class" language="C#" prot="public">
    <compoundname>UniformDataOperator::Sql::Markup::CommentaryAttribute</compoundname>
    <basecompoundref prot="public" virt="non-virtual">Attribute</basecompoundref>
      <sectiondef kind="protected-attrib">
      <memberdef kind="variable" id="d0/d7f/class_uniform_data_operator_1_1_sql_1_1_markup_1_1_commentary_attribute_1a729a7d6773b3df9dd31090b1cf8e35b1" prot="protected" static="no" mutable="no">
        <type>string</type>
        <definition>string UniformDataOperator.Sql.Markup.CommentaryAttribute.commentary</definition>
        <argsstring></argsstring>
        <name>commentary</name>
        <briefdescription>
<para>Commentary to the column. </para>        </briefdescription>
        <detaileddescription>
        </detaileddescription>
        <inbodydescription>
        </inbodydescription>
        <location file="D:/Work/GitHub/uniform-data-operator/SQL/Markup/CommentaryAttribute.cs" line="28" column="1" bodyfile="D:/Work/GitHub/uniform-data-operator/SQL/Markup/CommentaryAttribute.cs" bodystart="28" bodyend="-1"/>
      </memberdef>
      </sectiondef>
      <sectiondef kind="public-func">
      <memberdef kind="function" id="d0/d7f/class_uniform_data_operator_1_1_sql_1_1_markup_1_1_commentary_attribute_1a89e4ce7ba19efd0b533ef9a5d013658d" prot="public" static="no" const="no" explicit="no" inline="yes" virt="non-virtual">
        <type></type>
        <definition>UniformDataOperator.Sql.Markup.CommentaryAttribute.CommentaryAttribute</definition>
        <argsstring>(string commentary)</argsstring>
        <name>CommentaryAttribute</name>
        <param>
          <type>string</type>
          <declname>commentary</declname>
        </param>
        <briefdescription>
<para>Init commentary for column in table. </para>        </briefdescription>
        <detaileddescription>
<para><parameterlist kind="param"><parameteritem>
<parameternamelist>
<parametername>commentary</parametername>
</parameternamelist>
<parameterdescription>
<para>Commentary to the column.</para></parameterdescription>
</parameteritem>
</parameterlist>
</para>        </detaileddescription>
        <inbodydescription>
        </inbodydescription>
        <location file="D:/Work/GitHub/uniform-data-operator/SQL/Markup/CommentaryAttribute.cs" line="34" column="1" bodyfile="D:/Work/GitHub/uniform-data-operator/SQL/Markup/CommentaryAttribute.cs" bodystart="34" bodyend="37"/>
      </memberdef>
      <memberdef kind="function" id="d0/d7f/class_uniform_data_operator_1_1_sql_1_1_markup_1_1_commentary_attribute_1a90440c0a6947fd524fef872cdb7c7683" prot="public" static="no" const="no" explicit="no" inline="yes" virt="non-virtual">
        <type>override string</type>
        <definition>override string UniformDataOperator.Sql.Markup.CommentaryAttribute.ToString</definition>
        <argsstring>()</argsstring>
        <name>ToString</name>
        <briefdescription>
<para>Return comment in string format. </para>        </briefdescription>
        <detaileddescription>
<para><simplesect kind="return"><para>Comment in string format.</para></simplesect>
</para>        </detaileddescription>
        <inbodydescription>
        </inbodydescription>
        <location file="D:/Work/GitHub/uniform-data-operator/SQL/Markup/CommentaryAttribute.cs" line="43" column="1" bodyfile="D:/Work/GitHub/uniform-data-operator/SQL/Markup/CommentaryAttribute.cs" bodystart="43" bodyend="46"/>
      </memberdef>
      </sectiondef>
      <sectiondef kind="public-static-func">
      <memberdef kind="function" id="d0/d7f/class_uniform_data_operator_1_1_sql_1_1_markup_1_1_commentary_attribute_1a7bf4b9cbf59270e66700f7c2468ccb00" prot="public" static="yes" const="no" explicit="no" inline="yes" virt="non-virtual">
        <type>implicit</type>
        <definition>static implicit UniformDataOperator.Sql.Markup.CommentaryAttribute.operator string</definition>
        <argsstring>(CommentaryAttribute commentary)</argsstring>
        <name>operator string</name>
        <param>
          <type><ref refid="d0/d7f/class_uniform_data_operator_1_1_sql_1_1_markup_1_1_commentary_attribute" kindref="compound">CommentaryAttribute</ref></type>
          <declname>commentary</declname>
        </param>
        <briefdescription>
<para>Return comment in string format. </para>        </briefdescription>
        <detaileddescription>
<para><parameterlist kind="param"><parameteritem>
<parameternamelist>
<parametername>commentary</parametername>
</parameternamelist>
<parameterdescription>
<para>Input comment.</para></parameterdescription>
</parameteritem>
</parameterlist>
</para>        </detaileddescription>
        <inbodydescription>
        </inbodydescription>
        <location file="D:/Work/GitHub/uniform-data-operator/SQL/Markup/CommentaryAttribute.cs" line="52" column="1" bodyfile="D:/Work/GitHub/uniform-data-operator/SQL/Markup/CommentaryAttribute.cs" bodystart="52" bodyend="55"/>
      </memberdef>
      </sectiondef>
    <briefdescription>
<para>Add commentary to SQL table. </para>    </briefdescription>
    <detaileddescription>
    </detaileddescription>
    <inheritancegraph>
      <node id="11">
        <label>Attribute</label>
      </node>
      <node id="10">
        <label>UniformDataOperator.Sql.Markup.CommentaryAttribute</label>
        <link refid="d0/d7f/class_uniform_data_operator_1_1_sql_1_1_markup_1_1_commentary_attribute"/>
        <childnode refid="11" relation="public-inheritance">
        </childnode>
      </node>
    </inheritancegraph>
    <collaborationgraph>
      <node id="13">
        <label>Attribute</label>
      </node>
      <node id="12">
        <label>UniformDataOperator.Sql.Markup.CommentaryAttribute</label>
        <link refid="d0/d7f/class_uniform_data_operator_1_1_sql_1_1_markup_1_1_commentary_attribute"/>
        <childnode refid="13" relation="public-inheritance">
        </childnode>
      </node>
    </collaborationgraph>
    <location file="D:/Work/GitHub/uniform-data-operator/SQL/Markup/CommentaryAttribute.cs" line="24" column="1" bodyfile="D:/Work/GitHub/uniform-data-operator/SQL/Markup/CommentaryAttribute.cs" bodystart="23" bodyend="56"/>
    <listofallmembers>
      <member refid="d0/d7f/class_uniform_data_operator_1_1_sql_1_1_markup_1_1_commentary_attribute_1a729a7d6773b3df9dd31090b1cf8e35b1" prot="protected" virt="non-virtual"><scope>UniformDataOperator::Sql::Markup::CommentaryAttribute</scope><name>commentary</name></member>
      <member refid="d0/d7f/class_uniform_data_operator_1_1_sql_1_1_markup_1_1_commentary_attribute_1a89e4ce7ba19efd0b533ef9a5d013658d" prot="public" virt="non-virtual"><scope>UniformDataOperator::Sql::Markup::CommentaryAttribute</scope><name>CommentaryAttribute</name></member>
      <member refid="d0/d7f/class_uniform_data_operator_1_1_sql_1_1_markup_1_1_commentary_attribute_1a7bf4b9cbf59270e66700f7c2468ccb00" prot="public" virt="non-virtual"><scope>UniformDataOperator::Sql::Markup::CommentaryAttribute</scope><name>operator string</name></member>
      <member refid="d0/d7f/class_uniform_data_operator_1_1_sql_1_1_markup_1_1_commentary_attribute_1a90440c0a6947fd524fef872cdb7c7683" prot="public" virt="non-virtual"><scope>UniformDataOperator::Sql::Markup::CommentaryAttribute</scope><name>ToString</name></member>
    </listofallmembers>
  </compounddef>
</doxygen>
