<?xml version='1.0' encoding='UTF-8' standalone='no'?>
<doxygen xmlns:xsi="http://www.w3.org/2001/XMLSchema-instance" xsi:noNamespaceSchemaLocation="compound.xsd" version="1.8.14">
  <compounddef id="df/d9f/namespace_system_1_1_data" kind="namespace" language="Unknown">
    <compoundname>System::Data</compoundname>
    <briefdescription>
    </briefdescription>
    <detaileddescription>
    </detaileddescription>
    <location file="D:/Work/GitHub/uniform-data-operator/SQL/ISQLOperator.cs" line="16" column="1"/>
  </compounddef>
</doxygen>
