<?xml version='1.0' encoding='UTF-8' standalone='no'?>
<doxygen xmlns:xsi="http://www.w3.org/2001/XMLSchema-instance" xsi:noNamespaceSchemaLocation="compound.xsd" version="1.8.14">
  <compounddef id="d5/d10/class_uniform_data_operator_1_1_assemblies_management_1_1_members_handler" kind="class" language="C#" prot="public">
    <compoundname>UniformDataOperator::AssembliesManagement::MembersHandler</compoundname>
    <innerclass refid="d6/d56/struct_uniform_data_operator_1_1_assemblies_management_1_1_members_handler_1_1_runtime_attribute_info" prot="public">UniformDataOperator::AssembliesManagement::MembersHandler::RuntimeAttributeInfo</innerclass>
      <sectiondef kind="public-static-func">
      <memberdef kind="function" id="d5/d10/class_uniform_data_operator_1_1_assemblies_management_1_1_members_handler_1a563f793ce990d95b0830a3dff609a9ee" prot="public" static="yes" const="no" explicit="no" inline="yes" virt="non-virtual">
        <type>IEnumerable&lt; FieldInfo &gt;</type>
        <definition>static IEnumerable&lt;FieldInfo&gt; UniformDataOperator.AssembliesManagement.MembersHandler.FindFieldsWithAttribute&lt; T &gt;</definition>
        <argsstring>(Type source)</argsstring>
        <name>FindFieldsWithAttribute&lt; T &gt;</name>
        <param>
          <type>Type</type>
          <declname>source</declname>
        </param>
        <briefdescription>
<para>Looking for fields with defined target attribute. </para>        </briefdescription>
        <detaileddescription>
<para><parameterlist kind="templateparam"><parameteritem>
<parameternamelist>
<parametername>T</parametername>
</parameternamelist>
<parameterdescription>
<para>Attribute&apos;s type.</para></parameterdescription>
</parameteritem>
</parameterlist>
<parameterlist kind="param"><parameteritem>
<parameternamelist>
<parametername>source</parametername>
</parameternamelist>
<parameterdescription>
<para>Type the would by used as source of fields.</para></parameterdescription>
</parameteritem>
</parameterlist>
<simplesect kind="return"><para>Collection of found attributes.</para></simplesect>
</para>        </detaileddescription>
        <inbodydescription>
        </inbodydescription>
        <location file="D:/Work/GitHub/uniform-data-operator/AssembliesManagement/MembersHandler.cs" line="37" column="1" bodyfile="D:/Work/GitHub/uniform-data-operator/AssembliesManagement/MembersHandler.cs" bodystart="37" bodyend="40"/>
      </memberdef>
      <memberdef kind="function" id="d5/d10/class_uniform_data_operator_1_1_assemblies_management_1_1_members_handler_1abf58fa664b9202a0776cbb9a1c659ba9" prot="public" static="yes" const="no" explicit="no" inline="yes" virt="non-virtual">
        <type>IEnumerable&lt; MemberInfo &gt;</type>
        <definition>static IEnumerable&lt;MemberInfo&gt; UniformDataOperator.AssembliesManagement.MembersHandler.FindMembersWithAttribute&lt; T &gt;</definition>
        <argsstring>(Type source)</argsstring>
        <name>FindMembersWithAttribute&lt; T &gt;</name>
        <param>
          <type>Type</type>
          <declname>source</declname>
        </param>
        <briefdescription>
<para>Looking for fields an properties members with defined target attribute. </para>        </briefdescription>
        <detaileddescription>
<para><parameterlist kind="templateparam"><parameteritem>
<parameternamelist>
<parametername>T</parametername>
</parameternamelist>
<parameterdescription>
<para>Attribute&apos;s type.</para></parameterdescription>
</parameteritem>
</parameterlist>
<parameterlist kind="param"><parameteritem>
<parameternamelist>
<parametername>source</parametername>
</parameternamelist>
<parameterdescription>
<para>Type the would by used as source of fields.</para></parameterdescription>
</parameteritem>
</parameterlist>
<simplesect kind="return"><para>Collection of found attributes.</para></simplesect>
</para>        </detaileddescription>
        <inbodydescription>
        </inbodydescription>
        <location file="D:/Work/GitHub/uniform-data-operator/AssembliesManagement/MembersHandler.cs" line="48" column="1" bodyfile="D:/Work/GitHub/uniform-data-operator/AssembliesManagement/MembersHandler.cs" bodystart="48" bodyend="55"/>
      </memberdef>
      <memberdef kind="function" id="d5/d10/class_uniform_data_operator_1_1_assemblies_management_1_1_members_handler_1ad5add0d63eb8e0f8dac0e48be98032ae" prot="public" static="yes" const="no" explicit="no" inline="yes" virt="non-virtual">
        <type>IEnumerable&lt; MemberInfo &gt;</type>
        <definition>static IEnumerable&lt;MemberInfo&gt; UniformDataOperator.AssembliesManagement.MembersHandler.FindMembersWithAttribute&lt; T &gt;</definition>
        <argsstring>(IEnumerable&lt; MemberInfo &gt; source)</argsstring>
        <name>FindMembersWithAttribute&lt; T &gt;</name>
        <param>
          <type>IEnumerable&lt; MemberInfo &gt;</type>
          <declname>source</declname>
        </param>
        <briefdescription>
<para>Looking for members with defined target attribute. </para>        </briefdescription>
        <detaileddescription>
<para><parameterlist kind="templateparam"><parameteritem>
<parameternamelist>
<parametername>T</parametername>
</parameternamelist>
<parameterdescription>
<para>Attribute&apos;s type.</para></parameterdescription>
</parameteritem>
</parameterlist>
<parameterlist kind="param"><parameteritem>
<parameternamelist>
<parametername>source</parametername>
</parameternamelist>
<parameterdescription>
<para>Type the would by used as source of fields.</para></parameterdescription>
</parameteritem>
</parameterlist>
<simplesect kind="return"><para>Collection of found attributes.</para></simplesect>
</para>        </detaileddescription>
        <inbodydescription>
        </inbodydescription>
        <location file="D:/Work/GitHub/uniform-data-operator/AssembliesManagement/MembersHandler.cs" line="63" column="1" bodyfile="D:/Work/GitHub/uniform-data-operator/AssembliesManagement/MembersHandler.cs" bodystart="63" bodyend="66"/>
      </memberdef>
      <memberdef kind="function" id="d5/d10/class_uniform_data_operator_1_1_assemblies_management_1_1_members_handler_1a1c637a7411bf34126f5ab90b130a3f04" prot="public" static="yes" const="no" explicit="no" inline="yes" virt="non-virtual">
        <type>IEnumerable&lt; MemberInfo &gt;</type>
        <definition>static IEnumerable&lt;MemberInfo&gt; UniformDataOperator.AssembliesManagement.MembersHandler.FindMembersWithoutAttribute&lt; T &gt;</definition>
        <argsstring>(IEnumerable&lt; MemberInfo &gt; source, System.Func&lt; MemberInfo, bool &gt; expression)</argsstring>
        <name>FindMembersWithoutAttribute&lt; T &gt;</name>
        <param>
          <type>IEnumerable&lt; MemberInfo &gt;</type>
          <declname>source</declname>
        </param>
        <param>
          <type>System.Func&lt; MemberInfo, bool &gt;</type>
          <declname>expression</declname>
        </param>
        <briefdescription>
<para>Looking for members without defined target attribute. </para>        </briefdescription>
        <detaileddescription>
<para><parameterlist kind="templateparam"><parameteritem>
<parameternamelist>
<parametername>T</parametername>
</parameternamelist>
<parameterdescription>
<para>Attribute&apos;s type.</para></parameterdescription>
</parameteritem>
</parameterlist>
<parameterlist kind="param"><parameteritem>
<parameternamelist>
<parametername>source</parametername>
</parameternamelist>
<parameterdescription>
<para>Type the would by used as source of fields.</para></parameterdescription>
</parameteritem>
<parameteritem>
<parameternamelist>
<parametername>expression</parametername>
</parameternamelist>
<parameterdescription>
<para>Delegate that would be called to compare member by custom way.</para></parameterdescription>
</parameteritem>
</parameterlist>
<simplesect kind="return"><para>Collection of found attributes.</para></simplesect>
</para>        </detaileddescription>
        <inbodydescription>
        </inbodydescription>
        <location file="D:/Work/GitHub/uniform-data-operator/AssembliesManagement/MembersHandler.cs" line="75" column="1" bodyfile="D:/Work/GitHub/uniform-data-operator/AssembliesManagement/MembersHandler.cs" bodystart="75" bodyend="78"/>
      </memberdef>
      <memberdef kind="function" id="d5/d10/class_uniform_data_operator_1_1_assemblies_management_1_1_members_handler_1a5c40c81b34d93d301c5f0d421dadc39a" prot="public" static="yes" const="no" explicit="no" inline="yes" virt="non-virtual">
        <type>IEnumerable&lt; MemberInfo &gt;</type>
        <definition>static IEnumerable&lt;MemberInfo&gt; UniformDataOperator.AssembliesManagement.MembersHandler.FindMembersWithoutAttribute&lt; T &gt;</definition>
        <argsstring>(IEnumerable&lt; MemberInfo &gt; source)</argsstring>
        <name>FindMembersWithoutAttribute&lt; T &gt;</name>
        <param>
          <type>IEnumerable&lt; MemberInfo &gt;</type>
          <declname>source</declname>
        </param>
        <briefdescription>
<para>Looking for members without defined target attribute. </para>        </briefdescription>
        <detaileddescription>
<para><parameterlist kind="templateparam"><parameteritem>
<parameternamelist>
<parametername>T</parametername>
</parameternamelist>
<parameterdescription>
<para>Attribute&apos;s type.</para></parameterdescription>
</parameteritem>
</parameterlist>
<parameterlist kind="param"><parameteritem>
<parameternamelist>
<parametername>source</parametername>
</parameternamelist>
<parameterdescription>
<para>Type the would by used as source of fields.</para></parameterdescription>
</parameteritem>
</parameterlist>
<simplesect kind="return"><para>Collection of found attributes.</para></simplesect>
</para>        </detaileddescription>
        <inbodydescription>
        </inbodydescription>
        <location file="D:/Work/GitHub/uniform-data-operator/AssembliesManagement/MembersHandler.cs" line="86" column="1" bodyfile="D:/Work/GitHub/uniform-data-operator/AssembliesManagement/MembersHandler.cs" bodystart="86" bodyend="89"/>
      </memberdef>
      <memberdef kind="function" id="d5/d10/class_uniform_data_operator_1_1_assemblies_management_1_1_members_handler_1a4b9cd91b2f9c5f8871e71ff70912ff8d" prot="public" static="yes" const="no" explicit="no" inline="yes" virt="non-virtual">
        <type>bool</type>
        <definition>static bool UniformDataOperator.AssembliesManagement.MembersHandler.HasAttribute&lt; AttributeType &gt;</definition>
        <argsstring>(MemberInfo member)</argsstring>
        <name>HasAttribute&lt; AttributeType &gt;</name>
        <param>
          <type>MemberInfo</type>
          <declname>member</declname>
        </param>
        <briefdescription>
<para>Check does member has target attribute. </para>        </briefdescription>
        <detaileddescription>
<para><parameterlist kind="templateparam"><parameteritem>
<parameternamelist>
<parametername>AttributeType</parametername>
</parameternamelist>
<parameterdescription>
<para>Type of target attribute.</para></parameterdescription>
</parameteritem>
</parameterlist>
<parameterlist kind="param"><parameteritem>
<parameternamelist>
<parametername>member</parametername>
</parameternamelist>
<parameterdescription>
</parameterdescription>
</parameteritem>
</parameterlist>
<simplesect kind="return"><para></para></simplesect>
</para>        </detaileddescription>
        <inbodydescription>
        </inbodydescription>
        <location file="D:/Work/GitHub/uniform-data-operator/AssembliesManagement/MembersHandler.cs" line="97" column="1" bodyfile="D:/Work/GitHub/uniform-data-operator/AssembliesManagement/MembersHandler.cs" bodystart="97" bodyend="101"/>
      </memberdef>
      <memberdef kind="function" id="d5/d10/class_uniform_data_operator_1_1_assemblies_management_1_1_members_handler_1ab99b085c361e2edc003149ea57203f93" prot="public" static="yes" const="no" explicit="no" inline="yes" virt="non-virtual">
        <type>bool</type>
        <definition>static bool UniformDataOperator.AssembliesManagement.MembersHandler.TryToGetAttribute&lt; AttributeType &gt;</definition>
        <argsstring>(MemberInfo member, out AttributeType attribute)</argsstring>
        <name>TryToGetAttribute&lt; AttributeType &gt;</name>
        <param>
          <type>MemberInfo</type>
          <declname>member</declname>
        </param>
        <param>
          <type>out AttributeType</type>
          <declname>attribute</declname>
        </param>
        <briefdescription>
<para>Trying to detect attribute defined on member. </para>        </briefdescription>
        <detaileddescription>
<para><parameterlist kind="templateparam"><parameteritem>
<parameternamelist>
<parametername>AttributeType</parametername>
</parameternamelist>
<parameterdescription>
<para>Type of target attribute.</para></parameterdescription>
</parameteritem>
</parameterlist>
<parameterlist kind="param"><parameteritem>
<parameternamelist>
<parametername>member</parametername>
</parameternamelist>
<parameterdescription>
<para>Member object.</para></parameterdescription>
</parameteritem>
<parameteritem>
<parameternamelist>
<parametername>attribute</parametername>
</parameternamelist>
<parameterdescription>
<para>Outbut that would contains found attribute.</para></parameterdescription>
</parameteritem>
</parameterlist>
<simplesect kind="return"><para>Result of the search.</para></simplesect>
</para>        </detaileddescription>
        <inbodydescription>
        </inbodydescription>
        <location file="D:/Work/GitHub/uniform-data-operator/AssembliesManagement/MembersHandler.cs" line="110" column="1" bodyfile="D:/Work/GitHub/uniform-data-operator/AssembliesManagement/MembersHandler.cs" bodystart="110" bodyend="128"/>
      </memberdef>
      <memberdef kind="function" id="d5/d10/class_uniform_data_operator_1_1_assemblies_management_1_1_members_handler_1af18869106319a1b9b0473a817a3c1964" prot="public" static="yes" const="no" explicit="no" inline="yes" virt="non-virtual">
        <type>IEnumerable&lt; PropertyInfo &gt;</type>
        <definition>static IEnumerable&lt;PropertyInfo&gt; UniformDataOperator.AssembliesManagement.MembersHandler.FindPropertiesWithAttribute&lt; T &gt;</definition>
        <argsstring>(Type source)</argsstring>
        <name>FindPropertiesWithAttribute&lt; T &gt;</name>
        <param>
          <type>Type</type>
          <declname>source</declname>
        </param>
        <briefdescription>
<para>Looking for properties with defined target attribute. </para>        </briefdescription>
        <detaileddescription>
<para><parameterlist kind="templateparam"><parameteritem>
<parameternamelist>
<parametername>T</parametername>
</parameternamelist>
<parameterdescription>
<para>Attribute&apos;s type.</para></parameterdescription>
</parameteritem>
</parameterlist>
<parameterlist kind="param"><parameteritem>
<parameternamelist>
<parametername>source</parametername>
</parameternamelist>
<parameterdescription>
<para>Type the would by used as source of fields.</para></parameterdescription>
</parameteritem>
</parameterlist>
<simplesect kind="return"><para>Collection of found attributes.</para></simplesect>
</para>        </detaileddescription>
        <inbodydescription>
        </inbodydescription>
        <location file="D:/Work/GitHub/uniform-data-operator/AssembliesManagement/MembersHandler.cs" line="136" column="1" bodyfile="D:/Work/GitHub/uniform-data-operator/AssembliesManagement/MembersHandler.cs" bodystart="136" bodyend="139"/>
      </memberdef>
      <memberdef kind="function" id="d5/d10/class_uniform_data_operator_1_1_assemblies_management_1_1_members_handler_1a6cc89d5d7bbec4fe48b7f698ead2667f" prot="public" static="yes" const="no" explicit="no" inline="yes" virt="non-virtual">
        <type>object</type>
        <definition>static object UniformDataOperator.AssembliesManagement.MembersHandler.GetValue</definition>
        <argsstring>(object holder, MemberInfo member)</argsstring>
        <name>GetValue</name>
        <param>
          <type>object</type>
          <declname>holder</declname>
        </param>
        <param>
          <type>MemberInfo</type>
          <declname>member</declname>
        </param>
        <briefdescription>
<para>Return value of member. </para>        </briefdescription>
        <detaileddescription>
<para><parameterlist kind="param"><parameteritem>
<parameternamelist>
<parametername>holder</parametername>
</parameternamelist>
<parameterdescription>
<para>Object that contain member info.</para></parameterdescription>
</parameteritem>
<parameteritem>
<parameternamelist>
<parametername>member</parametername>
</parameternamelist>
<parameterdescription>
<para>Target memeber&apos;s info.</para></parameterdescription>
</parameteritem>
</parameterlist>
<simplesect kind="return"><para>Value of member.</para></simplesect>
</para>        </detaileddescription>
        <inbodydescription>
        </inbodydescription>
        <location file="D:/Work/GitHub/uniform-data-operator/AssembliesManagement/MembersHandler.cs" line="149" column="1" bodyfile="D:/Work/GitHub/uniform-data-operator/AssembliesManagement/MembersHandler.cs" bodystart="149" bodyend="162"/>
      </memberdef>
      <memberdef kind="function" id="d5/d10/class_uniform_data_operator_1_1_assemblies_management_1_1_members_handler_1a78639bd006a0e62b40abc26043f63c5b" prot="public" static="yes" const="no" explicit="no" inline="yes" virt="non-virtual">
        <type>void</type>
        <definition>static void UniformDataOperator.AssembliesManagement.MembersHandler.SetValue</definition>
        <argsstring>(object holder, MemberInfo member, object data)</argsstring>
        <name>SetValue</name>
        <param>
          <type>object</type>
          <declname>holder</declname>
        </param>
        <param>
          <type>MemberInfo</type>
          <declname>member</declname>
        </param>
        <param>
          <type>object</type>
          <declname>data</declname>
        </param>
        <briefdescription>
<para>Setting value to member on specific object. </para>        </briefdescription>
        <detaileddescription>
<para><parameterlist kind="param"><parameteritem>
<parameternamelist>
<parametername>holder</parametername>
</parameternamelist>
<parameterdescription>
<para>Object that contain member info.</para></parameterdescription>
</parameteritem>
<parameteritem>
<parameternamelist>
<parametername>member</parametername>
</parameternamelist>
<parameterdescription>
<para>Target memeber&apos;s info.</para></parameterdescription>
</parameteritem>
<parameteritem>
<parameternamelist>
<parametername>data</parametername>
</parameternamelist>
<parameterdescription>
<para>Data that would be setted up to member.</para></parameterdescription>
</parameteritem>
</parameterlist>
<simplesect kind="return"><para></para></simplesect>
</para>        </detaileddescription>
        <inbodydescription>
        </inbodydescription>
        <location file="D:/Work/GitHub/uniform-data-operator/AssembliesManagement/MembersHandler.cs" line="171" column="1" bodyfile="D:/Work/GitHub/uniform-data-operator/AssembliesManagement/MembersHandler.cs" bodystart="171" bodyend="186"/>
      </memberdef>
      <memberdef kind="function" id="d5/d10/class_uniform_data_operator_1_1_assemblies_management_1_1_members_handler_1a0401f2325dda95a28dea4129e62bc9fd" prot="public" static="yes" const="no" explicit="no" inline="yes" virt="non-virtual">
        <type>object</type>
        <definition>static object UniformDataOperator.AssembliesManagement.MembersHandler.Converter</definition>
        <argsstring>(Type targetType, object data)</argsstring>
        <name>Converter</name>
        <param>
          <type>Type</type>
          <declname>targetType</declname>
        </param>
        <param>
          <type>object</type>
          <declname>data</declname>
        </param>
        <briefdescription>
<para>Trying to convers object to other type. </para>        </briefdescription>
        <detaileddescription>
<para><parameterlist kind="param"><parameteritem>
<parameternamelist>
<parametername>targetType</parametername>
</parameternamelist>
<parameterdescription>
<para>Prefered type of output object.</para></parameterdescription>
</parameteritem>
<parameteritem>
<parameternamelist>
<parametername>data</parametername>
</parameternamelist>
<parameterdescription>
<para>Soutce object.</para></parameterdescription>
</parameteritem>
</parameterlist>
<simplesect kind="return"><para>Converted object. The same if converting not possible</para></simplesect>
</para>        </detaileddescription>
        <inbodydescription>
        </inbodydescription>
        <location file="D:/Work/GitHub/uniform-data-operator/AssembliesManagement/MembersHandler.cs" line="194" column="1" bodyfile="D:/Work/GitHub/uniform-data-operator/AssembliesManagement/MembersHandler.cs" bodystart="194" bodyend="224"/>
      </memberdef>
      <memberdef kind="function" id="d5/d10/class_uniform_data_operator_1_1_assemblies_management_1_1_members_handler_1a66f0295fa016e2d296046fd968103a4e" prot="public" static="yes" const="no" explicit="no" inline="yes" virt="non-virtual">
        <type>Type</type>
        <definition>static Type UniformDataOperator.AssembliesManagement.MembersHandler.AddAttribute</definition>
        <argsstring>(string assembly, Type targetType, params RuntimeAttributeInfo[] attributesInfo)</argsstring>
        <name>AddAttribute</name>
        <param>
          <type>string</type>
          <declname>assembly</declname>
        </param>
        <param>
          <type>Type</type>
          <declname>targetType</declname>
        </param>
        <param>
          <type>params <ref refid="d6/d56/struct_uniform_data_operator_1_1_assemblies_management_1_1_members_handler_1_1_runtime_attribute_info" kindref="compound">RuntimeAttributeInfo</ref> []</type>
          <declname>attributesInfo</declname>
        </param>
        <briefdescription>
<para>Add to assembly the new type based on targetType but with existed new attribute. </para>        </briefdescription>
        <detaileddescription>
<para><parameterlist kind="param"><parameteritem>
<parameternamelist>
<parametername>assembly</parametername>
</parameternamelist>
<parameterdescription>
<para>Assembly that will contains new the type. </para></parameterdescription>
</parameteritem>
<parameteritem>
<parameternamelist>
<parametername>targetType</parametername>
</parameternamelist>
<parameterdescription>
<para>Type that will inherited during creating of new type. </para></parameterdescription>
</parameteritem>
<parameteritem>
<parameternamelist>
<parametername>attributesInfo</parametername>
</parameternamelist>
<parameterdescription>
<para>An array with metadate that describe a new attributes which will added to the new type. </para></parameterdescription>
</parameteritem>
</parameterlist>
<simplesect kind="return"><para>A runtime type with added attribute </para></simplesect>
<parameterlist kind="exception"><parameteritem>
<parameternamelist>
<parametername>MissingMethodException</parametername>
</parameternamelist>
<parameterdescription>
<para>Occurs when <computeroutput>attrConstructorValues</computeroutput> not suitable for an any <computeroutput>attrType</computeroutput> constructor. </para></parameterdescription>
</parameteritem>
</parameterlist>
</para>        </detaileddescription>
        <inbodydescription>
        </inbodydescription>
        <location file="D:/Work/GitHub/uniform-data-operator/AssembliesManagement/MembersHandler.cs" line="246" column="1" bodyfile="D:/Work/GitHub/uniform-data-operator/AssembliesManagement/MembersHandler.cs" bodystart="246" bodyend="321"/>
      </memberdef>
      </sectiondef>
    <briefdescription>
<para>Provides API to handle attributes. </para>    </briefdescription>
    <detaileddescription>
    </detaileddescription>
    <location file="D:/Work/GitHub/uniform-data-operator/AssembliesManagement/MembersHandler.cs" line="29" column="1" bodyfile="D:/Work/GitHub/uniform-data-operator/AssembliesManagement/MembersHandler.cs" bodystart="28" bodyend="351"/>
    <listofallmembers>
      <member refid="d5/d10/class_uniform_data_operator_1_1_assemblies_management_1_1_members_handler_1a66f0295fa016e2d296046fd968103a4e" prot="public" virt="non-virtual"><scope>UniformDataOperator::AssembliesManagement::MembersHandler</scope><name>AddAttribute</name></member>
      <member refid="d5/d10/class_uniform_data_operator_1_1_assemblies_management_1_1_members_handler_1a0401f2325dda95a28dea4129e62bc9fd" prot="public" virt="non-virtual"><scope>UniformDataOperator::AssembliesManagement::MembersHandler</scope><name>Converter</name></member>
      <member refid="d5/d10/class_uniform_data_operator_1_1_assemblies_management_1_1_members_handler_1a563f793ce990d95b0830a3dff609a9ee" prot="public" virt="non-virtual"><scope>UniformDataOperator::AssembliesManagement::MembersHandler</scope><name>FindFieldsWithAttribute&lt; T &gt;</name></member>
      <member refid="d5/d10/class_uniform_data_operator_1_1_assemblies_management_1_1_members_handler_1abf58fa664b9202a0776cbb9a1c659ba9" prot="public" virt="non-virtual"><scope>UniformDataOperator::AssembliesManagement::MembersHandler</scope><name>FindMembersWithAttribute&lt; T &gt;</name></member>
      <member refid="d5/d10/class_uniform_data_operator_1_1_assemblies_management_1_1_members_handler_1ad5add0d63eb8e0f8dac0e48be98032ae" prot="public" virt="non-virtual"><scope>UniformDataOperator::AssembliesManagement::MembersHandler</scope><name>FindMembersWithAttribute&lt; T &gt;</name></member>
      <member refid="d5/d10/class_uniform_data_operator_1_1_assemblies_management_1_1_members_handler_1a1c637a7411bf34126f5ab90b130a3f04" prot="public" virt="non-virtual"><scope>UniformDataOperator::AssembliesManagement::MembersHandler</scope><name>FindMembersWithoutAttribute&lt; T &gt;</name></member>
      <member refid="d5/d10/class_uniform_data_operator_1_1_assemblies_management_1_1_members_handler_1a5c40c81b34d93d301c5f0d421dadc39a" prot="public" virt="non-virtual"><scope>UniformDataOperator::AssembliesManagement::MembersHandler</scope><name>FindMembersWithoutAttribute&lt; T &gt;</name></member>
      <member refid="d5/d10/class_uniform_data_operator_1_1_assemblies_management_1_1_members_handler_1af18869106319a1b9b0473a817a3c1964" prot="public" virt="non-virtual"><scope>UniformDataOperator::AssembliesManagement::MembersHandler</scope><name>FindPropertiesWithAttribute&lt; T &gt;</name></member>
      <member refid="d5/d10/class_uniform_data_operator_1_1_assemblies_management_1_1_members_handler_1a6cc89d5d7bbec4fe48b7f698ead2667f" prot="public" virt="non-virtual"><scope>UniformDataOperator::AssembliesManagement::MembersHandler</scope><name>GetValue</name></member>
      <member refid="d5/d10/class_uniform_data_operator_1_1_assemblies_management_1_1_members_handler_1a4b9cd91b2f9c5f8871e71ff70912ff8d" prot="public" virt="non-virtual"><scope>UniformDataOperator::AssembliesManagement::MembersHandler</scope><name>HasAttribute&lt; AttributeType &gt;</name></member>
      <member refid="d5/d10/class_uniform_data_operator_1_1_assemblies_management_1_1_members_handler_1a78639bd006a0e62b40abc26043f63c5b" prot="public" virt="non-virtual"><scope>UniformDataOperator::AssembliesManagement::MembersHandler</scope><name>SetValue</name></member>
      <member refid="d5/d10/class_uniform_data_operator_1_1_assemblies_management_1_1_members_handler_1ab99b085c361e2edc003149ea57203f93" prot="public" virt="non-virtual"><scope>UniformDataOperator::AssembliesManagement::MembersHandler</scope><name>TryToGetAttribute&lt; AttributeType &gt;</name></member>
    </listofallmembers>
  </compounddef>
</doxygen>
