<?xml version='1.0' encoding='UTF-8' standalone='no'?>
<doxygen xmlns:xsi="http://www.w3.org/2001/XMLSchema-instance" xsi:noNamespaceSchemaLocation="compound.xsd" version="1.8.14">
  <compounddef id="d4/d07/namespace_uniform_data_operator_1_1_assemblies_management" kind="namespace" language="C#">
    <compoundname>UniformDataOperator::AssembliesManagement</compoundname>
    <innerclass refid="d9/d9d/class_uniform_data_operator_1_1_assemblies_management_1_1_assemblies_handler" prot="public">UniformDataOperator::AssembliesManagement::AssembliesHandler</innerclass>
    <innerclass refid="d5/d10/class_uniform_data_operator_1_1_assemblies_management_1_1_members_handler" prot="public">UniformDataOperator::AssembliesManagement::MembersHandler</innerclass>
    <innernamespace refid="d8/dd0/namespace_uniform_data_operator_1_1_assemblies_management_1_1_modifiers">UniformDataOperator::AssembliesManagement::Modifiers</innernamespace>
    <briefdescription>
    </briefdescription>
    <detaileddescription>
    </detaileddescription>
    <location file="D:/Work/GitHub/uniform-data-operator/AssembliesManagement/AssembliesHandler.cs" line="25" column="1"/>
  </compounddef>
</doxygen>
