<?xml version='1.0' encoding='UTF-8' standalone='no'?>
<doxygen xmlns:xsi="http://www.w3.org/2001/XMLSchema-instance" xsi:noNamespaceSchemaLocation="compound.xsd" version="1.8.14">
  <compounddef id="df/d5f/_table_attribute_8cs" kind="file" language="C#">
    <compoundname>TableAttribute.cs</compoundname>
    <innerclass refid="d3/d61/class_uniform_data_operator_1_1_sql_1_1_markup_1_1_table_attribute" prot="public">UniformDataOperator::Sql::Markup::TableAttribute</innerclass>
    <innernamespace refid="de/d8b/namespace_uniform_data_operator_1_1_sql_1_1_markup">UniformDataOperator::Sql::Markup</innernamespace>
    <innernamespace refid="d0/d23/namespace_system_1_1_data_1_1_sql_client">System::Data::SqlClient</innernamespace>
    <briefdescription>
    </briefdescription>
    <detaileddescription>
    </detaileddescription>
    <programlisting>
<codeline lineno="1"><highlight class="comment">//Copyright<sp/>2019<sp/>Volodymyr<sp/>Podshyvalov</highlight><highlight class="normal"></highlight></codeline>
<codeline lineno="2"><highlight class="normal"></highlight><highlight class="comment">//</highlight><highlight class="normal"></highlight></codeline>
<codeline lineno="3"><highlight class="normal"></highlight><highlight class="comment">//Licensed<sp/>under<sp/>the<sp/>Apache<sp/>License,<sp/>Version<sp/>2.0<sp/>(the<sp/>&quot;License&quot;);</highlight><highlight class="normal"></highlight></codeline>
<codeline lineno="4"><highlight class="normal"></highlight><highlight class="comment">//you<sp/>may<sp/>not<sp/>use<sp/>this<sp/>file<sp/>except<sp/>in<sp/>compliance<sp/>with<sp/>the<sp/>License.</highlight><highlight class="normal"></highlight></codeline>
<codeline lineno="5"><highlight class="normal"></highlight><highlight class="comment">//You<sp/>may<sp/>obtain<sp/>a<sp/>copy<sp/>of<sp/>the<sp/>License<sp/>at</highlight><highlight class="normal"></highlight></codeline>
<codeline lineno="6"><highlight class="normal"></highlight><highlight class="comment">//</highlight><highlight class="normal"></highlight></codeline>
<codeline lineno="7"><highlight class="normal"></highlight><highlight class="comment">//<sp/><sp/><sp/><sp/>http://www.apache.org/licenses/LICENSE-2.0</highlight><highlight class="normal"></highlight></codeline>
<codeline lineno="8"><highlight class="normal"></highlight><highlight class="comment">//</highlight><highlight class="normal"></highlight></codeline>
<codeline lineno="9"><highlight class="normal"></highlight><highlight class="comment">//Unless<sp/>required<sp/>by<sp/>applicable<sp/>law<sp/>or<sp/>agreed<sp/>to<sp/>in<sp/>writing,<sp/>software</highlight><highlight class="normal"></highlight></codeline>
<codeline lineno="10"><highlight class="normal"></highlight><highlight class="comment">//distributed<sp/>under<sp/>the<sp/>License<sp/>is<sp/>distributed<sp/>on<sp/>an<sp/>&quot;AS<sp/>IS&quot;<sp/>BASIS,</highlight><highlight class="normal"></highlight></codeline>
<codeline lineno="11"><highlight class="normal"></highlight><highlight class="comment">//WITHOUT<sp/>WARRANTIES<sp/>OR<sp/>CONDITIONS<sp/>OF<sp/>ANY<sp/>KIND,<sp/>either<sp/>express<sp/>or<sp/>implied.</highlight><highlight class="normal"></highlight></codeline>
<codeline lineno="12"><highlight class="normal"></highlight><highlight class="comment">//See<sp/>the<sp/>License<sp/>for<sp/>the<sp/>specific<sp/>language<sp/>governing<sp/>permissions<sp/>and</highlight><highlight class="normal"></highlight></codeline>
<codeline lineno="13"><highlight class="normal"></highlight><highlight class="comment">//limitations<sp/>under<sp/>the<sp/>License.</highlight><highlight class="normal"></highlight></codeline>
<codeline lineno="14"><highlight class="normal"></highlight></codeline>
<codeline lineno="15"><highlight class="normal"></highlight><highlight class="keyword">using</highlight><highlight class="normal"><sp/><ref refid="d8/dd0/namespace_system" kindref="compound">System</ref>;</highlight></codeline>
<codeline lineno="16"><highlight class="normal"></highlight><highlight class="keyword">using</highlight><highlight class="normal"><sp/><ref refid="d8/dd0/namespace_system" kindref="compound">System</ref>.Data.Common;</highlight></codeline>
<codeline lineno="17"><highlight class="normal"></highlight><highlight class="keyword">using</highlight><highlight class="normal"><sp/><ref refid="d8/dd0/namespace_system" kindref="compound">System</ref>.Data.SqlClient;</highlight></codeline>
<codeline lineno="18"><highlight class="normal"></highlight><highlight class="keyword">using</highlight><highlight class="normal"><sp/><ref refid="d8/dd0/namespace_system" kindref="compound">System</ref>.Reflection;</highlight></codeline>
<codeline lineno="19"><highlight class="normal"></highlight><highlight class="keyword">using</highlight><highlight class="normal"><sp/><ref refid="d8/dd0/namespace_system" kindref="compound">System</ref>.Collections.Generic;</highlight></codeline>
<codeline lineno="20"><highlight class="normal"></highlight><highlight class="keyword">using</highlight><highlight class="normal"><sp/><ref refid="d8/dd0/namespace_system" kindref="compound">System</ref>.Linq;</highlight></codeline>
<codeline lineno="21"><highlight class="normal"></highlight><highlight class="keyword">using</highlight><highlight class="normal"><sp/><ref refid="de/d66/namespace_uniform_data_operator" kindref="compound">UniformDataOperator</ref>.<ref refid="d4/d07/namespace_uniform_data_operator_1_1_assemblies_management" kindref="compound">AssembliesManagement</ref>;</highlight></codeline>
<codeline lineno="22"><highlight class="normal"></highlight></codeline>
<codeline lineno="23"><highlight class="normal"></highlight><highlight class="keyword">namespace<sp/></highlight><highlight class="normal"><ref refid="de/d66/namespace_uniform_data_operator" kindref="compound">UniformDataOperator</ref>.Sql.Markup</highlight></codeline>
<codeline lineno="24"><highlight class="normal">{</highlight></codeline>
<codeline lineno="28"><highlight class="normal"><sp/><sp/><sp/><sp/>[AttributeUsage(AttributeTargets.Class<sp/>|<sp/>AttributeTargets.Struct,<sp/>Inherited<sp/>=<sp/></highlight><highlight class="keyword">false</highlight><highlight class="normal">)]</highlight></codeline>
<codeline lineno="29" refid="d3/d61/class_uniform_data_operator_1_1_sql_1_1_markup_1_1_table_attribute" refkind="compound"><highlight class="normal"><sp/><sp/><sp/><sp/></highlight><highlight class="keyword">public</highlight><highlight class="normal"><sp/></highlight><highlight class="keyword">class<sp/></highlight><highlight class="normal"><ref refid="d3/d61/class_uniform_data_operator_1_1_sql_1_1_markup_1_1_table_attribute" kindref="compound">TableAttribute</ref><sp/>:<sp/>Attribute</highlight></codeline>
<codeline lineno="30"><highlight class="normal"><sp/><sp/><sp/><sp/>{<sp/></highlight></codeline>
<codeline lineno="34"><highlight class="normal"><sp/><sp/><sp/><sp/><sp/><sp/><sp/><sp/></highlight><highlight class="keyword">public</highlight><highlight class="normal"><sp/></highlight><highlight class="keywordtype">string</highlight><highlight class="normal"><sp/>schema;</highlight></codeline>
<codeline lineno="35"><highlight class="normal"></highlight></codeline>
<codeline lineno="39"><highlight class="normal"><sp/><sp/><sp/><sp/><sp/><sp/><sp/><sp/></highlight><highlight class="keyword">public</highlight><highlight class="normal"><sp/></highlight><highlight class="keywordtype">string</highlight><highlight class="normal"><sp/>table;</highlight></codeline>
<codeline lineno="40"><highlight class="normal"></highlight></codeline>
<codeline lineno="44"><highlight class="normal"><sp/><sp/><sp/><sp/><sp/><sp/><sp/><sp/></highlight><highlight class="keyword">public</highlight><highlight class="normal"><sp/></highlight><highlight class="keywordtype">string</highlight><highlight class="normal"><sp/>engine<sp/>=<sp/></highlight><highlight class="stringliteral">&quot;InnoDB&quot;</highlight><highlight class="normal">;</highlight></codeline>
<codeline lineno="45"><highlight class="normal"></highlight></codeline>
<codeline lineno="51"><highlight class="normal"><sp/><sp/><sp/><sp/><sp/><sp/><sp/><sp/></highlight><highlight class="keyword">public</highlight><highlight class="normal"><sp/><ref refid="d3/d61/class_uniform_data_operator_1_1_sql_1_1_markup_1_1_table_attribute" kindref="compound">TableAttribute</ref>(</highlight><highlight class="keywordtype">string</highlight><highlight class="normal"><sp/>schema,<sp/></highlight><highlight class="keywordtype">string</highlight><highlight class="normal"><sp/>table)</highlight></codeline>
<codeline lineno="52"><highlight class="normal"><sp/><sp/><sp/><sp/><sp/><sp/><sp/><sp/>{</highlight></codeline>
<codeline lineno="53"><highlight class="normal"><sp/><sp/><sp/><sp/><sp/><sp/><sp/><sp/><sp/><sp/><sp/><sp/>this.schema<sp/>=<sp/>schema;</highlight></codeline>
<codeline lineno="54"><highlight class="normal"><sp/><sp/><sp/><sp/><sp/><sp/><sp/><sp/><sp/><sp/><sp/><sp/>this.table<sp/>=<sp/>table;</highlight></codeline>
<codeline lineno="55"><highlight class="normal"><sp/><sp/><sp/><sp/><sp/><sp/><sp/><sp/>}</highlight></codeline>
<codeline lineno="56"><highlight class="normal"></highlight></codeline>
<codeline lineno="63"><highlight class="normal"><sp/><sp/><sp/><sp/><sp/><sp/><sp/><sp/></highlight><highlight class="keyword">public</highlight><highlight class="normal"><sp/><ref refid="d3/d61/class_uniform_data_operator_1_1_sql_1_1_markup_1_1_table_attribute" kindref="compound">TableAttribute</ref>(</highlight><highlight class="keywordtype">string</highlight><highlight class="normal"><sp/>schema,<sp/></highlight><highlight class="keywordtype">string</highlight><highlight class="normal"><sp/>table,<sp/></highlight><highlight class="keywordtype">string</highlight><highlight class="normal"><sp/>engine)</highlight></codeline>
<codeline lineno="64"><highlight class="normal"><sp/><sp/><sp/><sp/><sp/><sp/><sp/><sp/>{</highlight></codeline>
<codeline lineno="65"><highlight class="normal"><sp/><sp/><sp/><sp/><sp/><sp/><sp/><sp/><sp/><sp/><sp/><sp/>this.schema<sp/>=<sp/>schema;</highlight></codeline>
<codeline lineno="66"><highlight class="normal"><sp/><sp/><sp/><sp/><sp/><sp/><sp/><sp/><sp/><sp/><sp/><sp/>this.table<sp/>=<sp/>table;</highlight></codeline>
<codeline lineno="67"><highlight class="normal"><sp/><sp/><sp/><sp/><sp/><sp/><sp/><sp/><sp/><sp/><sp/><sp/>this.engine<sp/>=<sp/>engine;</highlight></codeline>
<codeline lineno="68"><highlight class="normal"><sp/><sp/><sp/><sp/><sp/><sp/><sp/><sp/>}</highlight></codeline>
<codeline lineno="69"><highlight class="normal"></highlight></codeline>
<codeline lineno="70"><highlight class="normal"></highlight></codeline>
<codeline lineno="76"><highlight class="normal"><sp/><sp/><sp/><sp/><sp/><sp/><sp/><sp/></highlight><highlight class="keyword">public</highlight><highlight class="normal"><sp/></highlight><highlight class="keyword">static</highlight><highlight class="normal"><sp/></highlight><highlight class="keywordtype">string</highlight><highlight class="normal"><sp/>GenerateCreateTableCommand(Type<sp/>sourceType)</highlight></codeline>
<codeline lineno="77"><highlight class="normal"><sp/><sp/><sp/><sp/><sp/><sp/><sp/><sp/>{</highlight></codeline>
<codeline lineno="78"><highlight class="normal"><sp/><sp/><sp/><sp/><sp/><sp/><sp/><sp/><sp/><sp/><sp/><sp/></highlight><highlight class="comment">//<sp/>Loking<sp/>for<sp/>table<sp/>descriptor.</highlight><highlight class="normal"></highlight></codeline>
<codeline lineno="79"><highlight class="normal"><sp/><sp/><sp/><sp/><sp/><sp/><sp/><sp/><sp/><sp/><sp/><sp/></highlight><highlight class="keywordflow">if</highlight><highlight class="normal"><sp/>(!<ref refid="d3/d61/class_uniform_data_operator_1_1_sql_1_1_markup_1_1_table_attribute" kindref="compound">TableAttribute</ref>.<ref refid="d3/d61/class_uniform_data_operator_1_1_sql_1_1_markup_1_1_table_attribute_1ace5105a7193faa48f53f32ce58a2a58c" kindref="member">TryToGetTableAttribute</ref>(sourceType,<sp/>out<sp/><ref refid="d3/d61/class_uniform_data_operator_1_1_sql_1_1_markup_1_1_table_attribute" kindref="compound">TableAttribute</ref><sp/>tableDescriptor,<sp/>out<sp/></highlight><highlight class="keywordtype">string</highlight><highlight class="normal"><sp/>error))</highlight></codeline>
<codeline lineno="80"><highlight class="normal"><sp/><sp/><sp/><sp/><sp/><sp/><sp/><sp/><sp/><sp/><sp/><sp/>{</highlight></codeline>
<codeline lineno="81"><highlight class="normal"><sp/><sp/><sp/><sp/><sp/><sp/><sp/><sp/><sp/><sp/><sp/><sp/><sp/><sp/><sp/><sp/><ref refid="dc/dce/class_uniform_data_operator_1_1_sql_1_1_sql_operator_handler" kindref="compound">SqlOperatorHandler</ref>.<ref refid="dc/dce/class_uniform_data_operator_1_1_sql_1_1_sql_operator_handler_1a898993886fbe98ece762f9f7f2af11fb" kindref="member">InvokeSQLErrorOccured</ref>(sourceType,<sp/>error);</highlight></codeline>
<codeline lineno="82"><highlight class="normal"><sp/><sp/><sp/><sp/><sp/><sp/><sp/><sp/><sp/><sp/><sp/><sp/><sp/><sp/><sp/><sp/></highlight><highlight class="keywordflow">return</highlight><highlight class="normal"><sp/>null;</highlight></codeline>
<codeline lineno="83"><highlight class="normal"><sp/><sp/><sp/><sp/><sp/><sp/><sp/><sp/><sp/><sp/><sp/><sp/>}</highlight></codeline>
<codeline lineno="84"><highlight class="normal"></highlight></codeline>
<codeline lineno="85"><highlight class="normal"><sp/><sp/><sp/><sp/><sp/><sp/><sp/><sp/><sp/><sp/><sp/><sp/></highlight><highlight class="comment">//<sp/>Variable<sp/>that<sp/>would<sp/>contain<sp/>SQL<sp/>comand.</highlight><highlight class="normal"></highlight></codeline>
<codeline lineno="86"><highlight class="normal"><sp/><sp/><sp/><sp/><sp/><sp/><sp/><sp/><sp/><sp/><sp/><sp/></highlight><highlight class="keywordtype">string</highlight><highlight class="normal"><sp/>command<sp/>=<sp/></highlight><highlight class="stringliteral">&quot;&quot;</highlight><highlight class="normal">;</highlight></codeline>
<codeline lineno="87"><highlight class="normal"><sp/><sp/><sp/><sp/><sp/><sp/><sp/><sp/><sp/><sp/><sp/><sp/>command<sp/>+=<sp/></highlight><highlight class="stringliteral">&quot;CREATE<sp/>TABLE<sp/>IF<sp/>NOT<sp/>EXISTS<sp/>`&quot;</highlight><highlight class="normal"><sp/>+<sp/>tableDescriptor.schema<sp/>+<sp/></highlight><highlight class="stringliteral">&quot;`.`&quot;</highlight><highlight class="normal"><sp/>+<sp/>tableDescriptor.table<sp/>+<sp/></highlight><highlight class="stringliteral">&quot;`<sp/>(\n&quot;</highlight><highlight class="normal">;</highlight></codeline>
<codeline lineno="88"><highlight class="normal"></highlight></codeline>
<codeline lineno="89"><highlight class="normal"><sp/><sp/><sp/><sp/><sp/><sp/><sp/><sp/><sp/><sp/><sp/><sp/>IEnumerable&lt;MemberInfo&gt;<sp/>columns<sp/>=<sp/><ref refid="d5/d10/class_uniform_data_operator_1_1_assemblies_management_1_1_members_handler" kindref="compound">MembersHandler</ref>.FindMembersWithAttribute&lt;<ref refid="d0/d68/class_uniform_data_operator_1_1_sql_1_1_markup_1_1_column_attribute" kindref="compound">ColumnAttribute</ref>&gt;(sourceType);</highlight></codeline>
<codeline lineno="90"><highlight class="normal"></highlight></codeline>
<codeline lineno="91"><highlight class="normal"></highlight><highlight class="preprocessor"><sp/><sp/><sp/><sp/><sp/><sp/><sp/><sp/><sp/><sp/><sp/><sp/>#region<sp/>Declere<sp/>columns</highlight><highlight class="normal"></highlight></codeline>
<codeline lineno="92"><highlight class="normal"><sp/><sp/><sp/><sp/><sp/><sp/><sp/><sp/><sp/><sp/><sp/><sp/></highlight><highlight class="keywordtype">string</highlight><highlight class="normal"><sp/>colCommand<sp/>=<sp/></highlight><highlight class="stringliteral">&quot;&quot;</highlight><highlight class="normal">;</highlight></codeline>
<codeline lineno="93"><highlight class="normal"><sp/><sp/><sp/><sp/><sp/><sp/><sp/><sp/><sp/><sp/><sp/><sp/></highlight><highlight class="keywordflow">foreach</highlight><highlight class="normal"><sp/>(MemberInfo<sp/>member<sp/></highlight><highlight class="keywordflow">in</highlight><highlight class="normal"><sp/>columns)</highlight></codeline>
<codeline lineno="94"><highlight class="normal"><sp/><sp/><sp/><sp/><sp/><sp/><sp/><sp/><sp/><sp/><sp/><sp/>{</highlight></codeline>
<codeline lineno="95"><highlight class="normal"><sp/><sp/><sp/><sp/><sp/><sp/><sp/><sp/><sp/><sp/><sp/><sp/><sp/><sp/><sp/><sp/></highlight><highlight class="keywordflow">if</highlight><highlight class="normal"><sp/>(!</highlight><highlight class="keywordtype">string</highlight><highlight class="normal">.IsNullOrEmpty(colCommand))</highlight></codeline>
<codeline lineno="96"><highlight class="normal"><sp/><sp/><sp/><sp/><sp/><sp/><sp/><sp/><sp/><sp/><sp/><sp/><sp/><sp/><sp/><sp/>{</highlight></codeline>
<codeline lineno="97"><highlight class="normal"><sp/><sp/><sp/><sp/><sp/><sp/><sp/><sp/><sp/><sp/><sp/><sp/><sp/><sp/><sp/><sp/><sp/><sp/><sp/><sp/>colCommand<sp/>+=<sp/></highlight><highlight class="stringliteral">&quot;,\n&quot;</highlight><highlight class="normal">;</highlight></codeline>
<codeline lineno="98"><highlight class="normal"><sp/><sp/><sp/><sp/><sp/><sp/><sp/><sp/><sp/><sp/><sp/><sp/><sp/><sp/><sp/><sp/>}</highlight></codeline>
<codeline lineno="99"><highlight class="normal"><sp/><sp/><sp/><sp/><sp/><sp/><sp/><sp/><sp/><sp/><sp/><sp/><sp/><sp/><sp/><sp/>colCommand<sp/>+=<sp/><sp/><ref refid="dc/dce/class_uniform_data_operator_1_1_sql_1_1_sql_operator_handler" kindref="compound">SqlOperatorHandler</ref>.<ref refid="dc/dce/class_uniform_data_operator_1_1_sql_1_1_sql_operator_handler_1aa96eb9fd201700acbf53954599fec534" kindref="member">Active</ref>.<ref refid="d1/dad/interface_uniform_data_operator_1_1_sql_1_1_i_sql_operator_1aac9c3ed1e73af66e383340a154786ec7" kindref="member">ColumnDeclarationCommand</ref>(member);</highlight></codeline>
<codeline lineno="100"><highlight class="normal"><sp/><sp/><sp/><sp/><sp/><sp/><sp/><sp/><sp/><sp/><sp/><sp/>}</highlight></codeline>
<codeline lineno="101"><highlight class="normal"><sp/><sp/><sp/><sp/><sp/><sp/><sp/><sp/><sp/><sp/><sp/><sp/>command<sp/>+=<sp/>colCommand;</highlight></codeline>
<codeline lineno="102"><highlight class="normal"></highlight><highlight class="preprocessor"><sp/><sp/><sp/><sp/><sp/><sp/><sp/><sp/><sp/><sp/><sp/><sp/>#endregion</highlight><highlight class="normal"></highlight></codeline>
<codeline lineno="103"><highlight class="normal"></highlight></codeline>
<codeline lineno="104"><highlight class="normal"></highlight><highlight class="preprocessor"><sp/><sp/><sp/><sp/><sp/><sp/><sp/><sp/><sp/><sp/><sp/><sp/>#region<sp/>Primary<sp/>keys</highlight><highlight class="normal"></highlight></codeline>
<codeline lineno="105"><highlight class="normal"><sp/><sp/><sp/><sp/><sp/><sp/><sp/><sp/><sp/><sp/><sp/><sp/></highlight><highlight class="comment">//<sp/>Build<sp/>PKs<sp/>substring<sp/>string.</highlight><highlight class="normal"></highlight></codeline>
<codeline lineno="106"><highlight class="normal"><sp/><sp/><sp/><sp/><sp/><sp/><sp/><sp/><sp/><sp/><sp/><sp/></highlight><highlight class="keywordtype">string</highlight><highlight class="normal"><sp/>subPkCommand<sp/>=<sp/></highlight><highlight class="stringliteral">&quot;&quot;</highlight><highlight class="normal">;</highlight></codeline>
<codeline lineno="107"><highlight class="normal"><sp/><sp/><sp/><sp/><sp/><sp/><sp/><sp/><sp/><sp/><sp/><sp/></highlight><highlight class="keywordflow">foreach</highlight><highlight class="normal"><sp/>(MemberInfo<sp/>cMeta<sp/></highlight><highlight class="keywordflow">in</highlight><highlight class="normal"><sp/>columns)</highlight></codeline>
<codeline lineno="108"><highlight class="normal"><sp/><sp/><sp/><sp/><sp/><sp/><sp/><sp/><sp/><sp/><sp/><sp/>{</highlight></codeline>
<codeline lineno="109"><highlight class="normal"><sp/><sp/><sp/><sp/><sp/><sp/><sp/><sp/><sp/><sp/><sp/><sp/><sp/><sp/><sp/><sp/></highlight><highlight class="keywordflow">if</highlight><highlight class="normal"><sp/>(<ref refid="d5/d10/class_uniform_data_operator_1_1_assemblies_management_1_1_members_handler" kindref="compound">MembersHandler</ref>.TryToGetAttribute&lt;<ref refid="d2/d28/class_uniform_data_operator_1_1_sql_1_1_markup_1_1_is_primary_key_attribute" kindref="compound">IsPrimaryKeyAttribute</ref>&gt;(cMeta,<sp/>out<sp/><ref refid="d2/d28/class_uniform_data_operator_1_1_sql_1_1_markup_1_1_is_primary_key_attribute" kindref="compound">IsPrimaryKeyAttribute</ref><sp/>isPrimaryKey))</highlight></codeline>
<codeline lineno="110"><highlight class="normal"><sp/><sp/><sp/><sp/><sp/><sp/><sp/><sp/><sp/><sp/><sp/><sp/><sp/><sp/><sp/><sp/>{</highlight></codeline>
<codeline lineno="111"><highlight class="normal"><sp/><sp/><sp/><sp/><sp/><sp/><sp/><sp/><sp/><sp/><sp/><sp/><sp/><sp/><sp/><sp/><sp/><sp/><sp/><sp/></highlight><highlight class="keywordflow">if</highlight><highlight class="normal"><sp/>(!</highlight><highlight class="keywordtype">string</highlight><highlight class="normal">.IsNullOrEmpty(subPkCommand))</highlight></codeline>
<codeline lineno="112"><highlight class="normal"><sp/><sp/><sp/><sp/><sp/><sp/><sp/><sp/><sp/><sp/><sp/><sp/><sp/><sp/><sp/><sp/><sp/><sp/><sp/><sp/>{</highlight></codeline>
<codeline lineno="113"><highlight class="normal"><sp/><sp/><sp/><sp/><sp/><sp/><sp/><sp/><sp/><sp/><sp/><sp/><sp/><sp/><sp/><sp/><sp/><sp/><sp/><sp/><sp/><sp/><sp/><sp/>subPkCommand<sp/>+=<sp/></highlight><highlight class="stringliteral">&quot;,<sp/>&quot;</highlight><highlight class="normal">;</highlight></codeline>
<codeline lineno="114"><highlight class="normal"><sp/><sp/><sp/><sp/><sp/><sp/><sp/><sp/><sp/><sp/><sp/><sp/><sp/><sp/><sp/><sp/><sp/><sp/><sp/><sp/>}</highlight></codeline>
<codeline lineno="115"><highlight class="normal"></highlight></codeline>
<codeline lineno="116"><highlight class="normal"><sp/><sp/><sp/><sp/><sp/><sp/><sp/><sp/><sp/><sp/><sp/><sp/><sp/><sp/><sp/><sp/><sp/><sp/><sp/><sp/><ref refid="d5/d10/class_uniform_data_operator_1_1_assemblies_management_1_1_members_handler" kindref="compound">MembersHandler</ref>.TryToGetAttribute&lt;<ref refid="d0/d68/class_uniform_data_operator_1_1_sql_1_1_markup_1_1_column_attribute" kindref="compound">ColumnAttribute</ref>&gt;(cMeta,<sp/>out<sp/><ref refid="d0/d68/class_uniform_data_operator_1_1_sql_1_1_markup_1_1_column_attribute" kindref="compound">ColumnAttribute</ref><sp/>column);</highlight></codeline>
<codeline lineno="117"><highlight class="normal"><sp/><sp/><sp/><sp/><sp/><sp/><sp/><sp/><sp/><sp/><sp/><sp/><sp/><sp/><sp/><sp/><sp/><sp/><sp/><sp/>subPkCommand<sp/>+=<sp/></highlight><highlight class="stringliteral">&quot;`&quot;</highlight><highlight class="normal"><sp/>+<sp/>column.<ref refid="d0/d68/class_uniform_data_operator_1_1_sql_1_1_markup_1_1_column_attribute_1ab12600e7022c9c4aa36816f89e360d01" kindref="member">title</ref><sp/>+<sp/></highlight><highlight class="stringliteral">&quot;`&quot;</highlight><highlight class="normal">;</highlight></codeline>
<codeline lineno="118"><highlight class="normal"><sp/><sp/><sp/><sp/><sp/><sp/><sp/><sp/><sp/><sp/><sp/><sp/><sp/><sp/><sp/><sp/>}</highlight></codeline>
<codeline lineno="119"><highlight class="normal"><sp/><sp/><sp/><sp/><sp/><sp/><sp/><sp/><sp/><sp/><sp/><sp/>}</highlight></codeline>
<codeline lineno="120"><highlight class="normal"></highlight></codeline>
<codeline lineno="121"><highlight class="normal"><sp/><sp/><sp/><sp/><sp/><sp/><sp/><sp/><sp/><sp/><sp/><sp/></highlight><highlight class="comment">//<sp/>Add<sp/>to<sp/>command<sp/>command<sp/>if<sp/>pks<sp/>exist.</highlight><highlight class="normal"></highlight></codeline>
<codeline lineno="122"><highlight class="normal"><sp/><sp/><sp/><sp/><sp/><sp/><sp/><sp/><sp/><sp/><sp/><sp/>command<sp/>+=<sp/>subPkCommand.Length<sp/>&gt;<sp/>0<sp/>?<sp/></highlight><highlight class="stringliteral">&quot;,\nPRIMARY<sp/>KEY(&quot;</highlight><highlight class="normal"><sp/>+<sp/>subPkCommand<sp/>+<sp/></highlight><highlight class="stringliteral">&quot;)&quot;</highlight><highlight class="normal"><sp/>:<sp/></highlight><highlight class="stringliteral">&quot;&quot;</highlight><highlight class="normal">;</highlight></codeline>
<codeline lineno="123"><highlight class="normal"></highlight><highlight class="preprocessor"><sp/><sp/><sp/><sp/><sp/><sp/><sp/><sp/><sp/><sp/><sp/><sp/>#endregion</highlight><highlight class="normal"></highlight></codeline>
<codeline lineno="124"><highlight class="normal"></highlight></codeline>
<codeline lineno="125"><highlight class="normal"></highlight><highlight class="preprocessor"><sp/><sp/><sp/><sp/><sp/><sp/><sp/><sp/><sp/><sp/><sp/><sp/>#region<sp/>Unique<sp/>indexes</highlight><highlight class="normal"></highlight></codeline>
<codeline lineno="126"><highlight class="normal"><sp/><sp/><sp/><sp/><sp/><sp/><sp/><sp/><sp/><sp/><sp/><sp/></highlight><highlight class="keywordflow">foreach</highlight><highlight class="normal"><sp/>(MemberInfo<sp/>cMeta<sp/></highlight><highlight class="keywordflow">in</highlight><highlight class="normal"><sp/>columns)</highlight></codeline>
<codeline lineno="127"><highlight class="normal"><sp/><sp/><sp/><sp/><sp/><sp/><sp/><sp/><sp/><sp/><sp/><sp/>{</highlight></codeline>
<codeline lineno="128"><highlight class="normal"><sp/><sp/><sp/><sp/><sp/><sp/><sp/><sp/><sp/><sp/><sp/><sp/><sp/><sp/><sp/><sp/></highlight><highlight class="keywordflow">if</highlight><highlight class="normal"><sp/>(<ref refid="d5/d10/class_uniform_data_operator_1_1_assemblies_management_1_1_members_handler" kindref="compound">MembersHandler</ref>.TryToGetAttribute&lt;<ref refid="d0/d27/class_uniform_data_operator_1_1_sql_1_1_markup_1_1_is_unique_attribute" kindref="compound">IsUniqueAttribute</ref>&gt;(cMeta,<sp/>out<sp/><ref refid="d0/d27/class_uniform_data_operator_1_1_sql_1_1_markup_1_1_is_unique_attribute" kindref="compound">IsUniqueAttribute</ref><sp/>isUnique))</highlight></codeline>
<codeline lineno="129"><highlight class="normal"><sp/><sp/><sp/><sp/><sp/><sp/><sp/><sp/><sp/><sp/><sp/><sp/><sp/><sp/><sp/><sp/>{</highlight></codeline>
<codeline lineno="130"><highlight class="normal"><sp/><sp/><sp/><sp/><sp/><sp/><sp/><sp/><sp/><sp/><sp/><sp/><sp/><sp/><sp/><sp/><sp/><sp/><sp/><sp/>command<sp/>+=<sp/></highlight><highlight class="stringliteral">&quot;,\n&quot;</highlight><highlight class="normal">;</highlight></codeline>
<codeline lineno="131"><highlight class="normal"><sp/><sp/><sp/><sp/><sp/><sp/><sp/><sp/><sp/><sp/><sp/><sp/><sp/><sp/><sp/><sp/><sp/><sp/><sp/><sp/>command<sp/>+=<sp/>isUnique.UniqueIndexDeclarationCommand(cMeta);</highlight></codeline>
<codeline lineno="132"><highlight class="normal"><sp/><sp/><sp/><sp/><sp/><sp/><sp/><sp/><sp/><sp/><sp/><sp/><sp/><sp/><sp/><sp/>}</highlight></codeline>
<codeline lineno="133"><highlight class="normal"><sp/><sp/><sp/><sp/><sp/><sp/><sp/><sp/><sp/><sp/><sp/><sp/>}</highlight></codeline>
<codeline lineno="134"><highlight class="normal"></highlight><highlight class="preprocessor"><sp/><sp/><sp/><sp/><sp/><sp/><sp/><sp/><sp/><sp/><sp/><sp/>#endregion</highlight><highlight class="normal"></highlight></codeline>
<codeline lineno="135"><highlight class="normal"></highlight></codeline>
<codeline lineno="136"><highlight class="normal"></highlight><highlight class="preprocessor"><sp/><sp/><sp/><sp/><sp/><sp/><sp/><sp/><sp/><sp/><sp/><sp/>#region<sp/>FK<sp/>indexes</highlight><highlight class="normal"></highlight></codeline>
<codeline lineno="137"><highlight class="normal"><sp/><sp/><sp/><sp/><sp/><sp/><sp/><sp/><sp/><sp/><sp/><sp/><ref refid="dd/d33/class_uniform_data_operator_1_1_sql_1_1_markup_1_1_is_foreign_key_attribute" kindref="compound">IsForeignKeyAttribute</ref>.<ref refid="dd/d33/class_uniform_data_operator_1_1_sql_1_1_markup_1_1_is_foreign_key_attribute_1abec2624118cb8518ddac018eb4bff213" kindref="member">DropIndexator</ref>();</highlight></codeline>
<codeline lineno="138"><highlight class="normal"><sp/><sp/><sp/><sp/><sp/><sp/><sp/><sp/><sp/><sp/><sp/><sp/></highlight><highlight class="keywordflow">foreach</highlight><highlight class="normal"><sp/>(MemberInfo<sp/>cMeta<sp/></highlight><highlight class="keywordflow">in</highlight><highlight class="normal"><sp/>columns)</highlight></codeline>
<codeline lineno="139"><highlight class="normal"><sp/><sp/><sp/><sp/><sp/><sp/><sp/><sp/><sp/><sp/><sp/><sp/>{</highlight></codeline>
<codeline lineno="140"><highlight class="normal"><sp/><sp/><sp/><sp/><sp/><sp/><sp/><sp/><sp/><sp/><sp/><sp/><sp/><sp/><sp/><sp/></highlight><highlight class="keywordtype">string</highlight><highlight class="normal"><sp/>decleration<sp/>=<sp/><ref refid="dd/d33/class_uniform_data_operator_1_1_sql_1_1_markup_1_1_is_foreign_key_attribute" kindref="compound">IsForeignKeyAttribute</ref>.<ref refid="dd/d33/class_uniform_data_operator_1_1_sql_1_1_markup_1_1_is_foreign_key_attribute_1abd2895acf461357533df2802681cfdc6" kindref="member">FKIndexDeclarationCommand</ref>(cMeta,<sp/>tableDescriptor.table);</highlight></codeline>
<codeline lineno="141"><highlight class="normal"><sp/><sp/><sp/><sp/><sp/><sp/><sp/><sp/><sp/><sp/><sp/><sp/><sp/><sp/><sp/><sp/></highlight><highlight class="keywordflow">if</highlight><highlight class="normal"><sp/>(!</highlight><highlight class="keywordtype">string</highlight><highlight class="normal">.IsNullOrEmpty(decleration))</highlight></codeline>
<codeline lineno="142"><highlight class="normal"><sp/><sp/><sp/><sp/><sp/><sp/><sp/><sp/><sp/><sp/><sp/><sp/><sp/><sp/><sp/><sp/>{</highlight></codeline>
<codeline lineno="143"><highlight class="normal"><sp/><sp/><sp/><sp/><sp/><sp/><sp/><sp/><sp/><sp/><sp/><sp/><sp/><sp/><sp/><sp/><sp/><sp/><sp/><sp/>command<sp/>+=<sp/></highlight><highlight class="stringliteral">&quot;,\n&quot;</highlight><highlight class="normal"><sp/>+<sp/>decleration;</highlight></codeline>
<codeline lineno="144"><highlight class="normal"><sp/><sp/><sp/><sp/><sp/><sp/><sp/><sp/><sp/><sp/><sp/><sp/><sp/><sp/><sp/><sp/>}</highlight></codeline>
<codeline lineno="145"><highlight class="normal"><sp/><sp/><sp/><sp/><sp/><sp/><sp/><sp/><sp/><sp/><sp/><sp/>}</highlight></codeline>
<codeline lineno="146"><highlight class="normal"></highlight><highlight class="preprocessor"><sp/><sp/><sp/><sp/><sp/><sp/><sp/><sp/><sp/><sp/><sp/><sp/>#endregion</highlight><highlight class="normal"></highlight></codeline>
<codeline lineno="147"><highlight class="normal"></highlight></codeline>
<codeline lineno="148"><highlight class="normal"></highlight><highlight class="preprocessor"><sp/><sp/><sp/><sp/><sp/><sp/><sp/><sp/><sp/><sp/><sp/><sp/>#region<sp/>Constraints</highlight><highlight class="normal"></highlight></codeline>
<codeline lineno="149"><highlight class="normal"><sp/><sp/><sp/><sp/><sp/><sp/><sp/><sp/><sp/><sp/><sp/><sp/><ref refid="dd/d33/class_uniform_data_operator_1_1_sql_1_1_markup_1_1_is_foreign_key_attribute" kindref="compound">IsForeignKeyAttribute</ref>.<ref refid="dd/d33/class_uniform_data_operator_1_1_sql_1_1_markup_1_1_is_foreign_key_attribute_1abec2624118cb8518ddac018eb4bff213" kindref="member">DropIndexator</ref>();</highlight></codeline>
<codeline lineno="150"><highlight class="normal"><sp/><sp/><sp/><sp/><sp/><sp/><sp/><sp/><sp/><sp/><sp/><sp/></highlight><highlight class="keywordflow">foreach</highlight><highlight class="normal"><sp/>(MemberInfo<sp/>cMeta<sp/></highlight><highlight class="keywordflow">in</highlight><highlight class="normal"><sp/>columns)</highlight></codeline>
<codeline lineno="151"><highlight class="normal"><sp/><sp/><sp/><sp/><sp/><sp/><sp/><sp/><sp/><sp/><sp/><sp/>{</highlight></codeline>
<codeline lineno="152"><highlight class="normal"><sp/><sp/><sp/><sp/><sp/><sp/><sp/><sp/><sp/><sp/><sp/><sp/><sp/><sp/><sp/><sp/></highlight><highlight class="keywordtype">string</highlight><highlight class="normal"><sp/>decleration<sp/>=<sp/><ref refid="dd/d33/class_uniform_data_operator_1_1_sql_1_1_markup_1_1_is_foreign_key_attribute" kindref="compound">IsForeignKeyAttribute</ref>.<ref refid="dd/d33/class_uniform_data_operator_1_1_sql_1_1_markup_1_1_is_foreign_key_attribute_1a60708064b8a8d38e8df273e8a8f8fb3d" kindref="member">ConstrainDeclarationCommand</ref>(cMeta,<sp/>tableDescriptor.table);</highlight></codeline>
<codeline lineno="153"><highlight class="normal"><sp/><sp/><sp/><sp/><sp/><sp/><sp/><sp/><sp/><sp/><sp/><sp/><sp/><sp/><sp/><sp/></highlight><highlight class="keywordflow">if</highlight><highlight class="normal"><sp/>(!</highlight><highlight class="keywordtype">string</highlight><highlight class="normal">.IsNullOrEmpty(decleration))</highlight></codeline>
<codeline lineno="154"><highlight class="normal"><sp/><sp/><sp/><sp/><sp/><sp/><sp/><sp/><sp/><sp/><sp/><sp/><sp/><sp/><sp/><sp/>{</highlight></codeline>
<codeline lineno="155"><highlight class="normal"><sp/><sp/><sp/><sp/><sp/><sp/><sp/><sp/><sp/><sp/><sp/><sp/><sp/><sp/><sp/><sp/><sp/><sp/><sp/><sp/>command<sp/>+=<sp/></highlight><highlight class="stringliteral">&quot;,\n&quot;</highlight><highlight class="normal"><sp/>+<sp/>decleration;</highlight></codeline>
<codeline lineno="156"><highlight class="normal"><sp/><sp/><sp/><sp/><sp/><sp/><sp/><sp/><sp/><sp/><sp/><sp/><sp/><sp/><sp/><sp/>}</highlight></codeline>
<codeline lineno="157"><highlight class="normal"><sp/><sp/><sp/><sp/><sp/><sp/><sp/><sp/><sp/><sp/><sp/><sp/>}</highlight></codeline>
<codeline lineno="158"><highlight class="normal"></highlight><highlight class="preprocessor"><sp/><sp/><sp/><sp/><sp/><sp/><sp/><sp/><sp/><sp/><sp/><sp/>#endregion</highlight><highlight class="normal"></highlight></codeline>
<codeline lineno="159"><highlight class="normal"></highlight></codeline>
<codeline lineno="160"><highlight class="normal"><sp/><sp/><sp/><sp/><sp/><sp/><sp/><sp/><sp/><sp/><sp/><sp/>command<sp/>+=<sp/></highlight><highlight class="stringliteral">&quot;)\n&quot;</highlight><highlight class="normal">;</highlight></codeline>
<codeline lineno="161"><highlight class="normal"></highlight></codeline>
<codeline lineno="162"><highlight class="normal"><sp/><sp/><sp/><sp/><sp/><sp/><sp/><sp/><sp/><sp/><sp/><sp/>command<sp/>+=<sp/></highlight><highlight class="stringliteral">&quot;ENGINE<sp/>=<sp/>&quot;</highlight><highlight class="normal"><sp/>+<sp/>(</highlight><highlight class="keywordtype">string</highlight><highlight class="normal">.IsNullOrEmpty(tableDescriptor.engine)<sp/>?<sp/></highlight><highlight class="stringliteral">&quot;InnoDB&quot;</highlight><highlight class="normal"><sp/>:<sp/>tableDescriptor.engine)<sp/>+<sp/></highlight><highlight class="stringliteral">&quot;;&quot;</highlight><highlight class="normal">;</highlight></codeline>
<codeline lineno="163"><highlight class="normal"></highlight></codeline>
<codeline lineno="164"><highlight class="normal"><sp/><sp/><sp/><sp/><sp/><sp/><sp/><sp/><sp/><sp/><sp/><sp/></highlight><highlight class="keywordflow">return</highlight><highlight class="normal"><sp/>command;</highlight></codeline>
<codeline lineno="165"><highlight class="normal"><sp/><sp/><sp/><sp/><sp/><sp/><sp/><sp/>}</highlight></codeline>
<codeline lineno="166"><highlight class="normal"></highlight></codeline>
<codeline lineno="176"><highlight class="normal"><sp/><sp/><sp/><sp/><sp/><sp/><sp/><sp/></highlight><highlight class="keyword">public</highlight><highlight class="normal"><sp/></highlight><highlight class="keyword">static</highlight><highlight class="normal"><sp/></highlight><highlight class="keywordtype">bool</highlight><highlight class="normal"><sp/>TrySetTables(</highlight><highlight class="keywordtype">bool</highlight><highlight class="normal"><sp/>disableSQLChecks,<sp/>out<sp/></highlight><highlight class="keywordtype">string</highlight><highlight class="normal"><sp/>error,<sp/>params<sp/>Type[]<sp/>tableDescriptors)</highlight></codeline>
<codeline lineno="177"><highlight class="normal"><sp/><sp/><sp/><sp/><sp/><sp/><sp/><sp/>{</highlight></codeline>
<codeline lineno="178"><highlight class="normal"><sp/><sp/><sp/><sp/><sp/><sp/><sp/><sp/><sp/><sp/><sp/><sp/></highlight><highlight class="comment">//<sp/>Check<sp/>is<sp/>SQL<sp/>operator<sp/>exist.</highlight><highlight class="normal"></highlight></codeline>
<codeline lineno="179"><highlight class="normal"><sp/><sp/><sp/><sp/><sp/><sp/><sp/><sp/><sp/><sp/><sp/><sp/></highlight><highlight class="keywordflow">if</highlight><highlight class="normal"><sp/>(<ref refid="dc/dce/class_uniform_data_operator_1_1_sql_1_1_sql_operator_handler" kindref="compound">SqlOperatorHandler</ref>.<ref refid="dc/dce/class_uniform_data_operator_1_1_sql_1_1_sql_operator_handler_1aa96eb9fd201700acbf53954599fec534" kindref="member">Active</ref><sp/>==<sp/>null)</highlight></codeline>
<codeline lineno="180"><highlight class="normal"><sp/><sp/><sp/><sp/><sp/><sp/><sp/><sp/><sp/><sp/><sp/><sp/>{</highlight></codeline>
<codeline lineno="181"><highlight class="normal"><sp/><sp/><sp/><sp/><sp/><sp/><sp/><sp/><sp/><sp/><sp/><sp/><sp/><sp/><sp/><sp/></highlight><highlight class="keywordflow">throw</highlight><highlight class="normal"><sp/></highlight><highlight class="keyword">new</highlight><highlight class="normal"><sp/>NullReferenceException(</highlight><highlight class="stringliteral">&quot;Active<sp/>&apos;ISQLOperator&apos;<sp/>not<sp/>exist.<sp/>Select<sp/>it<sp/>before<sp/>managing<sp/>of<sp/>database.&quot;</highlight><highlight class="normal">);</highlight></codeline>
<codeline lineno="182"><highlight class="normal"><sp/><sp/><sp/><sp/><sp/><sp/><sp/><sp/><sp/><sp/><sp/><sp/>}</highlight></codeline>
<codeline lineno="183"><highlight class="normal"></highlight></codeline>
<codeline lineno="184"><highlight class="normal"><sp/><sp/><sp/><sp/><sp/><sp/><sp/><sp/><sp/><sp/><sp/><sp/></highlight><highlight class="comment">//<sp/>Get<sp/>command<sp/>for<sp/>all<sp/>tables.</highlight><highlight class="normal"></highlight></codeline>
<codeline lineno="185"><highlight class="normal"><sp/><sp/><sp/><sp/><sp/><sp/><sp/><sp/><sp/><sp/><sp/><sp/></highlight><highlight class="keywordtype">string</highlight><highlight class="normal"><sp/>command<sp/>=<sp/></highlight><highlight class="stringliteral">&quot;&quot;</highlight><highlight class="normal">;</highlight></codeline>
<codeline lineno="186"><highlight class="normal"><sp/><sp/><sp/><sp/><sp/><sp/><sp/><sp/><sp/><sp/><sp/><sp/></highlight><highlight class="keywordflow">foreach</highlight><highlight class="normal"><sp/>(Type<sp/>type<sp/></highlight><highlight class="keywordflow">in</highlight><highlight class="normal"><sp/>tableDescriptors)</highlight></codeline>
<codeline lineno="187"><highlight class="normal"><sp/><sp/><sp/><sp/><sp/><sp/><sp/><sp/><sp/><sp/><sp/><sp/>{</highlight></codeline>
<codeline lineno="188"><highlight class="normal"><sp/><sp/><sp/><sp/><sp/><sp/><sp/><sp/><sp/><sp/><sp/><sp/><sp/><sp/><sp/><sp/></highlight><highlight class="keywordflow">if</highlight><highlight class="normal"><sp/>(command<sp/>!=<sp/></highlight><highlight class="stringliteral">&quot;&quot;</highlight><highlight class="normal">)</highlight></codeline>
<codeline lineno="189"><highlight class="normal"><sp/><sp/><sp/><sp/><sp/><sp/><sp/><sp/><sp/><sp/><sp/><sp/><sp/><sp/><sp/><sp/>{</highlight></codeline>
<codeline lineno="190"><highlight class="normal"><sp/><sp/><sp/><sp/><sp/><sp/><sp/><sp/><sp/><sp/><sp/><sp/><sp/><sp/><sp/><sp/><sp/><sp/><sp/><sp/>command<sp/>+=<sp/></highlight><highlight class="stringliteral">&quot;\n\n&quot;</highlight><highlight class="normal">;</highlight></codeline>
<codeline lineno="191"><highlight class="normal"><sp/><sp/><sp/><sp/><sp/><sp/><sp/><sp/><sp/><sp/><sp/><sp/><sp/><sp/><sp/><sp/>}</highlight></codeline>
<codeline lineno="192"><highlight class="normal"></highlight></codeline>
<codeline lineno="193"><highlight class="normal"><sp/><sp/><sp/><sp/><sp/><sp/><sp/><sp/><sp/><sp/><sp/><sp/><sp/><sp/><sp/><sp/></highlight><highlight class="comment">//<sp/>Drop<sp/>if<sp/>not<sp/>table<sp/>descriptor.</highlight><highlight class="normal"></highlight></codeline>
<codeline lineno="194"><highlight class="normal"><sp/><sp/><sp/><sp/><sp/><sp/><sp/><sp/><sp/><sp/><sp/><sp/><sp/><sp/><sp/><sp/></highlight><highlight class="keywordflow">if</highlight><highlight class="normal"><sp/>(!<ref refid="d5/d10/class_uniform_data_operator_1_1_assemblies_management_1_1_members_handler" kindref="compound">MembersHandler</ref>.HasAttribute&lt;<ref refid="d3/d61/class_uniform_data_operator_1_1_sql_1_1_markup_1_1_table_attribute" kindref="compound">TableAttribute</ref>&gt;(type))</highlight></codeline>
<codeline lineno="195"><highlight class="normal"><sp/><sp/><sp/><sp/><sp/><sp/><sp/><sp/><sp/><sp/><sp/><sp/><sp/><sp/><sp/><sp/>{</highlight></codeline>
<codeline lineno="196"><highlight class="normal"><sp/><sp/><sp/><sp/><sp/><sp/><sp/><sp/><sp/><sp/><sp/><sp/><sp/><sp/><sp/><sp/><sp/><sp/><sp/><sp/>error<sp/>=<sp/></highlight><highlight class="stringliteral">&quot;Not<sp/>defined<sp/>Table<sp/>attribute<sp/>for<sp/>target<sp/>type.&quot;</highlight><highlight class="normal">;</highlight></codeline>
<codeline lineno="197"><highlight class="normal"><sp/><sp/><sp/><sp/><sp/><sp/><sp/><sp/><sp/><sp/><sp/><sp/><sp/><sp/><sp/><sp/><sp/><sp/><sp/><sp/></highlight><highlight class="keywordflow">return</highlight><highlight class="normal"><sp/></highlight><highlight class="keyword">false</highlight><highlight class="normal">;</highlight></codeline>
<codeline lineno="198"><highlight class="normal"><sp/><sp/><sp/><sp/><sp/><sp/><sp/><sp/><sp/><sp/><sp/><sp/><sp/><sp/><sp/><sp/>}</highlight></codeline>
<codeline lineno="199"><highlight class="normal"></highlight></codeline>
<codeline lineno="200"><highlight class="normal"><sp/><sp/><sp/><sp/><sp/><sp/><sp/><sp/><sp/><sp/><sp/><sp/><sp/><sp/><sp/><sp/></highlight><highlight class="keywordflow">try</highlight><highlight class="normal"></highlight></codeline>
<codeline lineno="201"><highlight class="normal"><sp/><sp/><sp/><sp/><sp/><sp/><sp/><sp/><sp/><sp/><sp/><sp/><sp/><sp/><sp/><sp/>{</highlight></codeline>
<codeline lineno="202"><highlight class="normal"><sp/><sp/><sp/><sp/><sp/><sp/><sp/><sp/><sp/><sp/><sp/><sp/><sp/><sp/><sp/><sp/><sp/><sp/><sp/><sp/>command<sp/>+=<sp/>GenerateCreateTableCommand(type);</highlight></codeline>
<codeline lineno="203"><highlight class="normal"><sp/><sp/><sp/><sp/><sp/><sp/><sp/><sp/><sp/><sp/><sp/><sp/><sp/><sp/><sp/><sp/>}</highlight></codeline>
<codeline lineno="204"><highlight class="normal"><sp/><sp/><sp/><sp/><sp/><sp/><sp/><sp/><sp/><sp/><sp/><sp/><sp/><sp/><sp/><sp/></highlight><highlight class="keywordflow">catch</highlight><highlight class="normal"><sp/>(Exception<sp/>ex)</highlight></codeline>
<codeline lineno="205"><highlight class="normal"><sp/><sp/><sp/><sp/><sp/><sp/><sp/><sp/><sp/><sp/><sp/><sp/><sp/><sp/><sp/><sp/>{</highlight></codeline>
<codeline lineno="206"><highlight class="normal"><sp/><sp/><sp/><sp/><sp/><sp/><sp/><sp/><sp/><sp/><sp/><sp/><sp/><sp/><sp/><sp/><sp/><sp/><sp/><sp/>error<sp/>=<sp/>ex.Message;</highlight></codeline>
<codeline lineno="207"><highlight class="normal"><sp/><sp/><sp/><sp/><sp/><sp/><sp/><sp/><sp/><sp/><sp/><sp/><sp/><sp/><sp/><sp/><sp/><sp/><sp/><sp/></highlight><highlight class="keywordflow">return</highlight><highlight class="normal"><sp/></highlight><highlight class="keyword">false</highlight><highlight class="normal">;</highlight></codeline>
<codeline lineno="208"><highlight class="normal"><sp/><sp/><sp/><sp/><sp/><sp/><sp/><sp/><sp/><sp/><sp/><sp/><sp/><sp/><sp/><sp/>}</highlight></codeline>
<codeline lineno="209"><highlight class="normal"><sp/><sp/><sp/><sp/><sp/><sp/><sp/><sp/><sp/><sp/><sp/><sp/>}</highlight></codeline>
<codeline lineno="210"><highlight class="normal"></highlight></codeline>
<codeline lineno="211"><highlight class="normal"></highlight><highlight class="preprocessor"><sp/><sp/><sp/><sp/><sp/><sp/><sp/><sp/><sp/><sp/><sp/><sp/>#region<sp/>Execute<sp/>command</highlight><highlight class="normal"></highlight></codeline>
<codeline lineno="212"><highlight class="normal"><sp/><sp/><sp/><sp/><sp/><sp/><sp/><sp/><sp/><sp/><sp/><sp/></highlight><highlight class="comment">//<sp/>Tring<sp/>to<sp/>open<sp/>connection<sp/>to<sp/>the<sp/>server.</highlight><highlight class="normal"></highlight></codeline>
<codeline lineno="213"><highlight class="normal"><sp/><sp/><sp/><sp/><sp/><sp/><sp/><sp/><sp/><sp/><sp/><sp/></highlight><highlight class="keywordflow">if</highlight><highlight class="normal"><sp/>(!<ref refid="dc/dce/class_uniform_data_operator_1_1_sql_1_1_sql_operator_handler" kindref="compound">SqlOperatorHandler</ref>.<ref refid="dc/dce/class_uniform_data_operator_1_1_sql_1_1_sql_operator_handler_1aa96eb9fd201700acbf53954599fec534" kindref="member">Active</ref>.<ref refid="d1/dad/interface_uniform_data_operator_1_1_sql_1_1_i_sql_operator_1a6fc9e5efd1e21ae9998b9c56ae9e347c" kindref="member">OpenConnection</ref>(out<sp/>error))</highlight></codeline>
<codeline lineno="214"><highlight class="normal"><sp/><sp/><sp/><sp/><sp/><sp/><sp/><sp/><sp/><sp/><sp/><sp/>{</highlight></codeline>
<codeline lineno="215"><highlight class="normal"><sp/><sp/><sp/><sp/><sp/><sp/><sp/><sp/><sp/><sp/><sp/><sp/><sp/><sp/><sp/><sp/></highlight><highlight class="comment">//<sp/>Inform<sp/>about<sp/>fail.</highlight><highlight class="normal"></highlight></codeline>
<codeline lineno="216"><highlight class="normal"><sp/><sp/><sp/><sp/><sp/><sp/><sp/><sp/><sp/><sp/><sp/><sp/><sp/><sp/><sp/><sp/></highlight><highlight class="keywordflow">return</highlight><highlight class="normal"><sp/></highlight><highlight class="keyword">false</highlight><highlight class="normal">;</highlight></codeline>
<codeline lineno="217"><highlight class="normal"><sp/><sp/><sp/><sp/><sp/><sp/><sp/><sp/><sp/><sp/><sp/><sp/>}</highlight></codeline>
<codeline lineno="218"><highlight class="normal"></highlight></codeline>
<codeline lineno="219"><highlight class="normal"><sp/><sp/><sp/><sp/><sp/><sp/><sp/><sp/><sp/><sp/><sp/><sp/></highlight><highlight class="comment">//<sp/>Disabling<sp/>checks<sp/>if<sp/>requested.</highlight><highlight class="normal"></highlight></codeline>
<codeline lineno="220"><highlight class="normal"><sp/><sp/><sp/><sp/><sp/><sp/><sp/><sp/><sp/><sp/><sp/><sp/></highlight><highlight class="keywordflow">if</highlight><highlight class="normal">(disableSQLChecks)</highlight></codeline>
<codeline lineno="221"><highlight class="normal"><sp/><sp/><sp/><sp/><sp/><sp/><sp/><sp/><sp/><sp/><sp/><sp/>{</highlight></codeline>
<codeline lineno="222"><highlight class="normal"><sp/><sp/><sp/><sp/><sp/><sp/><sp/><sp/><sp/><sp/><sp/><sp/><sp/><sp/><sp/><sp/>command<sp/>=<sp/><ref refid="dc/dce/class_uniform_data_operator_1_1_sql_1_1_sql_operator_handler" kindref="compound">SqlOperatorHandler</ref>.<ref refid="dc/dce/class_uniform_data_operator_1_1_sql_1_1_sql_operator_handler_1aa96eb9fd201700acbf53954599fec534" kindref="member">Active</ref>.<ref refid="d1/dad/interface_uniform_data_operator_1_1_sql_1_1_i_sql_operator_1a12d464e0532a3e194b1221eee0c32d34" kindref="member">DisableSqlChecks</ref>(command);</highlight></codeline>
<codeline lineno="223"><highlight class="normal"><sp/><sp/><sp/><sp/><sp/><sp/><sp/><sp/><sp/><sp/><sp/><sp/>}</highlight></codeline>
<codeline lineno="224"><highlight class="normal"></highlight></codeline>
<codeline lineno="225"><highlight class="normal"><sp/><sp/><sp/><sp/><sp/><sp/><sp/><sp/><sp/><sp/><sp/><sp/></highlight><highlight class="keywordflow">try</highlight><highlight class="normal"></highlight></codeline>
<codeline lineno="226"><highlight class="normal"><sp/><sp/><sp/><sp/><sp/><sp/><sp/><sp/><sp/><sp/><sp/><sp/>{</highlight></codeline>
<codeline lineno="227"><highlight class="normal"><sp/><sp/><sp/><sp/><sp/><sp/><sp/><sp/><sp/><sp/><sp/><sp/><sp/><sp/><sp/><sp/></highlight><highlight class="comment">//<sp/>Execute<sp/>command</highlight><highlight class="normal"></highlight></codeline>
<codeline lineno="228"><highlight class="normal"><sp/><sp/><sp/><sp/><sp/><sp/><sp/><sp/><sp/><sp/><sp/><sp/><sp/><sp/><sp/><sp/><ref refid="dc/dce/class_uniform_data_operator_1_1_sql_1_1_sql_operator_handler" kindref="compound">SqlOperatorHandler</ref>.<ref refid="dc/dce/class_uniform_data_operator_1_1_sql_1_1_sql_operator_handler_1aa96eb9fd201700acbf53954599fec534" kindref="member">Active</ref>.<ref refid="d1/dad/interface_uniform_data_operator_1_1_sql_1_1_i_sql_operator_1afc0fd8b8c82515c498a6959453f331f1" kindref="member">NewCommand</ref>(command)?.ExecuteNonQuery();</highlight></codeline>
<codeline lineno="229"><highlight class="normal"><sp/><sp/><sp/><sp/><sp/><sp/><sp/><sp/><sp/><sp/><sp/><sp/>}</highlight></codeline>
<codeline lineno="230"><highlight class="normal"><sp/><sp/><sp/><sp/><sp/><sp/><sp/><sp/><sp/><sp/><sp/><sp/></highlight><highlight class="keywordflow">catch</highlight><highlight class="normal"><sp/>(Exception<sp/>ex)</highlight></codeline>
<codeline lineno="231"><highlight class="normal"><sp/><sp/><sp/><sp/><sp/><sp/><sp/><sp/><sp/><sp/><sp/><sp/>{</highlight></codeline>
<codeline lineno="232"><highlight class="normal"><sp/><sp/><sp/><sp/><sp/><sp/><sp/><sp/><sp/><sp/><sp/><sp/><sp/><sp/><sp/><sp/>error<sp/>=<sp/>ex.Message<sp/>+<sp/></highlight><highlight class="stringliteral">&quot;\n\nSQL<sp/>query:\n&quot;</highlight><highlight class="normal"><sp/>+<sp/>command;</highlight></codeline>
<codeline lineno="233"><highlight class="normal"></highlight></codeline>
<codeline lineno="234"><highlight class="normal"><sp/><sp/><sp/><sp/><sp/><sp/><sp/><sp/><sp/><sp/><sp/><sp/><sp/><sp/><sp/><sp/></highlight><highlight class="comment">//<sp/>Close<sp/>connection<sp/>after<sp/>finish.</highlight><highlight class="normal"></highlight></codeline>
<codeline lineno="235"><highlight class="normal"><sp/><sp/><sp/><sp/><sp/><sp/><sp/><sp/><sp/><sp/><sp/><sp/><sp/><sp/><sp/><sp/><ref refid="dc/dce/class_uniform_data_operator_1_1_sql_1_1_sql_operator_handler" kindref="compound">SqlOperatorHandler</ref>.<ref refid="dc/dce/class_uniform_data_operator_1_1_sql_1_1_sql_operator_handler_1aa96eb9fd201700acbf53954599fec534" kindref="member">Active</ref>.<ref refid="d1/dad/interface_uniform_data_operator_1_1_sql_1_1_i_sql_operator_1a1a6429996e1bbb452f4e034fd634e640" kindref="member">CloseConnection</ref>();</highlight></codeline>
<codeline lineno="236"><highlight class="normal"></highlight></codeline>
<codeline lineno="237"><highlight class="normal"><sp/><sp/><sp/><sp/><sp/><sp/><sp/><sp/><sp/><sp/><sp/><sp/><sp/><sp/><sp/><sp/></highlight><highlight class="keywordflow">return</highlight><highlight class="normal"><sp/></highlight><highlight class="keyword">false</highlight><highlight class="normal">;</highlight></codeline>
<codeline lineno="238"><highlight class="normal"><sp/><sp/><sp/><sp/><sp/><sp/><sp/><sp/><sp/><sp/><sp/><sp/>}</highlight></codeline>
<codeline lineno="239"><highlight class="normal"><sp/><sp/><sp/><sp/><sp/><sp/><sp/><sp/><sp/><sp/><sp/><sp/></highlight></codeline>
<codeline lineno="240"><highlight class="normal"><sp/><sp/><sp/><sp/><sp/><sp/><sp/><sp/><sp/><sp/><sp/><sp/></highlight><highlight class="comment">//<sp/>Close<sp/>connection<sp/>after<sp/>finish.</highlight><highlight class="normal"></highlight></codeline>
<codeline lineno="241"><highlight class="normal"><sp/><sp/><sp/><sp/><sp/><sp/><sp/><sp/><sp/><sp/><sp/><sp/><ref refid="dc/dce/class_uniform_data_operator_1_1_sql_1_1_sql_operator_handler" kindref="compound">SqlOperatorHandler</ref>.<ref refid="dc/dce/class_uniform_data_operator_1_1_sql_1_1_sql_operator_handler_1aa96eb9fd201700acbf53954599fec534" kindref="member">Active</ref>.<ref refid="d1/dad/interface_uniform_data_operator_1_1_sql_1_1_i_sql_operator_1a1a6429996e1bbb452f4e034fd634e640" kindref="member">CloseConnection</ref>();</highlight></codeline>
<codeline lineno="242"><highlight class="normal"><sp/><sp/><sp/><sp/><sp/><sp/><sp/><sp/><sp/><sp/><sp/><sp/></highlight></codeline>
<codeline lineno="243"><highlight class="normal"><sp/><sp/><sp/><sp/><sp/><sp/><sp/><sp/><sp/><sp/><sp/><sp/></highlight><highlight class="comment">//<sp/>Confirm<sp/>success.</highlight><highlight class="normal"></highlight></codeline>
<codeline lineno="244"><highlight class="normal"><sp/><sp/><sp/><sp/><sp/><sp/><sp/><sp/><sp/><sp/><sp/><sp/></highlight><highlight class="keywordflow">return</highlight><highlight class="normal"><sp/></highlight><highlight class="keyword">true</highlight><highlight class="normal">;</highlight></codeline>
<codeline lineno="245"><highlight class="normal"></highlight><highlight class="preprocessor"><sp/><sp/><sp/><sp/><sp/><sp/><sp/><sp/><sp/><sp/><sp/><sp/>#endregion</highlight><highlight class="normal"></highlight></codeline>
<codeline lineno="246"><highlight class="normal"><sp/><sp/><sp/><sp/><sp/><sp/><sp/><sp/>}</highlight></codeline>
<codeline lineno="247"><highlight class="normal"></highlight></codeline>
<codeline lineno="257"><highlight class="normal"><sp/><sp/><sp/><sp/><sp/><sp/><sp/><sp/></highlight><highlight class="keyword">public</highlight><highlight class="normal"><sp/></highlight><highlight class="keyword">static</highlight><highlight class="normal"><sp/></highlight><highlight class="keywordtype">bool</highlight><highlight class="normal"><sp/>TrySetTable(</highlight><highlight class="keywordtype">bool</highlight><highlight class="normal"><sp/>disableSQLChecks,<sp/>Type<sp/>tableDescriptor,<sp/>out<sp/></highlight><highlight class="keywordtype">string</highlight><highlight class="normal"><sp/>error)</highlight></codeline>
<codeline lineno="258"><highlight class="normal"><sp/><sp/><sp/><sp/><sp/><sp/><sp/><sp/>{</highlight></codeline>
<codeline lineno="259"><highlight class="normal"><sp/><sp/><sp/><sp/><sp/><sp/><sp/><sp/><sp/><sp/><sp/><sp/></highlight><highlight class="comment">//<sp/>Check<sp/>is<sp/>SQL<sp/>operator<sp/>exist.</highlight><highlight class="normal"></highlight></codeline>
<codeline lineno="260"><highlight class="normal"><sp/><sp/><sp/><sp/><sp/><sp/><sp/><sp/><sp/><sp/><sp/><sp/></highlight><highlight class="keywordflow">if</highlight><highlight class="normal"><sp/>(<ref refid="dc/dce/class_uniform_data_operator_1_1_sql_1_1_sql_operator_handler" kindref="compound">SqlOperatorHandler</ref>.<ref refid="dc/dce/class_uniform_data_operator_1_1_sql_1_1_sql_operator_handler_1aa96eb9fd201700acbf53954599fec534" kindref="member">Active</ref><sp/>==<sp/>null)</highlight></codeline>
<codeline lineno="261"><highlight class="normal"><sp/><sp/><sp/><sp/><sp/><sp/><sp/><sp/><sp/><sp/><sp/><sp/>{</highlight></codeline>
<codeline lineno="262"><highlight class="normal"><sp/><sp/><sp/><sp/><sp/><sp/><sp/><sp/><sp/><sp/><sp/><sp/><sp/><sp/><sp/><sp/></highlight><highlight class="keywordflow">throw</highlight><highlight class="normal"><sp/></highlight><highlight class="keyword">new</highlight><highlight class="normal"><sp/>NullReferenceException(</highlight><highlight class="stringliteral">&quot;Active<sp/>&apos;ISQLOperator&apos;<sp/>not<sp/>exist.<sp/>Select<sp/>it<sp/>before<sp/>managing<sp/>of<sp/>database.&quot;</highlight><highlight class="normal">);</highlight></codeline>
<codeline lineno="263"><highlight class="normal"><sp/><sp/><sp/><sp/><sp/><sp/><sp/><sp/><sp/><sp/><sp/><sp/>}</highlight></codeline>
<codeline lineno="264"><highlight class="normal"></highlight></codeline>
<codeline lineno="265"><highlight class="normal"><sp/><sp/><sp/><sp/><sp/><sp/><sp/><sp/><sp/><sp/><sp/><sp/></highlight><highlight class="comment">//<sp/>Drop<sp/>if<sp/>not<sp/>table<sp/>descriptor.</highlight><highlight class="normal"></highlight></codeline>
<codeline lineno="266"><highlight class="normal"><sp/><sp/><sp/><sp/><sp/><sp/><sp/><sp/><sp/><sp/><sp/><sp/></highlight><highlight class="keywordflow">if</highlight><highlight class="normal"><sp/>(!<ref refid="d5/d10/class_uniform_data_operator_1_1_assemblies_management_1_1_members_handler" kindref="compound">MembersHandler</ref>.HasAttribute&lt;<ref refid="d3/d61/class_uniform_data_operator_1_1_sql_1_1_markup_1_1_table_attribute" kindref="compound">TableAttribute</ref>&gt;(tableDescriptor))</highlight></codeline>
<codeline lineno="267"><highlight class="normal"><sp/><sp/><sp/><sp/><sp/><sp/><sp/><sp/><sp/><sp/><sp/><sp/>{</highlight></codeline>
<codeline lineno="268"><highlight class="normal"><sp/><sp/><sp/><sp/><sp/><sp/><sp/><sp/><sp/><sp/><sp/><sp/><sp/><sp/><sp/><sp/>error<sp/>=<sp/></highlight><highlight class="stringliteral">&quot;Not<sp/>defined<sp/>Table<sp/>attribute<sp/>for<sp/>target<sp/>type.&quot;</highlight><highlight class="normal">;</highlight></codeline>
<codeline lineno="269"><highlight class="normal"><sp/><sp/><sp/><sp/><sp/><sp/><sp/><sp/><sp/><sp/><sp/><sp/><sp/><sp/><sp/><sp/></highlight><highlight class="keywordflow">return</highlight><highlight class="normal"><sp/></highlight><highlight class="keyword">false</highlight><highlight class="normal">;</highlight></codeline>
<codeline lineno="270"><highlight class="normal"><sp/><sp/><sp/><sp/><sp/><sp/><sp/><sp/><sp/><sp/><sp/><sp/>}</highlight></codeline>
<codeline lineno="271"><highlight class="normal"></highlight></codeline>
<codeline lineno="272"><highlight class="normal"><sp/><sp/><sp/><sp/><sp/><sp/><sp/><sp/><sp/><sp/><sp/><sp/></highlight><highlight class="comment">//<sp/>Get<sp/>command.</highlight><highlight class="normal"></highlight></codeline>
<codeline lineno="273"><highlight class="normal"><sp/><sp/><sp/><sp/><sp/><sp/><sp/><sp/><sp/><sp/><sp/><sp/></highlight><highlight class="keywordtype">string</highlight><highlight class="normal"><sp/>command;</highlight></codeline>
<codeline lineno="274"><highlight class="normal"><sp/><sp/><sp/><sp/><sp/><sp/><sp/><sp/><sp/><sp/><sp/><sp/></highlight><highlight class="keywordflow">try</highlight><highlight class="normal"></highlight></codeline>
<codeline lineno="275"><highlight class="normal"><sp/><sp/><sp/><sp/><sp/><sp/><sp/><sp/><sp/><sp/><sp/><sp/>{</highlight></codeline>
<codeline lineno="276"><highlight class="normal"><sp/><sp/><sp/><sp/><sp/><sp/><sp/><sp/><sp/><sp/><sp/><sp/><sp/><sp/><sp/><sp/>command<sp/>=<sp/>GenerateCreateTableCommand(tableDescriptor);</highlight></codeline>
<codeline lineno="277"><highlight class="normal"><sp/><sp/><sp/><sp/><sp/><sp/><sp/><sp/><sp/><sp/><sp/><sp/>}</highlight></codeline>
<codeline lineno="278"><highlight class="normal"><sp/><sp/><sp/><sp/><sp/><sp/><sp/><sp/><sp/><sp/><sp/><sp/></highlight><highlight class="keywordflow">catch</highlight><highlight class="normal"><sp/>(Exception<sp/>ex)</highlight></codeline>
<codeline lineno="279"><highlight class="normal"><sp/><sp/><sp/><sp/><sp/><sp/><sp/><sp/><sp/><sp/><sp/><sp/>{</highlight></codeline>
<codeline lineno="280"><highlight class="normal"><sp/><sp/><sp/><sp/><sp/><sp/><sp/><sp/><sp/><sp/><sp/><sp/><sp/><sp/><sp/><sp/>error<sp/>=<sp/>ex.Message;</highlight></codeline>
<codeline lineno="281"><highlight class="normal"><sp/><sp/><sp/><sp/><sp/><sp/><sp/><sp/><sp/><sp/><sp/><sp/><sp/><sp/><sp/><sp/></highlight><highlight class="keywordflow">return</highlight><highlight class="normal"><sp/></highlight><highlight class="keyword">false</highlight><highlight class="normal">;</highlight></codeline>
<codeline lineno="282"><highlight class="normal"><sp/><sp/><sp/><sp/><sp/><sp/><sp/><sp/><sp/><sp/><sp/><sp/>}</highlight></codeline>
<codeline lineno="283"><highlight class="normal"></highlight></codeline>
<codeline lineno="284"><highlight class="normal"></highlight><highlight class="preprocessor"><sp/><sp/><sp/><sp/><sp/><sp/><sp/><sp/><sp/><sp/><sp/><sp/>#region<sp/>Execute<sp/>command</highlight><highlight class="normal"></highlight></codeline>
<codeline lineno="285"><highlight class="normal"><sp/><sp/><sp/><sp/><sp/><sp/><sp/><sp/><sp/><sp/><sp/><sp/></highlight><highlight class="comment">//<sp/>Tring<sp/>to<sp/>open<sp/>connection<sp/>to<sp/>the<sp/>server.</highlight><highlight class="normal"></highlight></codeline>
<codeline lineno="286"><highlight class="normal"><sp/><sp/><sp/><sp/><sp/><sp/><sp/><sp/><sp/><sp/><sp/><sp/></highlight><highlight class="keywordflow">if</highlight><highlight class="normal"><sp/>(!<ref refid="dc/dce/class_uniform_data_operator_1_1_sql_1_1_sql_operator_handler" kindref="compound">SqlOperatorHandler</ref>.<ref refid="dc/dce/class_uniform_data_operator_1_1_sql_1_1_sql_operator_handler_1aa96eb9fd201700acbf53954599fec534" kindref="member">Active</ref>.<ref refid="d1/dad/interface_uniform_data_operator_1_1_sql_1_1_i_sql_operator_1a6fc9e5efd1e21ae9998b9c56ae9e347c" kindref="member">OpenConnection</ref>(out<sp/>error))</highlight></codeline>
<codeline lineno="287"><highlight class="normal"><sp/><sp/><sp/><sp/><sp/><sp/><sp/><sp/><sp/><sp/><sp/><sp/>{</highlight></codeline>
<codeline lineno="288"><highlight class="normal"><sp/><sp/><sp/><sp/><sp/><sp/><sp/><sp/><sp/><sp/><sp/><sp/><sp/><sp/><sp/><sp/></highlight><highlight class="comment">//<sp/>Inform<sp/>about<sp/>fail.</highlight><highlight class="normal"></highlight></codeline>
<codeline lineno="289"><highlight class="normal"><sp/><sp/><sp/><sp/><sp/><sp/><sp/><sp/><sp/><sp/><sp/><sp/><sp/><sp/><sp/><sp/></highlight><highlight class="keywordflow">return</highlight><highlight class="normal"><sp/></highlight><highlight class="keyword">false</highlight><highlight class="normal">;</highlight></codeline>
<codeline lineno="290"><highlight class="normal"><sp/><sp/><sp/><sp/><sp/><sp/><sp/><sp/><sp/><sp/><sp/><sp/>}</highlight></codeline>
<codeline lineno="291"><highlight class="normal"></highlight></codeline>
<codeline lineno="292"><highlight class="normal"><sp/><sp/><sp/><sp/><sp/><sp/><sp/><sp/><sp/><sp/><sp/><sp/></highlight><highlight class="comment">//<sp/>Disabling<sp/>checks<sp/>if<sp/>requested.</highlight><highlight class="normal"></highlight></codeline>
<codeline lineno="293"><highlight class="normal"><sp/><sp/><sp/><sp/><sp/><sp/><sp/><sp/><sp/><sp/><sp/><sp/></highlight><highlight class="keywordflow">if</highlight><highlight class="normal"><sp/>(disableSQLChecks)</highlight></codeline>
<codeline lineno="294"><highlight class="normal"><sp/><sp/><sp/><sp/><sp/><sp/><sp/><sp/><sp/><sp/><sp/><sp/>{</highlight></codeline>
<codeline lineno="295"><highlight class="normal"><sp/><sp/><sp/><sp/><sp/><sp/><sp/><sp/><sp/><sp/><sp/><sp/><sp/><sp/><sp/><sp/>command<sp/>=<sp/><ref refid="dc/dce/class_uniform_data_operator_1_1_sql_1_1_sql_operator_handler" kindref="compound">SqlOperatorHandler</ref>.<ref refid="dc/dce/class_uniform_data_operator_1_1_sql_1_1_sql_operator_handler_1aa96eb9fd201700acbf53954599fec534" kindref="member">Active</ref>.<ref refid="d1/dad/interface_uniform_data_operator_1_1_sql_1_1_i_sql_operator_1a12d464e0532a3e194b1221eee0c32d34" kindref="member">DisableSqlChecks</ref>(command);</highlight></codeline>
<codeline lineno="296"><highlight class="normal"><sp/><sp/><sp/><sp/><sp/><sp/><sp/><sp/><sp/><sp/><sp/><sp/>}</highlight></codeline>
<codeline lineno="297"><highlight class="normal"></highlight></codeline>
<codeline lineno="298"><highlight class="normal"><sp/><sp/><sp/><sp/><sp/><sp/><sp/><sp/><sp/><sp/><sp/><sp/></highlight><highlight class="comment">//<sp/>Execute<sp/>command</highlight><highlight class="normal"></highlight></codeline>
<codeline lineno="299"><highlight class="normal"><sp/><sp/><sp/><sp/><sp/><sp/><sp/><sp/><sp/><sp/><sp/><sp/><ref refid="dc/dce/class_uniform_data_operator_1_1_sql_1_1_sql_operator_handler" kindref="compound">SqlOperatorHandler</ref>.<ref refid="dc/dce/class_uniform_data_operator_1_1_sql_1_1_sql_operator_handler_1aa96eb9fd201700acbf53954599fec534" kindref="member">Active</ref>.<ref refid="d1/dad/interface_uniform_data_operator_1_1_sql_1_1_i_sql_operator_1afc0fd8b8c82515c498a6959453f331f1" kindref="member">NewCommand</ref>(command)?.ExecuteNonQuery();</highlight></codeline>
<codeline lineno="300"><highlight class="normal"></highlight></codeline>
<codeline lineno="301"><highlight class="normal"><sp/><sp/><sp/><sp/><sp/><sp/><sp/><sp/><sp/><sp/><sp/><sp/></highlight><highlight class="comment">//<sp/>Close<sp/>connection<sp/>after<sp/>finish.</highlight><highlight class="normal"></highlight></codeline>
<codeline lineno="302"><highlight class="normal"><sp/><sp/><sp/><sp/><sp/><sp/><sp/><sp/><sp/><sp/><sp/><sp/><ref refid="dc/dce/class_uniform_data_operator_1_1_sql_1_1_sql_operator_handler" kindref="compound">SqlOperatorHandler</ref>.<ref refid="dc/dce/class_uniform_data_operator_1_1_sql_1_1_sql_operator_handler_1aa96eb9fd201700acbf53954599fec534" kindref="member">Active</ref>.<ref refid="d1/dad/interface_uniform_data_operator_1_1_sql_1_1_i_sql_operator_1a1a6429996e1bbb452f4e034fd634e640" kindref="member">CloseConnection</ref>();</highlight></codeline>
<codeline lineno="303"><highlight class="normal"></highlight></codeline>
<codeline lineno="304"><highlight class="normal"><sp/><sp/><sp/><sp/><sp/><sp/><sp/><sp/><sp/><sp/><sp/><sp/></highlight><highlight class="comment">//<sp/>Confirm<sp/>success.</highlight><highlight class="normal"></highlight></codeline>
<codeline lineno="305"><highlight class="normal"><sp/><sp/><sp/><sp/><sp/><sp/><sp/><sp/><sp/><sp/><sp/><sp/></highlight><highlight class="keywordflow">return</highlight><highlight class="normal"><sp/></highlight><highlight class="keyword">true</highlight><highlight class="normal">;</highlight></codeline>
<codeline lineno="306"><highlight class="normal"></highlight><highlight class="preprocessor"><sp/><sp/><sp/><sp/><sp/><sp/><sp/><sp/><sp/><sp/><sp/><sp/>#endregion</highlight><highlight class="normal"></highlight></codeline>
<codeline lineno="307"><highlight class="normal"><sp/><sp/><sp/><sp/><sp/><sp/><sp/><sp/>}</highlight></codeline>
<codeline lineno="308"><highlight class="normal"></highlight></codeline>
<codeline lineno="315"><highlight class="normal"><sp/><sp/><sp/><sp/><sp/><sp/><sp/><sp/></highlight><highlight class="keyword">public</highlight><highlight class="normal"><sp/></highlight><highlight class="keyword">static</highlight><highlight class="normal"><sp/>List&lt;MemberInfo&gt;FindMembersByColumns(IEnumerable&lt;MemberInfo&gt;<sp/>members,<sp/>params<sp/></highlight><highlight class="keywordtype">string</highlight><highlight class="normal">[]<sp/>columnTitles)</highlight></codeline>
<codeline lineno="316"><highlight class="normal"><sp/><sp/><sp/><sp/><sp/><sp/><sp/><sp/>{</highlight></codeline>
<codeline lineno="317"><highlight class="normal"><sp/><sp/><sp/><sp/><sp/><sp/><sp/><sp/><sp/><sp/><sp/><sp/></highlight><highlight class="comment">//<sp/>List<sp/>that<sp/>would<sp/>contains<sp/>all<sp/>member<sp/>that<sp/>has<sp/>the<sp/>column<sp/>title<sp/>requested<sp/>in<sp/>columnTitles<sp/>array.</highlight><highlight class="normal"></highlight></codeline>
<codeline lineno="318"><highlight class="normal"><sp/><sp/><sp/><sp/><sp/><sp/><sp/><sp/><sp/><sp/><sp/><sp/>List&lt;MemberInfo&gt;<sp/>result<sp/>=<sp/></highlight><highlight class="keyword">new</highlight><highlight class="normal"><sp/>List&lt;MemberInfo&gt;();</highlight></codeline>
<codeline lineno="319"><highlight class="normal"></highlight></codeline>
<codeline lineno="320"><highlight class="normal"><sp/><sp/><sp/><sp/><sp/><sp/><sp/><sp/><sp/><sp/><sp/><sp/></highlight><highlight class="comment">//<sp/>Convert<sp/>to<sp/>list<sp/>to<sp/>allow<sp/>fast<sp/>removing.</highlight><highlight class="normal"></highlight></codeline>
<codeline lineno="321"><highlight class="normal"><sp/><sp/><sp/><sp/><sp/><sp/><sp/><sp/><sp/><sp/><sp/><sp/>List&lt;string&gt;<sp/>ctl<sp/>=<sp/>columnTitles.ToList();</highlight></codeline>
<codeline lineno="322"><highlight class="normal"></highlight></codeline>
<codeline lineno="323"><highlight class="normal"><sp/><sp/><sp/><sp/><sp/><sp/><sp/><sp/><sp/><sp/><sp/><sp/></highlight><highlight class="comment">//<sp/>Check<sp/>every<sp/>provided<sp/>member<sp/>for<sp/>existing<sp/>in<sp/>requesteed<sp/>list.</highlight><highlight class="normal"></highlight></codeline>
<codeline lineno="324"><highlight class="normal"><sp/><sp/><sp/><sp/><sp/><sp/><sp/><sp/><sp/><sp/><sp/><sp/></highlight><highlight class="keywordflow">foreach</highlight><highlight class="normal">(MemberInfo<sp/>mi<sp/></highlight><highlight class="keywordflow">in</highlight><highlight class="normal"><sp/>members)</highlight></codeline>
<codeline lineno="325"><highlight class="normal"><sp/><sp/><sp/><sp/><sp/><sp/><sp/><sp/><sp/><sp/><sp/><sp/>{</highlight></codeline>
<codeline lineno="326"><highlight class="normal"><sp/><sp/><sp/><sp/><sp/><sp/><sp/><sp/><sp/><sp/><sp/><sp/><sp/><sp/><sp/><sp/></highlight><highlight class="comment">//<sp/>Getting<sp/>column<sp/>descriptor.</highlight><highlight class="normal"></highlight></codeline>
<codeline lineno="327"><highlight class="normal"><sp/><sp/><sp/><sp/><sp/><sp/><sp/><sp/><sp/><sp/><sp/><sp/><sp/><sp/><sp/><sp/></highlight><highlight class="keywordflow">if</highlight><highlight class="normal">(mi.GetCustomAttribute&lt;<ref refid="d0/d68/class_uniform_data_operator_1_1_sql_1_1_markup_1_1_column_attribute" kindref="compound">ColumnAttribute</ref>&gt;()<sp/>is<sp/><ref refid="d0/d68/class_uniform_data_operator_1_1_sql_1_1_markup_1_1_column_attribute" kindref="compound">ColumnAttribute</ref><sp/>column)</highlight></codeline>
<codeline lineno="328"><highlight class="normal"><sp/><sp/><sp/><sp/><sp/><sp/><sp/><sp/><sp/><sp/><sp/><sp/><sp/><sp/><sp/><sp/>{</highlight></codeline>
<codeline lineno="329"><highlight class="normal"><sp/><sp/><sp/><sp/><sp/><sp/><sp/><sp/><sp/><sp/><sp/><sp/><sp/><sp/><sp/><sp/><sp/><sp/><sp/><sp/></highlight><highlight class="comment">//<sp/>Checl<sp/>every<sp/>request.</highlight><highlight class="normal"></highlight></codeline>
<codeline lineno="330"><highlight class="normal"><sp/><sp/><sp/><sp/><sp/><sp/><sp/><sp/><sp/><sp/><sp/><sp/><sp/><sp/><sp/><sp/><sp/><sp/><sp/><sp/></highlight><highlight class="keywordflow">for</highlight><highlight class="normal">(</highlight><highlight class="keywordtype">int</highlight><highlight class="normal"><sp/>i<sp/>=<sp/>0;<sp/>i<sp/>&lt;<sp/>ctl.Count;<sp/>i++)</highlight></codeline>
<codeline lineno="331"><highlight class="normal"><sp/><sp/><sp/><sp/><sp/><sp/><sp/><sp/><sp/><sp/><sp/><sp/><sp/><sp/><sp/><sp/><sp/><sp/><sp/><sp/>{</highlight></codeline>
<codeline lineno="332"><highlight class="normal"><sp/><sp/><sp/><sp/><sp/><sp/><sp/><sp/><sp/><sp/><sp/><sp/><sp/><sp/><sp/><sp/><sp/><sp/><sp/><sp/><sp/><sp/><sp/><sp/></highlight><highlight class="comment">//<sp/>Check<sp/>if<sp/>member<sp/>included<sp/>to<sp/>request<sp/>list.</highlight><highlight class="normal"></highlight></codeline>
<codeline lineno="333"><highlight class="normal"><sp/><sp/><sp/><sp/><sp/><sp/><sp/><sp/><sp/><sp/><sp/><sp/><sp/><sp/><sp/><sp/><sp/><sp/><sp/><sp/><sp/><sp/><sp/><sp/></highlight><highlight class="keywordflow">if</highlight><highlight class="normal">(column.title<sp/>==<sp/>ctl[i])</highlight></codeline>
<codeline lineno="334"><highlight class="normal"><sp/><sp/><sp/><sp/><sp/><sp/><sp/><sp/><sp/><sp/><sp/><sp/><sp/><sp/><sp/><sp/><sp/><sp/><sp/><sp/><sp/><sp/><sp/><sp/>{</highlight></codeline>
<codeline lineno="335"><highlight class="normal"><sp/><sp/><sp/><sp/><sp/><sp/><sp/><sp/><sp/><sp/><sp/><sp/><sp/><sp/><sp/><sp/><sp/><sp/><sp/><sp/><sp/><sp/><sp/><sp/><sp/><sp/><sp/><sp/>result.Add(mi);<sp/><sp/><sp/><sp/><sp/></highlight><highlight class="comment">//<sp/>Add<sp/>member<sp/>to<sp/>output<sp/>list.</highlight><highlight class="normal"></highlight></codeline>
<codeline lineno="336"><highlight class="normal"><sp/><sp/><sp/><sp/><sp/><sp/><sp/><sp/><sp/><sp/><sp/><sp/><sp/><sp/><sp/><sp/><sp/><sp/><sp/><sp/><sp/><sp/><sp/><sp/><sp/><sp/><sp/><sp/>ctl.RemoveAt(i);<sp/><sp/><sp/><sp/></highlight><highlight class="comment">//<sp/>Remove<sp/>found<sp/>element.</highlight><highlight class="normal"></highlight></codeline>
<codeline lineno="337"><highlight class="normal"><sp/><sp/><sp/><sp/><sp/><sp/><sp/><sp/><sp/><sp/><sp/><sp/><sp/><sp/><sp/><sp/><sp/><sp/><sp/><sp/><sp/><sp/><sp/><sp/><sp/><sp/><sp/><sp/></highlight><highlight class="keywordflow">break</highlight><highlight class="normal">;<sp/><sp/><sp/><sp/><sp/><sp/><sp/><sp/><sp/><sp/><sp/><sp/><sp/><sp/></highlight><highlight class="comment">//<sp/>Drop<sp/>serching.</highlight><highlight class="normal"></highlight></codeline>
<codeline lineno="338"><highlight class="normal"><sp/><sp/><sp/><sp/><sp/><sp/><sp/><sp/><sp/><sp/><sp/><sp/><sp/><sp/><sp/><sp/><sp/><sp/><sp/><sp/><sp/><sp/><sp/><sp/>}</highlight></codeline>
<codeline lineno="339"><highlight class="normal"><sp/><sp/><sp/><sp/><sp/><sp/><sp/><sp/><sp/><sp/><sp/><sp/><sp/><sp/><sp/><sp/><sp/><sp/><sp/><sp/>}</highlight></codeline>
<codeline lineno="340"><highlight class="normal"><sp/><sp/><sp/><sp/><sp/><sp/><sp/><sp/><sp/><sp/><sp/><sp/><sp/><sp/><sp/><sp/>}</highlight></codeline>
<codeline lineno="341"><highlight class="normal"><sp/><sp/><sp/><sp/><sp/><sp/><sp/><sp/><sp/><sp/><sp/><sp/>}</highlight></codeline>
<codeline lineno="342"><highlight class="normal"></highlight></codeline>
<codeline lineno="343"><highlight class="normal"><sp/><sp/><sp/><sp/><sp/><sp/><sp/><sp/><sp/><sp/><sp/><sp/></highlight><highlight class="keywordflow">return</highlight><highlight class="normal"><sp/>result;</highlight></codeline>
<codeline lineno="344"><highlight class="normal"><sp/><sp/><sp/><sp/><sp/><sp/><sp/><sp/>}</highlight></codeline>
<codeline lineno="345"><highlight class="normal"></highlight></codeline>
<codeline lineno="353"><highlight class="normal"><sp/><sp/><sp/><sp/><sp/><sp/><sp/><sp/></highlight><highlight class="keyword">public</highlight><highlight class="normal"><sp/></highlight><highlight class="keyword">static</highlight><highlight class="normal"><sp/></highlight><highlight class="keywordtype">bool</highlight><highlight class="normal"><sp/>TryToGetTableAttribute(Type<sp/>tableType,<sp/>out<sp/><ref refid="d3/d61/class_uniform_data_operator_1_1_sql_1_1_markup_1_1_table_attribute" kindref="compound">TableAttribute</ref><sp/>tableDescriptor,<sp/>out<sp/></highlight><highlight class="keywordtype">string</highlight><highlight class="normal"><sp/>error)</highlight></codeline>
<codeline lineno="354"><highlight class="normal"><sp/><sp/><sp/><sp/><sp/><sp/><sp/><sp/>{</highlight></codeline>
<codeline lineno="355"><highlight class="normal"><sp/><sp/><sp/><sp/><sp/><sp/><sp/><sp/><sp/><sp/><sp/><sp/></highlight><highlight class="comment">//<sp/>Drop<sp/>if<sp/>not<sp/>table<sp/>descriptor.</highlight><highlight class="normal"></highlight></codeline>
<codeline lineno="356"><highlight class="normal"><sp/><sp/><sp/><sp/><sp/><sp/><sp/><sp/><sp/><sp/><sp/><sp/></highlight><highlight class="keywordflow">if</highlight><highlight class="normal"><sp/>(!<ref refid="d5/d10/class_uniform_data_operator_1_1_assemblies_management_1_1_members_handler" kindref="compound">MembersHandler</ref>.TryToGetAttribute&lt;<ref refid="d3/d61/class_uniform_data_operator_1_1_sql_1_1_markup_1_1_table_attribute" kindref="compound">TableAttribute</ref>&gt;(tableType,<sp/>out<sp/>tableDescriptor))</highlight></codeline>
<codeline lineno="357"><highlight class="normal"><sp/><sp/><sp/><sp/><sp/><sp/><sp/><sp/><sp/><sp/><sp/><sp/>{</highlight></codeline>
<codeline lineno="358"><highlight class="normal"><sp/><sp/><sp/><sp/><sp/><sp/><sp/><sp/><sp/><sp/><sp/><sp/><sp/><sp/><sp/><sp/>error<sp/>=<sp/></highlight><highlight class="stringliteral">&quot;Not<sp/>defined<sp/>Table<sp/>attribute<sp/>for<sp/>target<sp/>type.&quot;</highlight><highlight class="normal">;</highlight></codeline>
<codeline lineno="359"><highlight class="normal"><sp/><sp/><sp/><sp/><sp/><sp/><sp/><sp/><sp/><sp/><sp/><sp/><sp/><sp/><sp/><sp/>tableDescriptor<sp/>=<sp/>null;</highlight></codeline>
<codeline lineno="360"><highlight class="normal"><sp/><sp/><sp/><sp/><sp/><sp/><sp/><sp/><sp/><sp/><sp/><sp/><sp/><sp/><sp/><sp/></highlight><highlight class="keywordflow">return</highlight><highlight class="normal"><sp/></highlight><highlight class="keyword">false</highlight><highlight class="normal">;</highlight></codeline>
<codeline lineno="361"><highlight class="normal"><sp/><sp/><sp/><sp/><sp/><sp/><sp/><sp/><sp/><sp/><sp/><sp/>}</highlight></codeline>
<codeline lineno="362"><highlight class="normal"></highlight></codeline>
<codeline lineno="363"><highlight class="normal"><sp/><sp/><sp/><sp/><sp/><sp/><sp/><sp/><sp/><sp/><sp/><sp/></highlight><highlight class="comment">//<sp/>Try<sp/>to<sp/>find<sp/>overriding<sp/>attribute<sp/>for<sp/>table<sp/>descriptor.</highlight><highlight class="normal"></highlight></codeline>
<codeline lineno="364"><highlight class="normal"><sp/><sp/><sp/><sp/><sp/><sp/><sp/><sp/><sp/><sp/><sp/><sp/></highlight><highlight class="keywordflow">if</highlight><highlight class="normal"><sp/>(Modifiers.DBPathOverrideAttribute.TryToGetValidOverride&lt;<ref refid="d3/d61/class_uniform_data_operator_1_1_sql_1_1_markup_1_1_table_attribute" kindref="compound">TableAttribute</ref>&gt;(</highlight></codeline>
<codeline lineno="365"><highlight class="normal"><sp/><sp/><sp/><sp/><sp/><sp/><sp/><sp/><sp/><sp/><sp/><sp/><sp/><sp/><sp/><sp/>tableType,</highlight></codeline>
<codeline lineno="366"><highlight class="normal"><sp/><sp/><sp/><sp/><sp/><sp/><sp/><sp/><sp/><sp/><sp/><sp/><sp/><sp/><sp/><sp/>out<sp/>Modifiers.DBPathOverrideAttribute<sp/>tableOverrider))</highlight></codeline>
<codeline lineno="367"><highlight class="normal"><sp/><sp/><sp/><sp/><sp/><sp/><sp/><sp/><sp/><sp/><sp/><sp/>{</highlight></codeline>
<codeline lineno="368"><highlight class="normal"><sp/><sp/><sp/><sp/><sp/><sp/><sp/><sp/><sp/><sp/><sp/><sp/><sp/><sp/><sp/><sp/>tableDescriptor.schema<sp/>=<sp/>tableOverrider.schema<sp/>??<sp/>tableDescriptor.schema;</highlight></codeline>
<codeline lineno="369"><highlight class="normal"><sp/><sp/><sp/><sp/><sp/><sp/><sp/><sp/><sp/><sp/><sp/><sp/><sp/><sp/><sp/><sp/>tableDescriptor.table<sp/>=<sp/>tableOverrider.table<sp/>??<sp/>tableDescriptor.table;</highlight></codeline>
<codeline lineno="370"><highlight class="normal"><sp/><sp/><sp/><sp/><sp/><sp/><sp/><sp/><sp/><sp/><sp/><sp/>}</highlight></codeline>
<codeline lineno="371"><highlight class="normal"></highlight></codeline>
<codeline lineno="372"><highlight class="normal"><sp/><sp/><sp/><sp/><sp/><sp/><sp/><sp/><sp/><sp/><sp/><sp/>error<sp/>=<sp/>null;</highlight></codeline>
<codeline lineno="373"><highlight class="normal"><sp/><sp/><sp/><sp/><sp/><sp/><sp/><sp/><sp/><sp/><sp/><sp/></highlight><highlight class="keywordflow">return</highlight><highlight class="normal"><sp/></highlight><highlight class="keyword">true</highlight><highlight class="normal">;</highlight></codeline>
<codeline lineno="374"><highlight class="normal"><sp/><sp/><sp/><sp/><sp/><sp/><sp/><sp/>}</highlight></codeline>
<codeline lineno="375"><highlight class="normal"><sp/><sp/><sp/><sp/>}</highlight></codeline>
<codeline lineno="376"><highlight class="normal">}</highlight></codeline>
    </programlisting>
    <location file="D:/Work/GitHub/uniform-data-operator/SQL/Markup/TableAttribute.cs"/>
  </compounddef>
</doxygen>
