<?xml version='1.0' encoding='UTF-8' standalone='no'?>
<doxygen xmlns:xsi="http://www.w3.org/2001/XMLSchema-instance" xsi:noNamespaceSchemaLocation="compound.xsd" version="1.8.14">
  <compounddef id="dd/d11/namespace_uniform_data_operator_1_1_sql_1_1_markup_1_1_modifiers" kind="namespace" language="C#">
    <compoundname>UniformDataOperator::Sql::Markup::Modifiers</compoundname>
    <innerclass refid="d0/d9c/class_uniform_data_operator_1_1_sql_1_1_markup_1_1_modifiers_1_1_d_b_path_override_attribute" prot="public">UniformDataOperator::Sql::Markup::Modifiers::DBPathOverrideAttribute</innerclass>
    <innerclass refid="db/d05/class_uniform_data_operator_1_1_sql_1_1_markup_1_1_modifiers_1_1_set_query_ignore_attribute" prot="public">UniformDataOperator::Sql::Markup::Modifiers::SetQueryIgnoreAttribute</innerclass>
    <briefdescription>
    </briefdescription>
    <detaileddescription>
    </detaileddescription>
    <location file="D:/Work/GitHub/uniform-data-operator/SQL/Markup/Modifiers/DBPathOverrideAttribute.cs" line="23" column="1"/>
  </compounddef>
</doxygen>
