<?xml version='1.0' encoding='UTF-8' standalone='no'?>
<doxygen xmlns:xsi="http://www.w3.org/2001/XMLSchema-instance" xsi:noNamespaceSchemaLocation="compound.xsd" version="1.8.14">
  <compounddef id="d8/d6c/class_uniform_data_operator_1_1_assemblies_management_1_1_modifiers_1_1_type_replacer" kind="class" language="C#" prot="public">
    <compoundname>UniformDataOperator::AssembliesManagement::Modifiers::TypeReplacer</compoundname>
    <basecompoundref prot="public" virt="non-virtual">Attribute</basecompoundref>
    <innerclass refid="dd/d32/class_uniform_data_operator_1_1_assemblies_management_1_1_modifiers_1_1_type_replacer_1_1_replacing_meta" prot="protected">UniformDataOperator::AssembliesManagement::Modifiers::TypeReplacer::ReplacingMeta</innerclass>
      <sectiondef kind="public-attrib">
      <memberdef kind="variable" id="d8/d6c/class_uniform_data_operator_1_1_assemblies_management_1_1_modifiers_1_1_type_replacer_1a92c79d556f9906ecfae49fd97816aa1e" prot="public" static="no" mutable="no">
        <type>Type</type>
        <definition>Type UniformDataOperator.AssembliesManagement.Modifiers.TypeReplacer.replacingType</definition>
        <argsstring></argsstring>
        <name>replacingType</name>
        <initializer>= null</initializer>
        <briefdescription>
<para>Type that will be added to exlusion table and replaced by using type. </para>        </briefdescription>
        <detaileddescription>
        </detaileddescription>
        <inbodydescription>
        </inbodydescription>
        <location file="D:/Work/GitHub/uniform-data-operator/AssembliesManagement/Modifiers/TypeReplacer.cs" line="29" column="1" bodyfile="D:/Work/GitHub/uniform-data-operator/AssembliesManagement/Modifiers/TypeReplacer.cs" bodystart="29" bodyend="-1"/>
      </memberdef>
      <memberdef kind="variable" id="d8/d6c/class_uniform_data_operator_1_1_assemblies_management_1_1_modifiers_1_1_type_replacer_1a9ff1766eb3660514a89255bf15c16742" prot="public" static="no" mutable="no">
        <type>Type</type>
        <definition>Type UniformDataOperator.AssembliesManagement.Modifiers.TypeReplacer.usingType</definition>
        <argsstring></argsstring>
        <name>usingType</name>
        <initializer>= null</initializer>
        <briefdescription>
<para>Type that will be used by everyone who ask exlusion table about. </para>        </briefdescription>
        <detaileddescription>
        </detaileddescription>
        <inbodydescription>
        </inbodydescription>
        <location file="D:/Work/GitHub/uniform-data-operator/AssembliesManagement/Modifiers/TypeReplacer.cs" line="34" column="1" bodyfile="D:/Work/GitHub/uniform-data-operator/AssembliesManagement/Modifiers/TypeReplacer.cs" bodystart="34" bodyend="-1"/>
      </memberdef>
      <memberdef kind="variable" id="d8/d6c/class_uniform_data_operator_1_1_assemblies_management_1_1_modifiers_1_1_type_replacer_1a677ea9d2870e47626a39bf6e64015f18" prot="public" static="no" mutable="no">
        <type>int</type>
        <definition>int UniformDataOperator.AssembliesManagement.Modifiers.TypeReplacer.overridingPriority</definition>
        <argsstring></argsstring>
        <name>overridingPriority</name>
        <initializer>= 0</initializer>
        <briefdescription>
<para>Allow to use some modifiers. Excluding table will contains only one with hiest priority. </para>        </briefdescription>
        <detaileddescription>
        </detaileddescription>
        <inbodydescription>
        </inbodydescription>
        <location file="D:/Work/GitHub/uniform-data-operator/AssembliesManagement/Modifiers/TypeReplacer.cs" line="39" column="1" bodyfile="D:/Work/GitHub/uniform-data-operator/AssembliesManagement/Modifiers/TypeReplacer.cs" bodystart="39" bodyend="-1"/>
      </memberdef>
      </sectiondef>
      <sectiondef kind="protected-static-attrib">
      <memberdef kind="variable" id="d8/d6c/class_uniform_data_operator_1_1_assemblies_management_1_1_modifiers_1_1_type_replacer_1a693a4f48eeaa0a95f46dcd06be46bc74" prot="protected" static="yes" mutable="no">
        <type>readonly Hashtable</type>
        <definition>readonly Hashtable UniformDataOperator.AssembliesManagement.Modifiers.TypeReplacer.ExludingTable</definition>
        <argsstring></argsstring>
        <name>ExludingTable</name>
        <initializer>= new Hashtable()</initializer>
        <briefdescription>
<para>Table that will contains redefinig instruction for types. </para>        </briefdescription>
        <detaileddescription>
        </detaileddescription>
        <inbodydescription>
        </inbodydescription>
        <location file="D:/Work/GitHub/uniform-data-operator/AssembliesManagement/Modifiers/TypeReplacer.cs" line="64" column="1" bodyfile="D:/Work/GitHub/uniform-data-operator/AssembliesManagement/Modifiers/TypeReplacer.cs" bodystart="64" bodyend="-1"/>
      </memberdef>
      </sectiondef>
      <sectiondef kind="public-func">
      <memberdef kind="function" id="d8/d6c/class_uniform_data_operator_1_1_assemblies_management_1_1_modifiers_1_1_type_replacer_1a467c5c1990d36d4b4d5a7847fd794a2f" prot="public" static="no" const="no" explicit="no" inline="yes" virt="non-virtual">
        <type></type>
        <definition>UniformDataOperator.AssembliesManagement.Modifiers.TypeReplacer.TypeReplacer</definition>
        <argsstring>()</argsstring>
        <name>TypeReplacer</name>
        <briefdescription>
<para>Basse constructor. </para>        </briefdescription>
        <detaileddescription>
        </detaileddescription>
        <inbodydescription>
        </inbodydescription>
        <location file="D:/Work/GitHub/uniform-data-operator/AssembliesManagement/Modifiers/TypeReplacer.cs" line="44" column="1" bodyfile="D:/Work/GitHub/uniform-data-operator/AssembliesManagement/Modifiers/TypeReplacer.cs" bodystart="44" bodyend="44"/>
      </memberdef>
      <memberdef kind="function" id="d8/d6c/class_uniform_data_operator_1_1_assemblies_management_1_1_modifiers_1_1_type_replacer_1a53ed7a62064129d34748e8cde818e191" prot="public" static="no" const="no" explicit="no" inline="yes" virt="non-virtual">
        <type></type>
        <definition>UniformDataOperator.AssembliesManagement.Modifiers.TypeReplacer.TypeReplacer</definition>
        <argsstring>(Type replacingType, Type usingType, int overridingPriority)</argsstring>
        <name>TypeReplacer</name>
        <param>
          <type>Type</type>
          <declname>replacingType</declname>
        </param>
        <param>
          <type>Type</type>
          <declname>usingType</declname>
        </param>
        <param>
          <type>int</type>
          <declname>overridingPriority</declname>
        </param>
        <briefdescription>
<para>Constructor that all to initialise attribute&apos;s data via reflected constructor. </para>        </briefdescription>
        <detaileddescription>
<para><parameterlist kind="param"><parameteritem>
<parameternamelist>
<parametername>replacingType</parametername>
</parameternamelist>
<parameterdescription>
<para>Type that will be added to exlusion table and replaced by using type.</para></parameterdescription>
</parameteritem>
<parameteritem>
<parameternamelist>
<parametername>usingType</parametername>
</parameternamelist>
<parameterdescription>
<para>Type that will be used by everyone who ask exlusion table about.</para></parameterdescription>
</parameteritem>
<parameteritem>
<parameternamelist>
<parametername>overridingPriority</parametername>
</parameternamelist>
<parameterdescription>
<para>Allow to use some modifiers. Excluding table will contains only one with hiest priority.</para></parameterdescription>
</parameteritem>
</parameterlist>
</para>        </detaileddescription>
        <inbodydescription>
        </inbodydescription>
        <location file="D:/Work/GitHub/uniform-data-operator/AssembliesManagement/Modifiers/TypeReplacer.cs" line="52" column="1" bodyfile="D:/Work/GitHub/uniform-data-operator/AssembliesManagement/Modifiers/TypeReplacer.cs" bodystart="52" bodyend="57"/>
      </memberdef>
      </sectiondef>
      <sectiondef kind="public-static-func">
      <memberdef kind="function" id="d8/d6c/class_uniform_data_operator_1_1_assemblies_management_1_1_modifiers_1_1_type_replacer_1ab16c97c7cb86db03b862a0fdd5889819" prot="public" static="yes" const="no" explicit="no" inline="yes" virt="non-virtual">
        <type>Type</type>
        <definition>static Type UniformDataOperator.AssembliesManagement.Modifiers.TypeReplacer.GetValidType</definition>
        <argsstring>(Type baseType)</argsstring>
        <name>GetValidType</name>
        <param>
          <type>Type</type>
          <declname>baseType</declname>
        </param>
        <briefdescription>
<para>Returns type that must be eused instead of base type. </para>        </briefdescription>
        <detaileddescription>
<para><parameterlist kind="param"><parameteritem>
<parameternamelist>
<parametername>baseType</parametername>
</parameternamelist>
<parameterdescription>
<para>Type that will be checked into excluding table.</para></parameterdescription>
</parameteritem>
</parameterlist>
<simplesect kind="return"><para>Forwarder type defined into exluding table, or self in case in type not replaced.</para></simplesect>
</para>        </detaileddescription>
        <inbodydescription>
        </inbodydescription>
        <location file="D:/Work/GitHub/uniform-data-operator/AssembliesManagement/Modifiers/TypeReplacer.cs" line="88" column="1" bodyfile="D:/Work/GitHub/uniform-data-operator/AssembliesManagement/Modifiers/TypeReplacer.cs" bodystart="88" bodyend="97"/>
      </memberdef>
      <memberdef kind="function" id="d8/d6c/class_uniform_data_operator_1_1_assemblies_management_1_1_modifiers_1_1_type_replacer_1a51670e843f80ee62f24afa784d5424dc" prot="public" static="yes" const="no" explicit="no" inline="yes" virt="non-virtual">
        <type>void</type>
        <definition>static void UniformDataOperator.AssembliesManagement.Modifiers.TypeReplacer.OperateType</definition>
        <argsstring>(Type type)</argsstring>
        <name>OperateType</name>
        <param>
          <type>Type</type>
          <declname>type</declname>
        </param>
        <briefdescription>
<para>Operating type to define if it must be registred in internal systems. </para>        </briefdescription>
        <detaileddescription>
<para><parameterlist kind="param"><parameteritem>
<parameternamelist>
<parametername>type</parametername>
</parameternamelist>
<parameterdescription>
<para>Type that could contain defined <computeroutput>TypeReplacing</computeroutput> attribute.</para></parameterdescription>
</parameteritem>
</parameterlist>
</para>        </detaileddescription>
        <inbodydescription>
        </inbodydescription>
        <location file="D:/Work/GitHub/uniform-data-operator/AssembliesManagement/Modifiers/TypeReplacer.cs" line="103" column="1" bodyfile="D:/Work/GitHub/uniform-data-operator/AssembliesManagement/Modifiers/TypeReplacer.cs" bodystart="103" bodyend="140"/>
      </memberdef>
      <memberdef kind="function" id="d8/d6c/class_uniform_data_operator_1_1_assemblies_management_1_1_modifiers_1_1_type_replacer_1a748273934b293a1473b5c6c061990de8" prot="public" static="yes" const="no" explicit="no" inline="yes" virt="non-virtual">
        <type>bool</type>
        <definition>static bool UniformDataOperator.AssembliesManagement.Modifiers.TypeReplacer.IsReplaced</definition>
        <argsstring>(Type type)</argsstring>
        <name>IsReplaced</name>
        <param>
          <type>Type</type>
          <declname>type</declname>
        </param>
        <briefdescription>
<para>Checking does that type was replaced. </para>        </briefdescription>
        <detaileddescription>
<para><parameterlist kind="param"><parameteritem>
<parameternamelist>
<parametername>type</parametername>
</parameternamelist>
<parameterdescription>
<para>Type that will chached into exluding table.</para></parameterdescription>
</parameteritem>
</parameterlist>
<simplesect kind="return"><para>Result of check. True if type was replaced.</para></simplesect>
</para>        </detaileddescription>
        <inbodydescription>
        </inbodydescription>
        <location file="D:/Work/GitHub/uniform-data-operator/AssembliesManagement/Modifiers/TypeReplacer.cs" line="147" column="1" bodyfile="D:/Work/GitHub/uniform-data-operator/AssembliesManagement/Modifiers/TypeReplacer.cs" bodystart="147" bodyend="158"/>
      </memberdef>
      <memberdef kind="function" id="d8/d6c/class_uniform_data_operator_1_1_assemblies_management_1_1_modifiers_1_1_type_replacer_1a3fc9dceab9bd6da387ce1be9213aaa9e" prot="public" static="yes" const="no" explicit="no" inline="yes" virt="non-virtual">
        <type>void</type>
        <definition>static void UniformDataOperator.AssembliesManagement.Modifiers.TypeReplacer.RescanAssemblies</definition>
        <argsstring>()</argsstring>
        <name>RescanAssemblies</name>
        <briefdescription>
<para>Scaning assemblies in current app domaint to find out all types with defined replacing attribute. </para>        </briefdescription>
        <detaileddescription>
        </detaileddescription>
        <inbodydescription>
        </inbodydescription>
        <location file="D:/Work/GitHub/uniform-data-operator/AssembliesManagement/Modifiers/TypeReplacer.cs" line="163" column="1" bodyfile="D:/Work/GitHub/uniform-data-operator/AssembliesManagement/Modifiers/TypeReplacer.cs" bodystart="163" bodyend="182"/>
      </memberdef>
      </sectiondef>
    <briefdescription>
<para>Defining of that attribute automaticly add type to </para>    </briefdescription>
    <detaileddescription>
    </detaileddescription>
    <inheritancegraph>
      <node id="93">
        <label>Attribute</label>
      </node>
      <node id="92">
        <label>UniformDataOperator.AssembliesManagement.Modifiers.TypeReplacer</label>
        <link refid="d8/d6c/class_uniform_data_operator_1_1_assemblies_management_1_1_modifiers_1_1_type_replacer"/>
        <childnode refid="93" relation="public-inheritance">
        </childnode>
      </node>
    </inheritancegraph>
    <collaborationgraph>
      <node id="95">
        <label>Attribute</label>
      </node>
      <node id="94">
        <label>UniformDataOperator.AssembliesManagement.Modifiers.TypeReplacer</label>
        <link refid="d8/d6c/class_uniform_data_operator_1_1_assemblies_management_1_1_modifiers_1_1_type_replacer"/>
        <childnode refid="95" relation="public-inheritance">
        </childnode>
      </node>
    </collaborationgraph>
    <location file="D:/Work/GitHub/uniform-data-operator/AssembliesManagement/Modifiers/TypeReplacer.cs" line="24" column="1" bodyfile="D:/Work/GitHub/uniform-data-operator/AssembliesManagement/Modifiers/TypeReplacer.cs" bodystart="23" bodyend="184"/>
    <listofallmembers>
      <member refid="d8/d6c/class_uniform_data_operator_1_1_assemblies_management_1_1_modifiers_1_1_type_replacer_1a693a4f48eeaa0a95f46dcd06be46bc74" prot="protected" virt="non-virtual"><scope>UniformDataOperator::AssembliesManagement::Modifiers::TypeReplacer</scope><name>ExludingTable</name></member>
      <member refid="d8/d6c/class_uniform_data_operator_1_1_assemblies_management_1_1_modifiers_1_1_type_replacer_1ab16c97c7cb86db03b862a0fdd5889819" prot="public" virt="non-virtual"><scope>UniformDataOperator::AssembliesManagement::Modifiers::TypeReplacer</scope><name>GetValidType</name></member>
      <member refid="d8/d6c/class_uniform_data_operator_1_1_assemblies_management_1_1_modifiers_1_1_type_replacer_1a748273934b293a1473b5c6c061990de8" prot="public" virt="non-virtual"><scope>UniformDataOperator::AssembliesManagement::Modifiers::TypeReplacer</scope><name>IsReplaced</name></member>
      <member refid="d8/d6c/class_uniform_data_operator_1_1_assemblies_management_1_1_modifiers_1_1_type_replacer_1a51670e843f80ee62f24afa784d5424dc" prot="public" virt="non-virtual"><scope>UniformDataOperator::AssembliesManagement::Modifiers::TypeReplacer</scope><name>OperateType</name></member>
      <member refid="d8/d6c/class_uniform_data_operator_1_1_assemblies_management_1_1_modifiers_1_1_type_replacer_1a677ea9d2870e47626a39bf6e64015f18" prot="public" virt="non-virtual"><scope>UniformDataOperator::AssembliesManagement::Modifiers::TypeReplacer</scope><name>overridingPriority</name></member>
      <member refid="d8/d6c/class_uniform_data_operator_1_1_assemblies_management_1_1_modifiers_1_1_type_replacer_1a92c79d556f9906ecfae49fd97816aa1e" prot="public" virt="non-virtual"><scope>UniformDataOperator::AssembliesManagement::Modifiers::TypeReplacer</scope><name>replacingType</name></member>
      <member refid="d8/d6c/class_uniform_data_operator_1_1_assemblies_management_1_1_modifiers_1_1_type_replacer_1a3fc9dceab9bd6da387ce1be9213aaa9e" prot="public" virt="non-virtual"><scope>UniformDataOperator::AssembliesManagement::Modifiers::TypeReplacer</scope><name>RescanAssemblies</name></member>
      <member refid="d8/d6c/class_uniform_data_operator_1_1_assemblies_management_1_1_modifiers_1_1_type_replacer_1a467c5c1990d36d4b4d5a7847fd794a2f" prot="public" virt="non-virtual"><scope>UniformDataOperator::AssembliesManagement::Modifiers::TypeReplacer</scope><name>TypeReplacer</name></member>
      <member refid="d8/d6c/class_uniform_data_operator_1_1_assemblies_management_1_1_modifiers_1_1_type_replacer_1a53ed7a62064129d34748e8cde818e191" prot="public" virt="non-virtual"><scope>UniformDataOperator::AssembliesManagement::Modifiers::TypeReplacer</scope><name>TypeReplacer</name></member>
      <member refid="d8/d6c/class_uniform_data_operator_1_1_assemblies_management_1_1_modifiers_1_1_type_replacer_1a9ff1766eb3660514a89255bf15c16742" prot="public" virt="non-virtual"><scope>UniformDataOperator::AssembliesManagement::Modifiers::TypeReplacer</scope><name>usingType</name></member>
    </listofallmembers>
  </compounddef>
</doxygen>
