<?xml version='1.0' encoding='UTF-8' standalone='no'?>
<doxygen xmlns:xsi="http://www.w3.org/2001/XMLSchema-instance" xsi:noNamespaceSchemaLocation="compound.xsd" version="1.8.14">
  <compounddef id="d7/d66/namespace_system_1_1_threading_1_1_tasks" kind="namespace" language="Unknown">
    <compoundname>System::Threading::Tasks</compoundname>
    <briefdescription>
    </briefdescription>
    <detaileddescription>
    </detaileddescription>
    <location file="D:/Work/GitHub/uniform-data-operator/AssembliesManagement/AssembliesHandler.cs" line="19" column="1"/>
  </compounddef>
</doxygen>
