<?xml version='1.0' encoding='UTF-8' standalone='no'?>
<doxygen xmlns:xsi="http://www.w3.org/2001/XMLSchema-instance" xsi:noNamespaceSchemaLocation="compound.xsd" version="1.8.14">
  <compounddef id="d5/de4/namespace_system_1_1_linq" kind="namespace" language="Unknown">
    <compoundname>System::Linq</compoundname>
    <briefdescription>
    </briefdescription>
    <detaileddescription>
    </detaileddescription>
    <location file="D:/Work/GitHub/uniform-data-operator/AssembliesManagement/AssembliesHandler.cs" line="17" column="1"/>
  </compounddef>
</doxygen>
