<?xml version='1.0' encoding='UTF-8' standalone='no'?>
<doxygen xmlns:xsi="http://www.w3.org/2001/XMLSchema-instance" xsi:noNamespaceSchemaLocation="compound.xsd" version="1.8.14">
  <compounddef id="d0/d9c/class_uniform_data_operator_1_1_sql_1_1_markup_1_1_modifiers_1_1_d_b_path_override_attribute" kind="class" language="C#" prot="public">
    <compoundname>UniformDataOperator::Sql::Markup::Modifiers::DBPathOverrideAttribute</compoundname>
    <basecompoundref prot="public" virt="non-virtual">Attribute</basecompoundref>
      <sectiondef kind="public-attrib">
      <memberdef kind="variable" id="d0/d9c/class_uniform_data_operator_1_1_sql_1_1_markup_1_1_modifiers_1_1_d_b_path_override_attribute_1ad6b2408b337cc95c58034f0130c89ac8" prot="public" static="no" mutable="no">
        <type>Type</type>
        <definition>Type UniformDataOperator.Sql.Markup.Modifiers.DBPathOverrideAttribute.targetAttribute</definition>
        <argsstring></argsstring>
        <name>targetAttribute</name>
        <briefdescription>
<para>Type of attribute that would be affected by this overriding. If null that overriding would be applied to all who looking for. </para>        </briefdescription>
        <detaileddescription>
        </detaileddescription>
        <inbodydescription>
        </inbodydescription>
        <location file="D:/Work/GitHub/uniform-data-operator/SQL/Markup/Modifiers/DBPathOverrideAttribute.cs" line="40" column="1" bodyfile="D:/Work/GitHub/uniform-data-operator/SQL/Markup/Modifiers/DBPathOverrideAttribute.cs" bodystart="40" bodyend="-1"/>
      </memberdef>
      <memberdef kind="variable" id="d0/d9c/class_uniform_data_operator_1_1_sql_1_1_markup_1_1_modifiers_1_1_d_b_path_override_attribute_1ae30de021946efb358325415cf7e1bde2" prot="public" static="no" mutable="no">
        <type>string</type>
        <definition>string UniformDataOperator.Sql.Markup.Modifiers.DBPathOverrideAttribute.schema</definition>
        <argsstring></argsstring>
        <name>schema</name>
        <briefdescription>
<para>Name of schema that would be used during mentoing of this member in queries if possible. Will be skiped if null. </para>        </briefdescription>
        <detaileddescription>
        </detaileddescription>
        <inbodydescription>
        </inbodydescription>
        <location file="D:/Work/GitHub/uniform-data-operator/SQL/Markup/Modifiers/DBPathOverrideAttribute.cs" line="46" column="1" bodyfile="D:/Work/GitHub/uniform-data-operator/SQL/Markup/Modifiers/DBPathOverrideAttribute.cs" bodystart="46" bodyend="-1"/>
      </memberdef>
      <memberdef kind="variable" id="d0/d9c/class_uniform_data_operator_1_1_sql_1_1_markup_1_1_modifiers_1_1_d_b_path_override_attribute_1a3f5c9e2892d5061f92d59d17b2636acb" prot="public" static="no" mutable="no">
        <type>string</type>
        <definition>string UniformDataOperator.Sql.Markup.Modifiers.DBPathOverrideAttribute.table</definition>
        <argsstring></argsstring>
        <name>table</name>
        <briefdescription>
<para>Name of table that would be used during mentoing of this member in queries if possible. Will be skiped if null. </para>        </briefdescription>
        <detaileddescription>
        </detaileddescription>
        <inbodydescription>
        </inbodydescription>
        <location file="D:/Work/GitHub/uniform-data-operator/SQL/Markup/Modifiers/DBPathOverrideAttribute.cs" line="52" column="1" bodyfile="D:/Work/GitHub/uniform-data-operator/SQL/Markup/Modifiers/DBPathOverrideAttribute.cs" bodystart="52" bodyend="-1"/>
      </memberdef>
      <memberdef kind="variable" id="d0/d9c/class_uniform_data_operator_1_1_sql_1_1_markup_1_1_modifiers_1_1_d_b_path_override_attribute_1a30bd9209a06db42db371c857573af3be" prot="public" static="no" mutable="no">
        <type>string</type>
        <definition>string UniformDataOperator.Sql.Markup.Modifiers.DBPathOverrideAttribute.column</definition>
        <argsstring></argsstring>
        <name>column</name>
        <briefdescription>
<para>Name of column that would be used during mentoing of this member in queries if possible. Will be skiped if null. </para>        </briefdescription>
        <detaileddescription>
        </detaileddescription>
        <inbodydescription>
        </inbodydescription>
        <location file="D:/Work/GitHub/uniform-data-operator/SQL/Markup/Modifiers/DBPathOverrideAttribute.cs" line="58" column="1" bodyfile="D:/Work/GitHub/uniform-data-operator/SQL/Markup/Modifiers/DBPathOverrideAttribute.cs" bodystart="58" bodyend="-1"/>
      </memberdef>
      </sectiondef>
      <sectiondef kind="public-func">
      <memberdef kind="function" id="d0/d9c/class_uniform_data_operator_1_1_sql_1_1_markup_1_1_modifiers_1_1_d_b_path_override_attribute_1aa0ce1c84c617ff1a11bd7ffc5a15f3b0" prot="public" static="no" const="no" explicit="no" inline="yes" virt="non-virtual">
        <type></type>
        <definition>UniformDataOperator.Sql.Markup.Modifiers.DBPathOverrideAttribute.DBPathOverrideAttribute</definition>
        <argsstring>()</argsstring>
        <name>DBPathOverrideAttribute</name>
        <briefdescription>
<para>Base constructor. </para>        </briefdescription>
        <detaileddescription>
        </detaileddescription>
        <inbodydescription>
        </inbodydescription>
        <location file="D:/Work/GitHub/uniform-data-operator/SQL/Markup/Modifiers/DBPathOverrideAttribute.cs" line="63" column="1" bodyfile="D:/Work/GitHub/uniform-data-operator/SQL/Markup/Modifiers/DBPathOverrideAttribute.cs" bodystart="63" bodyend="63"/>
      </memberdef>
      <memberdef kind="function" id="d0/d9c/class_uniform_data_operator_1_1_sql_1_1_markup_1_1_modifiers_1_1_d_b_path_override_attribute_1ab288054b87a2c351923533496636db2b" prot="public" static="no" const="no" explicit="no" inline="yes" virt="non-virtual">
        <type></type>
        <definition>UniformDataOperator.Sql.Markup.Modifiers.DBPathOverrideAttribute.DBPathOverrideAttribute</definition>
        <argsstring>(string schema, string table, string column, Type targetAttribute)</argsstring>
        <name>DBPathOverrideAttribute</name>
        <param>
          <type>string</type>
          <declname>schema</declname>
        </param>
        <param>
          <type>string</type>
          <declname>table</declname>
        </param>
        <param>
          <type>string</type>
          <declname>column</declname>
        </param>
        <param>
          <type>Type</type>
          <declname>targetAttribute</declname>
        </param>
        <briefdescription>
<para>Constructors that allow to initialize fields via reflected methods. </para>        </briefdescription>
        <detaileddescription>
<para><parameterlist kind="param"><parameteritem>
<parameternamelist>
<parametername>schema</parametername>
</parameternamelist>
<parameterdescription>
</parameterdescription>
</parameteritem>
<parameteritem>
<parameternamelist>
<parametername>table</parametername>
</parameternamelist>
<parameterdescription>
</parameterdescription>
</parameteritem>
<parameteritem>
<parameternamelist>
<parametername>column</parametername>
</parameternamelist>
<parameterdescription>
</parameterdescription>
</parameteritem>
<parameteritem>
<parameternamelist>
<parametername>targetAttribute</parametername>
</parameternamelist>
<parameterdescription>
</parameterdescription>
</parameteritem>
</parameterlist>
</para>        </detaileddescription>
        <inbodydescription>
        </inbodydescription>
        <location file="D:/Work/GitHub/uniform-data-operator/SQL/Markup/Modifiers/DBPathOverrideAttribute.cs" line="72" column="1" bodyfile="D:/Work/GitHub/uniform-data-operator/SQL/Markup/Modifiers/DBPathOverrideAttribute.cs" bodystart="72" bodyend="78"/>
      </memberdef>
      </sectiondef>
      <sectiondef kind="public-static-func">
      <memberdef kind="function" id="d0/d9c/class_uniform_data_operator_1_1_sql_1_1_markup_1_1_modifiers_1_1_d_b_path_override_attribute_1ab7f28cf1f5eda5b9ac5e052a39514aad" prot="public" static="yes" const="no" explicit="no" inline="yes" virt="non-virtual">
        <type>bool</type>
        <definition>static bool UniformDataOperator.Sql.Markup.Modifiers.DBPathOverrideAttribute.TryToGetValidOverride&lt; T &gt;</definition>
        <argsstring>(MemberInfo member, out DBPathOverrideAttribute output)</argsstring>
        <name>TryToGetValidOverride&lt; T &gt;</name>
        <param>
          <type>MemberInfo</type>
          <declname>member</declname>
        </param>
        <param>
          <type>out <ref refid="d0/d9c/class_uniform_data_operator_1_1_sql_1_1_markup_1_1_modifiers_1_1_d_b_path_override_attribute" kindref="compound">DBPathOverrideAttribute</ref></type>
          <declname>output</declname>
        </param>
        <briefdescription>
<para>Looking for path overriding attribute suitable for specified member and assking attribute. </para>        </briefdescription>
        <detaileddescription>
<para><parameterlist kind="templateparam"><parameteritem>
<parameternamelist>
<parametername>T</parametername>
</parameternamelist>
<parameterdescription>
<para>Attribute that would be locked as an overriding target</para></parameterdescription>
</parameteritem>
</parameterlist>
<parameterlist kind="param"><parameteritem>
<parameternamelist>
<parametername>member</parametername>
</parameternamelist>
<parameterdescription>
<para>Member that could contains attribute.</para></parameterdescription>
</parameteritem>
<parameteritem>
<parameternamelist>
<parametername>output</parametername>
</parameternamelist>
<parameterdescription>
<para>Suitable override attribute.</para></parameterdescription>
</parameteritem>
</parameterlist>
<simplesect kind="return"><para>Result of operation.</para></simplesect>
</para>        </detaileddescription>
        <inbodydescription>
        </inbodydescription>
        <location file="D:/Work/GitHub/uniform-data-operator/SQL/Markup/Modifiers/DBPathOverrideAttribute.cs" line="87" column="1" bodyfile="D:/Work/GitHub/uniform-data-operator/SQL/Markup/Modifiers/DBPathOverrideAttribute.cs" bodystart="87" bodyend="107"/>
      </memberdef>
      </sectiondef>
    <briefdescription>
<para>Defines for structures and classes derived from some base table descriptor. Overrides internal path or its part (schema/table/column) to a new one. Other markup attributes that compatible with overriding will change a value to the new. </para>    </briefdescription>
    <detaileddescription>
    </detaileddescription>
    <inheritancegraph>
      <node id="15">
        <label>Attribute</label>
      </node>
      <node id="14">
        <label>UniformDataOperator.Sql.Markup.Modifiers.DBPathOverrideAttribute</label>
        <link refid="d0/d9c/class_uniform_data_operator_1_1_sql_1_1_markup_1_1_modifiers_1_1_d_b_path_override_attribute"/>
        <childnode refid="15" relation="public-inheritance">
        </childnode>
      </node>
    </inheritancegraph>
    <collaborationgraph>
      <node id="17">
        <label>Attribute</label>
      </node>
      <node id="16">
        <label>UniformDataOperator.Sql.Markup.Modifiers.DBPathOverrideAttribute</label>
        <link refid="d0/d9c/class_uniform_data_operator_1_1_sql_1_1_markup_1_1_modifiers_1_1_d_b_path_override_attribute"/>
        <childnode refid="17" relation="public-inheritance">
        </childnode>
      </node>
    </collaborationgraph>
    <location file="D:/Work/GitHub/uniform-data-operator/SQL/Markup/Modifiers/DBPathOverrideAttribute.cs" line="35" column="1" bodyfile="D:/Work/GitHub/uniform-data-operator/SQL/Markup/Modifiers/DBPathOverrideAttribute.cs" bodystart="34" bodyend="108"/>
    <listofallmembers>
      <member refid="d0/d9c/class_uniform_data_operator_1_1_sql_1_1_markup_1_1_modifiers_1_1_d_b_path_override_attribute_1a30bd9209a06db42db371c857573af3be" prot="public" virt="non-virtual"><scope>UniformDataOperator::Sql::Markup::Modifiers::DBPathOverrideAttribute</scope><name>column</name></member>
      <member refid="d0/d9c/class_uniform_data_operator_1_1_sql_1_1_markup_1_1_modifiers_1_1_d_b_path_override_attribute_1aa0ce1c84c617ff1a11bd7ffc5a15f3b0" prot="public" virt="non-virtual"><scope>UniformDataOperator::Sql::Markup::Modifiers::DBPathOverrideAttribute</scope><name>DBPathOverrideAttribute</name></member>
      <member refid="d0/d9c/class_uniform_data_operator_1_1_sql_1_1_markup_1_1_modifiers_1_1_d_b_path_override_attribute_1ab288054b87a2c351923533496636db2b" prot="public" virt="non-virtual"><scope>UniformDataOperator::Sql::Markup::Modifiers::DBPathOverrideAttribute</scope><name>DBPathOverrideAttribute</name></member>
      <member refid="d0/d9c/class_uniform_data_operator_1_1_sql_1_1_markup_1_1_modifiers_1_1_d_b_path_override_attribute_1ae30de021946efb358325415cf7e1bde2" prot="public" virt="non-virtual"><scope>UniformDataOperator::Sql::Markup::Modifiers::DBPathOverrideAttribute</scope><name>schema</name></member>
      <member refid="d0/d9c/class_uniform_data_operator_1_1_sql_1_1_markup_1_1_modifiers_1_1_d_b_path_override_attribute_1a3f5c9e2892d5061f92d59d17b2636acb" prot="public" virt="non-virtual"><scope>UniformDataOperator::Sql::Markup::Modifiers::DBPathOverrideAttribute</scope><name>table</name></member>
      <member refid="d0/d9c/class_uniform_data_operator_1_1_sql_1_1_markup_1_1_modifiers_1_1_d_b_path_override_attribute_1ad6b2408b337cc95c58034f0130c89ac8" prot="public" virt="non-virtual"><scope>UniformDataOperator::Sql::Markup::Modifiers::DBPathOverrideAttribute</scope><name>targetAttribute</name></member>
      <member refid="d0/d9c/class_uniform_data_operator_1_1_sql_1_1_markup_1_1_modifiers_1_1_d_b_path_override_attribute_1ab7f28cf1f5eda5b9ac5e052a39514aad" prot="public" virt="non-virtual"><scope>UniformDataOperator::Sql::Markup::Modifiers::DBPathOverrideAttribute</scope><name>TryToGetValidOverride&lt; T &gt;</name></member>
    </listofallmembers>
  </compounddef>
</doxygen>
