<?xml version='1.0' encoding='UTF-8' standalone='no'?>
<doxygen xmlns:xsi="http://www.w3.org/2001/XMLSchema-instance" xsi:noNamespaceSchemaLocation="compound.xsd" version="1.8.14">
  <compounddef id="d3/d61/class_uniform_data_operator_1_1_sql_1_1_markup_1_1_table_attribute" kind="class" language="C#" prot="public">
    <compoundname>UniformDataOperator::Sql::Markup::TableAttribute</compoundname>
    <basecompoundref prot="public" virt="non-virtual">Attribute</basecompoundref>
      <sectiondef kind="public-attrib">
      <memberdef kind="variable" id="d3/d61/class_uniform_data_operator_1_1_sql_1_1_markup_1_1_table_attribute_1ac0f169e34020d96155a9fd961b207391" prot="public" static="no" mutable="no">
        <type>string</type>
        <definition>string UniformDataOperator.Sql.Markup.TableAttribute.schema</definition>
        <argsstring></argsstring>
        <name>schema</name>
        <briefdescription>
<para>Name of the holding schema. </para>        </briefdescription>
        <detaileddescription>
        </detaileddescription>
        <inbodydescription>
        </inbodydescription>
        <location file="D:/Work/GitHub/uniform-data-operator/SQL/Markup/TableAttribute.cs" line="34" column="1" bodyfile="D:/Work/GitHub/uniform-data-operator/SQL/Markup/TableAttribute.cs" bodystart="34" bodyend="-1"/>
      </memberdef>
      <memberdef kind="variable" id="d3/d61/class_uniform_data_operator_1_1_sql_1_1_markup_1_1_table_attribute_1afbaa6ebc381e83a2be76e904f417d7ac" prot="public" static="no" mutable="no">
        <type>string</type>
        <definition>string UniformDataOperator.Sql.Markup.TableAttribute.table</definition>
        <argsstring></argsstring>
        <name>table</name>
        <briefdescription>
<para>Name of the table. </para>        </briefdescription>
        <detaileddescription>
        </detaileddescription>
        <inbodydescription>
        </inbodydescription>
        <location file="D:/Work/GitHub/uniform-data-operator/SQL/Markup/TableAttribute.cs" line="39" column="1" bodyfile="D:/Work/GitHub/uniform-data-operator/SQL/Markup/TableAttribute.cs" bodystart="39" bodyend="-1"/>
      </memberdef>
      <memberdef kind="variable" id="d3/d61/class_uniform_data_operator_1_1_sql_1_1_markup_1_1_table_attribute_1a6dd17faa4c4e02428620528929a2d497" prot="public" static="no" mutable="no">
        <type>string</type>
        <definition>string UniformDataOperator.Sql.Markup.TableAttribute.engine</definition>
        <argsstring></argsstring>
        <name>engine</name>
        <initializer>= &quot;InnoDB&quot;</initializer>
        <briefdescription>
<para>Name of the database engine. </para>        </briefdescription>
        <detaileddescription>
        </detaileddescription>
        <inbodydescription>
        </inbodydescription>
        <location file="D:/Work/GitHub/uniform-data-operator/SQL/Markup/TableAttribute.cs" line="44" column="1" bodyfile="D:/Work/GitHub/uniform-data-operator/SQL/Markup/TableAttribute.cs" bodystart="44" bodyend="-1"/>
      </memberdef>
      </sectiondef>
      <sectiondef kind="public-func">
      <memberdef kind="function" id="d3/d61/class_uniform_data_operator_1_1_sql_1_1_markup_1_1_table_attribute_1a3cfe088f4e36ab209cec341c10917ff6" prot="public" static="no" const="no" explicit="no" inline="yes" virt="non-virtual">
        <type></type>
        <definition>UniformDataOperator.Sql.Markup.TableAttribute.TableAttribute</definition>
        <argsstring>(string schema, string table)</argsstring>
        <name>TableAttribute</name>
        <param>
          <type>string</type>
          <declname>schema</declname>
        </param>
        <param>
          <type>string</type>
          <declname>table</declname>
        </param>
        <briefdescription>
<para>Configurate SQL table. </para>        </briefdescription>
        <detaileddescription>
<para><parameterlist kind="param"><parameteritem>
<parameternamelist>
<parametername>schema</parametername>
</parameternamelist>
<parameterdescription>
<para>Name of foreign schema.</para></parameterdescription>
</parameteritem>
<parameteritem>
<parameternamelist>
<parametername>table</parametername>
</parameternamelist>
<parameterdescription>
<para>Name of foreign table.</para></parameterdescription>
</parameteritem>
</parameterlist>
</para>        </detaileddescription>
        <inbodydescription>
        </inbodydescription>
        <location file="D:/Work/GitHub/uniform-data-operator/SQL/Markup/TableAttribute.cs" line="51" column="1" bodyfile="D:/Work/GitHub/uniform-data-operator/SQL/Markup/TableAttribute.cs" bodystart="51" bodyend="55"/>
      </memberdef>
      <memberdef kind="function" id="d3/d61/class_uniform_data_operator_1_1_sql_1_1_markup_1_1_table_attribute_1a085ad4c643842f099ce19c6113e2475f" prot="public" static="no" const="no" explicit="no" inline="yes" virt="non-virtual">
        <type></type>
        <definition>UniformDataOperator.Sql.Markup.TableAttribute.TableAttribute</definition>
        <argsstring>(string schema, string table, string engine)</argsstring>
        <name>TableAttribute</name>
        <param>
          <type>string</type>
          <declname>schema</declname>
        </param>
        <param>
          <type>string</type>
          <declname>table</declname>
        </param>
        <param>
          <type>string</type>
          <declname>engine</declname>
        </param>
        <briefdescription>
<para>Configurate SQL table. </para>        </briefdescription>
        <detaileddescription>
<para><parameterlist kind="param"><parameteritem>
<parameternamelist>
<parametername>schema</parametername>
</parameternamelist>
<parameterdescription>
<para>Name of foreign schema.</para></parameterdescription>
</parameteritem>
<parameteritem>
<parameternamelist>
<parametername>table</parametername>
</parameternamelist>
<parameterdescription>
<para>Name of foreign table.</para></parameterdescription>
</parameteritem>
<parameteritem>
<parameternamelist>
<parametername>engine</parametername>
</parameternamelist>
<parameterdescription>
<para>Name of the database engine.</para></parameterdescription>
</parameteritem>
</parameterlist>
</para>        </detaileddescription>
        <inbodydescription>
        </inbodydescription>
        <location file="D:/Work/GitHub/uniform-data-operator/SQL/Markup/TableAttribute.cs" line="63" column="1" bodyfile="D:/Work/GitHub/uniform-data-operator/SQL/Markup/TableAttribute.cs" bodystart="63" bodyend="68"/>
      </memberdef>
      </sectiondef>
      <sectiondef kind="public-static-func">
      <memberdef kind="function" id="d3/d61/class_uniform_data_operator_1_1_sql_1_1_markup_1_1_table_attribute_1aca369c412ca492ccb2937c8a129f7802" prot="public" static="yes" const="no" explicit="no" inline="yes" virt="non-virtual">
        <type>string</type>
        <definition>static string UniformDataOperator.Sql.Markup.TableAttribute.GenerateCreateTableCommand</definition>
        <argsstring>(Type sourceType)</argsstring>
        <name>GenerateCreateTableCommand</name>
        <param>
          <type>Type</type>
          <declname>sourceType</declname>
        </param>
        <briefdescription>
<para>Return command that would allow to create table by descriptor. </para>        </briefdescription>
        <detaileddescription>
<para><parameterlist kind="param"><parameteritem>
<parameternamelist>
<parametername>sourceType</parametername>
</parameternamelist>
<parameterdescription>
</parameterdescription>
</parameteritem>
</parameterlist>
<simplesect kind="return"><para></para></simplesect>
</para>        </detaileddescription>
        <inbodydescription>
        </inbodydescription>
        <location file="D:/Work/GitHub/uniform-data-operator/SQL/Markup/TableAttribute.cs" line="76" column="1" bodyfile="D:/Work/GitHub/uniform-data-operator/SQL/Markup/TableAttribute.cs" bodystart="76" bodyend="165"/>
      </memberdef>
      <memberdef kind="function" id="d3/d61/class_uniform_data_operator_1_1_sql_1_1_markup_1_1_table_attribute_1a2efef1ffee6dc4329d9b2359513ae41a" prot="public" static="yes" const="no" explicit="no" inline="yes" virt="non-virtual">
        <type>bool</type>
        <definition>static bool UniformDataOperator.Sql.Markup.TableAttribute.TrySetTables</definition>
        <argsstring>(bool disableSQLChecks, out string error, params Type[] tableDescriptors)</argsstring>
        <name>TrySetTables</name>
        <param>
          <type>bool</type>
          <declname>disableSQLChecks</declname>
        </param>
        <param>
          <type>out string</type>
          <declname>error</declname>
        </param>
        <param>
          <type>params Type []</type>
          <declname>tableDescriptors</declname>
        </param>
        <briefdescription>
<para>Trying to set some tables to SQL server. Existed ones would be skiped. Not updating alter columns. </para>        </briefdescription>
        <detaileddescription>
<para><parameterlist kind="param"><parameteritem>
<parameternamelist>
<parametername>disableSQLChecks</parametername>
</parameternamelist>
<parameterdescription>
<para>Disable check of data itegrity during command.</para></parameterdescription>
</parameteritem>
<parameteritem>
<parameternamelist>
<parametername>error</parametername>
</parameternamelist>
<parameterdescription>
<para>Error cased during operation. Null if al passed without exceptions.</para></parameterdescription>
</parameteritem>
<parameteritem>
<parameternamelist>
<parametername>tableDescriptors</parametername>
</parameternamelist>
<parameterdescription>
<para>Types with defined &quot;Table&quot; attribute.</para></parameterdescription>
</parameteritem>
</parameterlist>
<simplesect kind="return"><para>Result of operation.</para></simplesect>
</para>        </detaileddescription>
        <inbodydescription>
        </inbodydescription>
        <location file="D:/Work/GitHub/uniform-data-operator/SQL/Markup/TableAttribute.cs" line="176" column="1" bodyfile="D:/Work/GitHub/uniform-data-operator/SQL/Markup/TableAttribute.cs" bodystart="176" bodyend="246"/>
      </memberdef>
      <memberdef kind="function" id="d3/d61/class_uniform_data_operator_1_1_sql_1_1_markup_1_1_table_attribute_1a5da0c0409e593c08ff76a5245dcdb904" prot="public" static="yes" const="no" explicit="no" inline="yes" virt="non-virtual">
        <type>bool</type>
        <definition>static bool UniformDataOperator.Sql.Markup.TableAttribute.TrySetTable</definition>
        <argsstring>(bool disableSQLChecks, Type tableDescriptor, out string error)</argsstring>
        <name>TrySetTable</name>
        <param>
          <type>bool</type>
          <declname>disableSQLChecks</declname>
        </param>
        <param>
          <type>Type</type>
          <declname>tableDescriptor</declname>
        </param>
        <param>
          <type>out string</type>
          <declname>error</declname>
        </param>
        <briefdescription>
<para>Trying to set table if required. Not updating alter columns. </para>        </briefdescription>
        <detaileddescription>
<para><parameterlist kind="param"><parameteritem>
<parameternamelist>
<parametername>disableSQLChecks</parametername>
</parameternamelist>
<parameterdescription>
<para>Disable check of data itegrity during command.</para></parameterdescription>
</parameteritem>
<parameteritem>
<parameternamelist>
<parametername>tableDescriptor</parametername>
</parameternamelist>
<parameterdescription>
<para>Type that would be trying to recreate on your SQL server. Must has defined UniformDataOperator.Sql.Attributes.Table attribute.</para></parameterdescription>
</parameteritem>
<parameteritem>
<parameternamelist>
<parametername>error</parametername>
</parameternamelist>
<parameterdescription>
<para>Error faces during operation.</para></parameterdescription>
</parameteritem>
</parameterlist>
<simplesect kind="return"><para>Result of operation.</para></simplesect>
</para>        </detaileddescription>
        <inbodydescription>
        </inbodydescription>
        <location file="D:/Work/GitHub/uniform-data-operator/SQL/Markup/TableAttribute.cs" line="257" column="1" bodyfile="D:/Work/GitHub/uniform-data-operator/SQL/Markup/TableAttribute.cs" bodystart="257" bodyend="307"/>
      </memberdef>
      <memberdef kind="function" id="d3/d61/class_uniform_data_operator_1_1_sql_1_1_markup_1_1_table_attribute_1a10f9e13016b88c06908c4bf0d5dac4b9" prot="public" static="yes" const="no" explicit="no" inline="yes" virt="non-virtual">
        <type>List&lt; MemberInfo &gt;</type>
        <definition>static List&lt;MemberInfo&gt; UniformDataOperator.Sql.Markup.TableAttribute.FindMembersByColumns</definition>
        <argsstring>(IEnumerable&lt; MemberInfo &gt; members, params string[] columnTitles)</argsstring>
        <name>FindMembersByColumns</name>
        <param>
          <type>IEnumerable&lt; MemberInfo &gt;</type>
          <declname>members</declname>
        </param>
        <param>
          <type>params string []</type>
          <declname>columnTitles</declname>
        </param>
        <briefdescription>
<para>Looking for members that&apos;s column&apos;s titles included to array. </para>        </briefdescription>
        <detaileddescription>
<para><parameterlist kind="param"><parameteritem>
<parameternamelist>
<parametername>members</parametername>
</parameternamelist>
<parameterdescription>
<para>List of members that will be used for columns search.</para></parameterdescription>
</parameteritem>
<parameteritem>
<parameternamelist>
<parametername>columnTitles</parametername>
</parameternamelist>
<parameterdescription>
<para>Array that contais column&apos;s titles that would be looking among members.</para></parameterdescription>
</parameteritem>
</parameterlist>
<simplesect kind="return"><para>List with suitable members.</para></simplesect>
</para>        </detaileddescription>
        <inbodydescription>
        </inbodydescription>
        <location file="D:/Work/GitHub/uniform-data-operator/SQL/Markup/TableAttribute.cs" line="315" column="1" bodyfile="D:/Work/GitHub/uniform-data-operator/SQL/Markup/TableAttribute.cs" bodystart="315" bodyend="344"/>
      </memberdef>
      <memberdef kind="function" id="d3/d61/class_uniform_data_operator_1_1_sql_1_1_markup_1_1_table_attribute_1ace5105a7193faa48f53f32ce58a2a58c" prot="public" static="yes" const="no" explicit="no" inline="yes" virt="non-virtual">
        <type>bool</type>
        <definition>static bool UniformDataOperator.Sql.Markup.TableAttribute.TryToGetTableAttribute</definition>
        <argsstring>(Type tableType, out TableAttribute tableDescriptor, out string error)</argsstring>
        <name>TryToGetTableAttribute</name>
        <param>
          <type>Type</type>
          <declname>tableType</declname>
        </param>
        <param>
          <type>out <ref refid="d3/d61/class_uniform_data_operator_1_1_sql_1_1_markup_1_1_table_attribute" kindref="compound">TableAttribute</ref></type>
          <declname>tableDescriptor</declname>
        </param>
        <param>
          <type>out string</type>
          <declname>error</declname>
        </param>
        <briefdescription>
<para>Looking for valid Table attribute. Chack all overridings and return correct descriptor. </para>        </briefdescription>
        <detaileddescription>
<para><parameterlist kind="param"><parameteritem>
<parameternamelist>
<parametername>tableType</parametername>
</parameternamelist>
<parameterdescription>
<para>Type that contains defined Table attribute.</para></parameterdescription>
</parameteritem>
<parameteritem>
<parameternamelist>
<parametername>tableDescriptor</parametername>
</parameternamelist>
<parameterdescription>
<para>Output table descriptor.</para></parameterdescription>
</parameteritem>
<parameteritem>
<parameternamelist>
<parametername>error</parametername>
</parameternamelist>
<parameterdescription>
<para>Error message in cvase if occured. Null in other case.</para></parameterdescription>
</parameteritem>
</parameterlist>
<simplesect kind="return"><para>A result of operation.</para></simplesect>
</para>        </detaileddescription>
        <inbodydescription>
        </inbodydescription>
        <location file="D:/Work/GitHub/uniform-data-operator/SQL/Markup/TableAttribute.cs" line="353" column="1" bodyfile="D:/Work/GitHub/uniform-data-operator/SQL/Markup/TableAttribute.cs" bodystart="353" bodyend="374"/>
      </memberdef>
      </sectiondef>
    <briefdescription>
<para>Attribute that causes auto-generation of a table on the SQL server based on members declared in the relative class or structure. </para>    </briefdescription>
    <detaileddescription>
    </detaileddescription>
    <inheritancegraph>
      <node id="89">
        <label>Attribute</label>
      </node>
      <node id="88">
        <label>UniformDataOperator.Sql.Markup.TableAttribute</label>
        <link refid="d3/d61/class_uniform_data_operator_1_1_sql_1_1_markup_1_1_table_attribute"/>
        <childnode refid="89" relation="public-inheritance">
        </childnode>
      </node>
    </inheritancegraph>
    <collaborationgraph>
      <node id="91">
        <label>Attribute</label>
      </node>
      <node id="90">
        <label>UniformDataOperator.Sql.Markup.TableAttribute</label>
        <link refid="d3/d61/class_uniform_data_operator_1_1_sql_1_1_markup_1_1_table_attribute"/>
        <childnode refid="91" relation="public-inheritance">
        </childnode>
      </node>
    </collaborationgraph>
    <location file="D:/Work/GitHub/uniform-data-operator/SQL/Markup/TableAttribute.cs" line="30" column="1" bodyfile="D:/Work/GitHub/uniform-data-operator/SQL/Markup/TableAttribute.cs" bodystart="29" bodyend="375"/>
    <listofallmembers>
      <member refid="d3/d61/class_uniform_data_operator_1_1_sql_1_1_markup_1_1_table_attribute_1a6dd17faa4c4e02428620528929a2d497" prot="public" virt="non-virtual"><scope>UniformDataOperator::Sql::Markup::TableAttribute</scope><name>engine</name></member>
      <member refid="d3/d61/class_uniform_data_operator_1_1_sql_1_1_markup_1_1_table_attribute_1a10f9e13016b88c06908c4bf0d5dac4b9" prot="public" virt="non-virtual"><scope>UniformDataOperator::Sql::Markup::TableAttribute</scope><name>FindMembersByColumns</name></member>
      <member refid="d3/d61/class_uniform_data_operator_1_1_sql_1_1_markup_1_1_table_attribute_1aca369c412ca492ccb2937c8a129f7802" prot="public" virt="non-virtual"><scope>UniformDataOperator::Sql::Markup::TableAttribute</scope><name>GenerateCreateTableCommand</name></member>
      <member refid="d3/d61/class_uniform_data_operator_1_1_sql_1_1_markup_1_1_table_attribute_1ac0f169e34020d96155a9fd961b207391" prot="public" virt="non-virtual"><scope>UniformDataOperator::Sql::Markup::TableAttribute</scope><name>schema</name></member>
      <member refid="d3/d61/class_uniform_data_operator_1_1_sql_1_1_markup_1_1_table_attribute_1afbaa6ebc381e83a2be76e904f417d7ac" prot="public" virt="non-virtual"><scope>UniformDataOperator::Sql::Markup::TableAttribute</scope><name>table</name></member>
      <member refid="d3/d61/class_uniform_data_operator_1_1_sql_1_1_markup_1_1_table_attribute_1a3cfe088f4e36ab209cec341c10917ff6" prot="public" virt="non-virtual"><scope>UniformDataOperator::Sql::Markup::TableAttribute</scope><name>TableAttribute</name></member>
      <member refid="d3/d61/class_uniform_data_operator_1_1_sql_1_1_markup_1_1_table_attribute_1a085ad4c643842f099ce19c6113e2475f" prot="public" virt="non-virtual"><scope>UniformDataOperator::Sql::Markup::TableAttribute</scope><name>TableAttribute</name></member>
      <member refid="d3/d61/class_uniform_data_operator_1_1_sql_1_1_markup_1_1_table_attribute_1a5da0c0409e593c08ff76a5245dcdb904" prot="public" virt="non-virtual"><scope>UniformDataOperator::Sql::Markup::TableAttribute</scope><name>TrySetTable</name></member>
      <member refid="d3/d61/class_uniform_data_operator_1_1_sql_1_1_markup_1_1_table_attribute_1a2efef1ffee6dc4329d9b2359513ae41a" prot="public" virt="non-virtual"><scope>UniformDataOperator::Sql::Markup::TableAttribute</scope><name>TrySetTables</name></member>
      <member refid="d3/d61/class_uniform_data_operator_1_1_sql_1_1_markup_1_1_table_attribute_1ace5105a7193faa48f53f32ce58a2a58c" prot="public" virt="non-virtual"><scope>UniformDataOperator::Sql::Markup::TableAttribute</scope><name>TryToGetTableAttribute</name></member>
    </listofallmembers>
  </compounddef>
</doxygen>
