<?xml version='1.0' encoding='UTF-8' standalone='no'?>
<doxygen xmlns:xsi="http://www.w3.org/2001/XMLSchema-instance" xsi:noNamespaceSchemaLocation="compound.xsd" version="1.8.14">
  <compounddef id="da/dcb/_my_sql_data_operator_commands_8cs" kind="file" language="C#">
    <compoundname>MySqlDataOperatorCommands.cs</compoundname>
    <innerclass refid="d5/d34/class_uniform_data_operator_1_1_sql_1_1_my_sql_1_1_my_sql_data_operator" prot="public">UniformDataOperator::Sql::MySql::MySqlDataOperator</innerclass>
    <innernamespace refid="d1/d09/namespace_uniform_data_operator_1_1_sql_1_1_my_sql">UniformDataOperator::Sql::MySql</innernamespace>
    <briefdescription>
    </briefdescription>
    <detaileddescription>
    </detaileddescription>
    <programlisting>
<codeline lineno="1"><highlight class="comment">//Copyright<sp/>2019<sp/>Volodymyr<sp/>Podshyvalov</highlight><highlight class="normal"></highlight></codeline>
<codeline lineno="2"><highlight class="normal"></highlight><highlight class="comment">//</highlight><highlight class="normal"></highlight></codeline>
<codeline lineno="3"><highlight class="normal"></highlight><highlight class="comment">//Licensed<sp/>under<sp/>the<sp/>Apache<sp/>License,<sp/>Version<sp/>2.0<sp/>(the<sp/>&quot;License&quot;);</highlight><highlight class="normal"></highlight></codeline>
<codeline lineno="4"><highlight class="normal"></highlight><highlight class="comment">//you<sp/>may<sp/>not<sp/>use<sp/>this<sp/>file<sp/>except<sp/>in<sp/>compliance<sp/>with<sp/>the<sp/>License.</highlight><highlight class="normal"></highlight></codeline>
<codeline lineno="5"><highlight class="normal"></highlight><highlight class="comment">//You<sp/>may<sp/>obtain<sp/>a<sp/>copy<sp/>of<sp/>the<sp/>License<sp/>at</highlight><highlight class="normal"></highlight></codeline>
<codeline lineno="6"><highlight class="normal"></highlight><highlight class="comment">//</highlight><highlight class="normal"></highlight></codeline>
<codeline lineno="7"><highlight class="normal"></highlight><highlight class="comment">//<sp/><sp/><sp/><sp/>http://www.apache.org/licenses/LICENSE-2.0</highlight><highlight class="normal"></highlight></codeline>
<codeline lineno="8"><highlight class="normal"></highlight><highlight class="comment">//</highlight><highlight class="normal"></highlight></codeline>
<codeline lineno="9"><highlight class="normal"></highlight><highlight class="comment">//Unless<sp/>required<sp/>by<sp/>applicable<sp/>law<sp/>or<sp/>agreed<sp/>to<sp/>in<sp/>writing,<sp/>software</highlight><highlight class="normal"></highlight></codeline>
<codeline lineno="10"><highlight class="normal"></highlight><highlight class="comment">//distributed<sp/>under<sp/>the<sp/>License<sp/>is<sp/>distributed<sp/>on<sp/>an<sp/>&quot;AS<sp/>IS&quot;<sp/>BASIS,</highlight><highlight class="normal"></highlight></codeline>
<codeline lineno="11"><highlight class="normal"></highlight><highlight class="comment">//WITHOUT<sp/>WARRANTIES<sp/>OR<sp/>CONDITIONS<sp/>OF<sp/>ANY<sp/>KIND,<sp/>either<sp/>express<sp/>or<sp/>implied.</highlight><highlight class="normal"></highlight></codeline>
<codeline lineno="12"><highlight class="normal"></highlight><highlight class="comment">//See<sp/>the<sp/>License<sp/>for<sp/>the<sp/>specific<sp/>language<sp/>governing<sp/>permissions<sp/>and</highlight><highlight class="normal"></highlight></codeline>
<codeline lineno="13"><highlight class="normal"></highlight><highlight class="comment">//limitations<sp/>under<sp/>the<sp/>License.</highlight><highlight class="normal"></highlight></codeline>
<codeline lineno="14"><highlight class="normal"></highlight></codeline>
<codeline lineno="15"><highlight class="normal"></highlight><highlight class="keyword">using</highlight><highlight class="normal"><sp/><ref refid="d8/dd0/namespace_system" kindref="compound">System</ref>;</highlight></codeline>
<codeline lineno="16"><highlight class="normal"></highlight><highlight class="keyword">using</highlight><highlight class="normal"><sp/><ref refid="d8/dd0/namespace_system" kindref="compound">System</ref>.IO;</highlight></codeline>
<codeline lineno="17"><highlight class="normal"></highlight><highlight class="keyword">using</highlight><highlight class="normal"><sp/><ref refid="d8/dd0/namespace_system" kindref="compound">System</ref>.Diagnostics;</highlight></codeline>
<codeline lineno="18"><highlight class="normal"></highlight><highlight class="keyword">using</highlight><highlight class="normal"><sp/><ref refid="d8/dd0/namespace_system" kindref="compound">System</ref>.Collections.Generic;</highlight></codeline>
<codeline lineno="19"><highlight class="normal"></highlight><highlight class="keyword">using</highlight><highlight class="normal"><sp/><ref refid="d8/dd0/namespace_system" kindref="compound">System</ref>.Data;</highlight></codeline>
<codeline lineno="20"><highlight class="normal"></highlight><highlight class="keyword">using</highlight><highlight class="normal"><sp/><ref refid="d8/dd0/namespace_system" kindref="compound">System</ref>.Data.Common;</highlight></codeline>
<codeline lineno="21"><highlight class="normal"></highlight><highlight class="keyword">using</highlight><highlight class="normal"><sp/><ref refid="d8/dd0/namespace_system" kindref="compound">System</ref>.Linq;</highlight></codeline>
<codeline lineno="22"><highlight class="normal"></highlight><highlight class="keyword">using</highlight><highlight class="normal"><sp/><ref refid="d8/dd0/namespace_system" kindref="compound">System</ref>.Text;</highlight></codeline>
<codeline lineno="23"><highlight class="normal"></highlight><highlight class="keyword">using</highlight><highlight class="normal"><sp/><ref refid="d8/dd0/namespace_system" kindref="compound">System</ref>.Threading;</highlight></codeline>
<codeline lineno="24"><highlight class="normal"></highlight><highlight class="keyword">using</highlight><highlight class="normal"><sp/><ref refid="d8/dd0/namespace_system" kindref="compound">System</ref>.Threading.Tasks;</highlight></codeline>
<codeline lineno="25"><highlight class="normal"></highlight><highlight class="keyword">using</highlight><highlight class="normal"><sp/>MySql.Data.MySqlClient;</highlight></codeline>
<codeline lineno="26"><highlight class="normal"></highlight></codeline>
<codeline lineno="27"><highlight class="normal"></highlight><highlight class="keyword">using</highlight><highlight class="normal"><sp/><ref refid="d8/dd0/namespace_system" kindref="compound">System</ref>.Reflection;</highlight></codeline>
<codeline lineno="28"><highlight class="normal"></highlight><highlight class="keyword">using</highlight><highlight class="normal"><sp/><ref refid="de/d66/namespace_uniform_data_operator" kindref="compound">UniformDataOperator</ref>.<ref refid="da/dc4/namespace_uniform_data_operator_1_1_sql" kindref="compound">Sql</ref>.<ref refid="de/d8b/namespace_uniform_data_operator_1_1_sql_1_1_markup" kindref="compound">Markup</ref>;</highlight></codeline>
<codeline lineno="29"><highlight class="normal"></highlight><highlight class="keyword">using</highlight><highlight class="normal"><sp/><ref refid="de/d66/namespace_uniform_data_operator" kindref="compound">UniformDataOperator</ref>.<ref refid="da/dc4/namespace_uniform_data_operator_1_1_sql" kindref="compound">Sql</ref>.<ref refid="de/d8b/namespace_uniform_data_operator_1_1_sql_1_1_markup" kindref="compound">Markup</ref>.<ref refid="dd/d11/namespace_uniform_data_operator_1_1_sql_1_1_markup_1_1_modifiers" kindref="compound">Modifiers</ref>;</highlight></codeline>
<codeline lineno="30"><highlight class="normal"></highlight><highlight class="keyword">using</highlight><highlight class="normal"><sp/><ref refid="de/d66/namespace_uniform_data_operator" kindref="compound">UniformDataOperator</ref>.<ref refid="d4/d07/namespace_uniform_data_operator_1_1_assemblies_management" kindref="compound">AssembliesManagement</ref>;</highlight></codeline>
<codeline lineno="31"><highlight class="normal"></highlight></codeline>
<codeline lineno="32"><highlight class="normal"></highlight><highlight class="keyword">namespace<sp/></highlight><highlight class="normal"><ref refid="de/d66/namespace_uniform_data_operator" kindref="compound">UniformDataOperator</ref>.Sql.MySql</highlight></codeline>
<codeline lineno="33"><highlight class="normal">{</highlight></codeline>
<codeline lineno="37"><highlight class="normal"><sp/><sp/><sp/><sp/></highlight><highlight class="keyword">public</highlight><highlight class="normal"><sp/></highlight><highlight class="keyword">partial<sp/>class<sp/></highlight><highlight class="normal">MySqlDataOperator<sp/>:<sp/>ISqlOperator</highlight></codeline>
<codeline lineno="38"><highlight class="normal"><sp/><sp/><sp/><sp/>{<sp/></highlight></codeline>
<codeline lineno="45"><highlight class="normal"><sp/><sp/><sp/><sp/><sp/><sp/><sp/><sp/></highlight><highlight class="keyword">public</highlight><highlight class="normal"><sp/></highlight><highlight class="keywordtype">bool</highlight><highlight class="normal"><sp/>ActivateSchema(</highlight><highlight class="keywordtype">string</highlight><highlight class="normal"><sp/>schemaName,<sp/>out<sp/></highlight><highlight class="keywordtype">string</highlight><highlight class="normal"><sp/>error)</highlight></codeline>
<codeline lineno="46"><highlight class="normal"><sp/><sp/><sp/><sp/><sp/><sp/><sp/><sp/>{</highlight></codeline>
<codeline lineno="47"><highlight class="normal"><sp/><sp/><sp/><sp/><sp/><sp/><sp/><sp/><sp/><sp/><sp/><sp/></highlight><highlight class="comment">//<sp/>Check<sp/>is<sp/>SQL<sp/>operator<sp/>exist.</highlight><highlight class="normal"></highlight></codeline>
<codeline lineno="48"><highlight class="normal"><sp/><sp/><sp/><sp/><sp/><sp/><sp/><sp/><sp/><sp/><sp/><sp/></highlight><highlight class="keywordflow">if</highlight><highlight class="normal"><sp/>(Active<sp/>==<sp/>null)</highlight></codeline>
<codeline lineno="49"><highlight class="normal"><sp/><sp/><sp/><sp/><sp/><sp/><sp/><sp/><sp/><sp/><sp/><sp/>{</highlight></codeline>
<codeline lineno="50"><highlight class="normal"><sp/><sp/><sp/><sp/><sp/><sp/><sp/><sp/><sp/><sp/><sp/><sp/><sp/><sp/><sp/><sp/></highlight><highlight class="keywordflow">throw</highlight><highlight class="normal"><sp/></highlight><highlight class="keyword">new</highlight><highlight class="normal"><sp/>NullReferenceException(</highlight><highlight class="stringliteral">&quot;Active<sp/>&apos;ISQLOperator&apos;<sp/>not<sp/>exist.<sp/>Select<sp/>it<sp/>before<sp/>managing<sp/>of<sp/>database.&quot;</highlight><highlight class="normal">);</highlight></codeline>
<codeline lineno="51"><highlight class="normal"><sp/><sp/><sp/><sp/><sp/><sp/><sp/><sp/><sp/><sp/><sp/><sp/>}</highlight></codeline>
<codeline lineno="52"><highlight class="normal"></highlight></codeline>
<codeline lineno="53"><highlight class="normal"><sp/><sp/><sp/><sp/><sp/><sp/><sp/><sp/><sp/><sp/><sp/><sp/></highlight><highlight class="comment">//<sp/>Variable<sp/>that<sp/>would<sp/>contain<sp/>SQL<sp/>comand.</highlight><highlight class="normal"></highlight></codeline>
<codeline lineno="54"><highlight class="normal"><sp/><sp/><sp/><sp/><sp/><sp/><sp/><sp/><sp/><sp/><sp/><sp/></highlight><highlight class="keywordtype">string</highlight><highlight class="normal"><sp/>command<sp/>=<sp/></highlight><highlight class="stringliteral">&quot;&quot;</highlight><highlight class="normal">;</highlight></codeline>
<codeline lineno="55"><highlight class="normal"></highlight></codeline>
<codeline lineno="56"><highlight class="normal"><sp/><sp/><sp/><sp/><sp/><sp/><sp/><sp/><sp/><sp/><sp/><sp/></highlight><highlight class="comment">//<sp/>Creating<sp/>schema<sp/>if<sp/>not<sp/>exist.</highlight><highlight class="normal"></highlight></codeline>
<codeline lineno="57"><highlight class="normal"><sp/><sp/><sp/><sp/><sp/><sp/><sp/><sp/><sp/><sp/><sp/><sp/>command<sp/>+=<sp/></highlight><highlight class="stringliteral">&quot;CREATE<sp/>SCHEMA<sp/>IF<sp/>NOT<sp/>EXISTS<sp/>`&quot;</highlight><highlight class="normal"><sp/>+<sp/>schemaName<sp/>+<sp/></highlight><highlight class="stringliteral">&quot;`<sp/>DEFAULT<sp/>CHARACTER<sp/>SET<sp/>utf8<sp/>;\n&quot;</highlight><highlight class="normal">;</highlight></codeline>
<codeline lineno="58"><highlight class="normal"></highlight></codeline>
<codeline lineno="59"><highlight class="normal"><sp/><sp/><sp/><sp/><sp/><sp/><sp/><sp/><sp/><sp/><sp/><sp/></highlight><highlight class="comment">//<sp/>Setting<sp/>schema<sp/>as<sp/>target.</highlight><highlight class="normal"></highlight></codeline>
<codeline lineno="60"><highlight class="normal"><sp/><sp/><sp/><sp/><sp/><sp/><sp/><sp/><sp/><sp/><sp/><sp/>command<sp/>+=<sp/></highlight><highlight class="stringliteral">&quot;USE<sp/>`&quot;</highlight><highlight class="normal"><sp/>+<sp/>schemaName<sp/>+<sp/></highlight><highlight class="stringliteral">&quot;`<sp/>;&quot;</highlight><highlight class="normal">;</highlight></codeline>
<codeline lineno="61"><highlight class="normal"></highlight></codeline>
<codeline lineno="62"><highlight class="normal"><sp/><sp/><sp/><sp/><sp/><sp/><sp/><sp/><sp/><sp/><sp/><sp/></highlight><highlight class="comment">//<sp/>Tring<sp/>to<sp/>open<sp/>connection<sp/>to<sp/>the<sp/>server.</highlight><highlight class="normal"></highlight></codeline>
<codeline lineno="63"><highlight class="normal"><sp/><sp/><sp/><sp/><sp/><sp/><sp/><sp/><sp/><sp/><sp/><sp/></highlight><highlight class="keywordflow">if</highlight><highlight class="normal"><sp/>(!Active.OpenConnection(out<sp/>error))</highlight></codeline>
<codeline lineno="64"><highlight class="normal"><sp/><sp/><sp/><sp/><sp/><sp/><sp/><sp/><sp/><sp/><sp/><sp/>{</highlight></codeline>
<codeline lineno="65"><highlight class="normal"><sp/><sp/><sp/><sp/><sp/><sp/><sp/><sp/><sp/><sp/><sp/><sp/><sp/><sp/><sp/><sp/></highlight><highlight class="comment">//<sp/>Inform<sp/>about<sp/>fail.</highlight><highlight class="normal"></highlight></codeline>
<codeline lineno="66"><highlight class="normal"><sp/><sp/><sp/><sp/><sp/><sp/><sp/><sp/><sp/><sp/><sp/><sp/><sp/><sp/><sp/><sp/></highlight><highlight class="keywordflow">return</highlight><highlight class="normal"><sp/></highlight><highlight class="keyword">false</highlight><highlight class="normal">;</highlight></codeline>
<codeline lineno="67"><highlight class="normal"><sp/><sp/><sp/><sp/><sp/><sp/><sp/><sp/><sp/><sp/><sp/><sp/>}</highlight></codeline>
<codeline lineno="68"><highlight class="normal"></highlight></codeline>
<codeline lineno="69"><highlight class="normal"><sp/><sp/><sp/><sp/><sp/><sp/><sp/><sp/><sp/><sp/><sp/><sp/></highlight><highlight class="comment">//<sp/>Instiniating<sp/>a<sp/>new<sp/>command<sp/>based<sp/>on<sp/>the<sp/>query.</highlight><highlight class="normal"></highlight></codeline>
<codeline lineno="70"><highlight class="normal"><sp/><sp/><sp/><sp/><sp/><sp/><sp/><sp/><sp/><sp/><sp/><sp/></highlight><highlight class="keyword">using</highlight><highlight class="normal"><sp/>(var<sp/>dCommand<sp/>=<sp/>Active.NewCommand(command))</highlight></codeline>
<codeline lineno="71"><highlight class="normal"><sp/><sp/><sp/><sp/><sp/><sp/><sp/><sp/><sp/><sp/><sp/><sp/>{<sp/></highlight></codeline>
<codeline lineno="72"><highlight class="normal"><sp/><sp/><sp/><sp/><sp/><sp/><sp/><sp/><sp/><sp/><sp/><sp/><sp/><sp/><sp/><sp/></highlight><highlight class="comment">//<sp/>Executing<sp/>the<sp/>query.</highlight><highlight class="normal"></highlight></codeline>
<codeline lineno="73"><highlight class="normal"><sp/><sp/><sp/><sp/><sp/><sp/><sp/><sp/><sp/><sp/><sp/><sp/><sp/><sp/><sp/><sp/>dCommand.ExecuteNonQuery();</highlight></codeline>
<codeline lineno="74"><highlight class="normal"></highlight></codeline>
<codeline lineno="75"><highlight class="normal"><sp/><sp/><sp/><sp/><sp/><sp/><sp/><sp/><sp/><sp/><sp/><sp/><sp/><sp/><sp/><sp/></highlight><highlight class="comment">//<sp/>Closing<sp/>the<sp/>connection<sp/>after<sp/>finish<sp/>executing.</highlight><highlight class="normal"></highlight></codeline>
<codeline lineno="76"><highlight class="normal"><sp/><sp/><sp/><sp/><sp/><sp/><sp/><sp/><sp/><sp/><sp/><sp/><sp/><sp/><sp/><sp/>Active.CloseConnection();</highlight></codeline>
<codeline lineno="77"><highlight class="normal"><sp/><sp/><sp/><sp/><sp/><sp/><sp/><sp/><sp/><sp/><sp/><sp/>}</highlight></codeline>
<codeline lineno="78"><highlight class="normal"></highlight></codeline>
<codeline lineno="79"><highlight class="normal"><sp/><sp/><sp/><sp/><sp/><sp/><sp/><sp/><sp/><sp/><sp/><sp/></highlight><highlight class="comment">//<sp/>Confirm<sp/>success.</highlight><highlight class="normal"></highlight></codeline>
<codeline lineno="80"><highlight class="normal"><sp/><sp/><sp/><sp/><sp/><sp/><sp/><sp/><sp/><sp/><sp/><sp/></highlight><highlight class="keywordflow">return</highlight><highlight class="normal"><sp/></highlight><highlight class="keyword">true</highlight><highlight class="normal">;</highlight></codeline>
<codeline lineno="81"><highlight class="normal"><sp/><sp/><sp/><sp/><sp/><sp/><sp/><sp/>}</highlight></codeline>
<codeline lineno="82"><highlight class="normal"></highlight></codeline>
<codeline lineno="88"><highlight class="normal"><sp/><sp/><sp/><sp/><sp/><sp/><sp/><sp/></highlight><highlight class="keyword">public</highlight><highlight class="normal"><sp/></highlight><highlight class="keywordtype">string</highlight><highlight class="normal"><sp/>ColumnDeclarationCommand(MemberInfo<sp/>member)</highlight></codeline>
<codeline lineno="89"><highlight class="normal"><sp/><sp/><sp/><sp/><sp/><sp/><sp/><sp/>{</highlight></codeline>
<codeline lineno="90"><highlight class="normal"></highlight><highlight class="preprocessor"><sp/><sp/><sp/><sp/><sp/><sp/><sp/><sp/><sp/><sp/><sp/><sp/>#region<sp/>VALIDATION</highlight><highlight class="normal"></highlight></codeline>
<codeline lineno="91"><highlight class="normal"><sp/><sp/><sp/><sp/><sp/><sp/><sp/><sp/><sp/><sp/><sp/><sp/></highlight><highlight class="keywordtype">string</highlight><highlight class="normal"><sp/>command<sp/>=<sp/></highlight><highlight class="stringliteral">&quot;&quot;</highlight><highlight class="normal">;</highlight></codeline>
<codeline lineno="92"><highlight class="normal"><sp/><sp/><sp/><sp/><sp/><sp/><sp/><sp/><sp/><sp/><sp/><sp/></highlight><highlight class="comment">//<sp/>Get<sp/>column<sp/>descriptor.</highlight><highlight class="normal"></highlight></codeline>
<codeline lineno="93"><highlight class="normal"><sp/><sp/><sp/><sp/><sp/><sp/><sp/><sp/><sp/><sp/><sp/><sp/></highlight><highlight class="keywordflow">if</highlight><highlight class="normal"><sp/>(!<ref refid="d5/d10/class_uniform_data_operator_1_1_assemblies_management_1_1_members_handler" kindref="compound">MembersHandler</ref>.TryToGetAttribute&lt;<ref refid="d0/d68/class_uniform_data_operator_1_1_sql_1_1_markup_1_1_column_attribute" kindref="compound">ColumnAttribute</ref>&gt;(member,<sp/>out<sp/><ref refid="d0/d68/class_uniform_data_operator_1_1_sql_1_1_markup_1_1_column_attribute" kindref="compound">ColumnAttribute</ref><sp/>columnDescriptor))</highlight></codeline>
<codeline lineno="94"><highlight class="normal"><sp/><sp/><sp/><sp/><sp/><sp/><sp/><sp/><sp/><sp/><sp/><sp/>{</highlight></codeline>
<codeline lineno="95"><highlight class="normal"><sp/><sp/><sp/><sp/><sp/><sp/><sp/><sp/><sp/><sp/><sp/><sp/><sp/><sp/><sp/><sp/></highlight><highlight class="comment">//<sp/>Drop<sp/>if<sp/>not<sp/>column.</highlight><highlight class="normal"></highlight></codeline>
<codeline lineno="96"><highlight class="normal"><sp/><sp/><sp/><sp/><sp/><sp/><sp/><sp/><sp/><sp/><sp/><sp/><sp/><sp/><sp/><sp/></highlight><highlight class="keywordflow">return</highlight><highlight class="normal"><sp/>command;</highlight></codeline>
<codeline lineno="97"><highlight class="normal"><sp/><sp/><sp/><sp/><sp/><sp/><sp/><sp/><sp/><sp/><sp/><sp/>}</highlight></codeline>
<codeline lineno="98"><highlight class="normal"></highlight><highlight class="preprocessor"><sp/><sp/><sp/><sp/><sp/><sp/><sp/><sp/><sp/><sp/><sp/><sp/>#endregion</highlight><highlight class="normal"></highlight></codeline>
<codeline lineno="99"><highlight class="normal"></highlight></codeline>
<codeline lineno="100"><highlight class="normal"></highlight><highlight class="preprocessor"><sp/><sp/><sp/><sp/><sp/><sp/><sp/><sp/><sp/><sp/><sp/><sp/>#region<sp/>TITLE</highlight><highlight class="normal"></highlight></codeline>
<codeline lineno="101"><highlight class="normal"><sp/><sp/><sp/><sp/><sp/><sp/><sp/><sp/><sp/><sp/><sp/><sp/></highlight><highlight class="comment">//<sp/>Set<sp/>column<sp/>title.</highlight><highlight class="normal"></highlight></codeline>
<codeline lineno="102"><highlight class="normal"><sp/><sp/><sp/><sp/><sp/><sp/><sp/><sp/><sp/><sp/><sp/><sp/>command<sp/>+=<sp/></highlight><highlight class="stringliteral">&quot;`&quot;</highlight><highlight class="normal"><sp/>+<sp/>columnDescriptor.title<sp/>+<sp/></highlight><highlight class="stringliteral">&quot;`<sp/>&quot;</highlight><highlight class="normal">;</highlight></codeline>
<codeline lineno="103"><highlight class="normal"></highlight><highlight class="preprocessor"><sp/><sp/><sp/><sp/><sp/><sp/><sp/><sp/><sp/><sp/><sp/><sp/>#endregion</highlight><highlight class="normal"></highlight></codeline>
<codeline lineno="104"><highlight class="normal"></highlight></codeline>
<codeline lineno="105"><highlight class="normal"></highlight><highlight class="preprocessor"><sp/><sp/><sp/><sp/><sp/><sp/><sp/><sp/><sp/><sp/><sp/><sp/>#region<sp/>TYPE</highlight><highlight class="normal"></highlight></codeline>
<codeline lineno="106"><highlight class="normal"><sp/><sp/><sp/><sp/><sp/><sp/><sp/><sp/><sp/><sp/><sp/><sp/></highlight><highlight class="comment">//<sp/>Detect<sp/>specified<sp/>overriding.</highlight><highlight class="normal"></highlight></codeline>
<codeline lineno="107"><highlight class="normal"><sp/><sp/><sp/><sp/><sp/><sp/><sp/><sp/><sp/><sp/><sp/><sp/></highlight><highlight class="keywordflow">if</highlight><highlight class="normal"><sp/>(<ref refid="d5/d10/class_uniform_data_operator_1_1_assemblies_management_1_1_members_handler" kindref="compound">MembersHandler</ref>.TryToGetAttribute(member,<sp/>out<sp/>Markup.MySqlDBTypeOverrideAttribute<sp/>mySqlDBType))</highlight></codeline>
<codeline lineno="108"><highlight class="normal"><sp/><sp/><sp/><sp/><sp/><sp/><sp/><sp/><sp/><sp/><sp/><sp/>{</highlight></codeline>
<codeline lineno="109"><highlight class="normal"><sp/><sp/><sp/><sp/><sp/><sp/><sp/><sp/><sp/><sp/><sp/><sp/><sp/><sp/><sp/><sp/>command<sp/>+=<sp/>mySqlDBType.stringFormat<sp/>??<sp/>mySqlDBType.type.ToString();</highlight></codeline>
<codeline lineno="110"><highlight class="normal"><sp/><sp/><sp/><sp/><sp/><sp/><sp/><sp/><sp/><sp/><sp/><sp/>}</highlight></codeline>
<codeline lineno="111"><highlight class="normal"><sp/><sp/><sp/><sp/><sp/><sp/><sp/><sp/><sp/><sp/><sp/><sp/></highlight><highlight class="keywordflow">else</highlight><highlight class="normal"></highlight></codeline>
<codeline lineno="112"><highlight class="normal"><sp/><sp/><sp/><sp/><sp/><sp/><sp/><sp/><sp/><sp/><sp/><sp/>{</highlight></codeline>
<codeline lineno="113"><highlight class="normal"><sp/><sp/><sp/><sp/><sp/><sp/><sp/><sp/><sp/><sp/><sp/><sp/><sp/><sp/><sp/><sp/></highlight><highlight class="comment">//<sp/>Detect<sp/>target<sp/>type<sp/>converted<sp/>from<sp/>common<sp/>via<sp/>param.</highlight><highlight class="normal"></highlight></codeline>
<codeline lineno="114"><highlight class="normal"><sp/><sp/><sp/><sp/><sp/><sp/><sp/><sp/><sp/><sp/><sp/><sp/><sp/><sp/><sp/><sp/>command<sp/>+=<sp/>SqlOperatorHandler.Active.DbTypeToString(columnDescriptor.type);</highlight></codeline>
<codeline lineno="115"><highlight class="normal"><sp/><sp/><sp/><sp/><sp/><sp/><sp/><sp/><sp/><sp/><sp/><sp/>}</highlight></codeline>
<codeline lineno="116"><highlight class="normal"></highlight><highlight class="preprocessor"><sp/><sp/><sp/><sp/><sp/><sp/><sp/><sp/><sp/><sp/><sp/><sp/>#endregion</highlight><highlight class="normal"></highlight></codeline>
<codeline lineno="117"><highlight class="normal"></highlight></codeline>
<codeline lineno="118"><highlight class="normal"></highlight><highlight class="preprocessor"><sp/><sp/><sp/><sp/><sp/><sp/><sp/><sp/><sp/><sp/><sp/><sp/>#region<sp/>ZERO<sp/>FILL</highlight><highlight class="normal"></highlight></codeline>
<codeline lineno="119"><highlight class="normal"><sp/><sp/><sp/><sp/><sp/><sp/><sp/><sp/><sp/><sp/><sp/><sp/></highlight><highlight class="keywordflow">if</highlight><highlight class="normal"><sp/>(<ref refid="d5/d10/class_uniform_data_operator_1_1_assemblies_management_1_1_members_handler" kindref="compound">MembersHandler</ref>.HasAttribute&lt;<ref refid="d1/d7c/class_uniform_data_operator_1_1_sql_1_1_markup_1_1_is_zero_fill_attribute" kindref="compound">IsZeroFillAttribute</ref>&gt;(member))</highlight></codeline>
<codeline lineno="120"><highlight class="normal"><sp/><sp/><sp/><sp/><sp/><sp/><sp/><sp/><sp/><sp/><sp/><sp/>{</highlight></codeline>
<codeline lineno="121"><highlight class="normal"><sp/><sp/><sp/><sp/><sp/><sp/><sp/><sp/><sp/><sp/><sp/><sp/><sp/><sp/><sp/><sp/>command<sp/>+=<sp/></highlight><highlight class="stringliteral">&quot;<sp/>ZEROFILL&quot;</highlight><highlight class="normal">;</highlight></codeline>
<codeline lineno="122"><highlight class="normal"><sp/><sp/><sp/><sp/><sp/><sp/><sp/><sp/><sp/><sp/><sp/><sp/>}</highlight></codeline>
<codeline lineno="123"><highlight class="normal"></highlight><highlight class="preprocessor"><sp/><sp/><sp/><sp/><sp/><sp/><sp/><sp/><sp/><sp/><sp/><sp/>#endregion</highlight><highlight class="normal"></highlight></codeline>
<codeline lineno="124"><highlight class="normal"></highlight></codeline>
<codeline lineno="125"><highlight class="normal"></highlight><highlight class="preprocessor"><sp/><sp/><sp/><sp/><sp/><sp/><sp/><sp/><sp/><sp/><sp/><sp/>#region<sp/>BINARY</highlight><highlight class="normal"></highlight></codeline>
<codeline lineno="126"><highlight class="normal"><sp/><sp/><sp/><sp/><sp/><sp/><sp/><sp/><sp/><sp/><sp/><sp/></highlight><highlight class="keywordflow">if</highlight><highlight class="normal"><sp/>(<ref refid="d5/d10/class_uniform_data_operator_1_1_assemblies_management_1_1_members_handler" kindref="compound">MembersHandler</ref>.HasAttribute&lt;<ref refid="df/dc1/class_uniform_data_operator_1_1_sql_1_1_markup_1_1_is_binary_attribute" kindref="compound">IsBinaryAttribute</ref>&gt;(member))</highlight></codeline>
<codeline lineno="127"><highlight class="normal"><sp/><sp/><sp/><sp/><sp/><sp/><sp/><sp/><sp/><sp/><sp/><sp/>{</highlight></codeline>
<codeline lineno="128"><highlight class="normal"><sp/><sp/><sp/><sp/><sp/><sp/><sp/><sp/><sp/><sp/><sp/><sp/><sp/><sp/><sp/><sp/>command<sp/>+=<sp/></highlight><highlight class="stringliteral">&quot;<sp/>BINARY&quot;</highlight><highlight class="normal">;</highlight></codeline>
<codeline lineno="129"><highlight class="normal"><sp/><sp/><sp/><sp/><sp/><sp/><sp/><sp/><sp/><sp/><sp/><sp/>}</highlight></codeline>
<codeline lineno="130"><highlight class="normal"></highlight><highlight class="preprocessor"><sp/><sp/><sp/><sp/><sp/><sp/><sp/><sp/><sp/><sp/><sp/><sp/>#endregion</highlight><highlight class="normal"></highlight></codeline>
<codeline lineno="131"><highlight class="normal"></highlight></codeline>
<codeline lineno="132"><highlight class="normal"></highlight><highlight class="preprocessor"><sp/><sp/><sp/><sp/><sp/><sp/><sp/><sp/><sp/><sp/><sp/><sp/>#region<sp/>UNASIGNED</highlight><highlight class="normal"></highlight></codeline>
<codeline lineno="133"><highlight class="normal"><sp/><sp/><sp/><sp/><sp/><sp/><sp/><sp/><sp/><sp/><sp/><sp/></highlight><highlight class="keywordflow">if</highlight><highlight class="normal"><sp/>(<ref refid="d5/d10/class_uniform_data_operator_1_1_assemblies_management_1_1_members_handler" kindref="compound">MembersHandler</ref>.HasAttribute&lt;<ref refid="d6/d2f/class_uniform_data_operator_1_1_sql_1_1_markup_1_1_is_unsigned_attribute" kindref="compound">IsUnsignedAttribute</ref>&gt;(member))</highlight></codeline>
<codeline lineno="134"><highlight class="normal"><sp/><sp/><sp/><sp/><sp/><sp/><sp/><sp/><sp/><sp/><sp/><sp/>{</highlight></codeline>
<codeline lineno="135"><highlight class="normal"><sp/><sp/><sp/><sp/><sp/><sp/><sp/><sp/><sp/><sp/><sp/><sp/><sp/><sp/><sp/><sp/>command<sp/>+=<sp/></highlight><highlight class="stringliteral">&quot;<sp/>UNSIGNED&quot;</highlight><highlight class="normal">;</highlight></codeline>
<codeline lineno="136"><highlight class="normal"><sp/><sp/><sp/><sp/><sp/><sp/><sp/><sp/><sp/><sp/><sp/><sp/>}</highlight></codeline>
<codeline lineno="137"><highlight class="normal"></highlight><highlight class="preprocessor"><sp/><sp/><sp/><sp/><sp/><sp/><sp/><sp/><sp/><sp/><sp/><sp/>#endregion</highlight><highlight class="normal"></highlight></codeline>
<codeline lineno="138"><highlight class="normal"></highlight></codeline>
<codeline lineno="139"><highlight class="normal"></highlight><highlight class="preprocessor"><sp/><sp/><sp/><sp/><sp/><sp/><sp/><sp/><sp/><sp/><sp/><sp/>#region<sp/>Generated<sp/>|<sp/>Default</highlight><highlight class="normal"></highlight></codeline>
<codeline lineno="140"><highlight class="normal"><sp/><sp/><sp/><sp/><sp/><sp/><sp/><sp/><sp/><sp/><sp/><sp/></highlight><highlight class="keywordflow">if</highlight><highlight class="normal"><sp/>(<ref refid="d5/d10/class_uniform_data_operator_1_1_assemblies_management_1_1_members_handler" kindref="compound">MembersHandler</ref>.TryToGetAttribute&lt;<ref refid="d6/d7e/class_uniform_data_operator_1_1_sql_1_1_markup_1_1_default_attribute" kindref="compound">DefaultAttribute</ref>&gt;(member,<sp/>out<sp/><ref refid="d6/d7e/class_uniform_data_operator_1_1_sql_1_1_markup_1_1_default_attribute" kindref="compound">DefaultAttribute</ref><sp/>hasDefault)<sp/>&amp;&amp;</highlight></codeline>
<codeline lineno="141"><highlight class="normal"><sp/><sp/><sp/><sp/><sp/><sp/><sp/><sp/><sp/><sp/><sp/><sp/><sp/><sp/><sp/><sp/>!</highlight><highlight class="keywordtype">string</highlight><highlight class="normal">.IsNullOrEmpty(hasDefault.defExp))</highlight></codeline>
<codeline lineno="142"><highlight class="normal"><sp/><sp/><sp/><sp/><sp/><sp/><sp/><sp/><sp/><sp/><sp/><sp/>{</highlight></codeline>
<codeline lineno="143"><highlight class="normal"><sp/><sp/><sp/><sp/><sp/><sp/><sp/><sp/><sp/><sp/><sp/><sp/><sp/><sp/><sp/><sp/></highlight><highlight class="comment">//<sp/>If<sp/>generated</highlight><highlight class="normal"></highlight></codeline>
<codeline lineno="144"><highlight class="normal"><sp/><sp/><sp/><sp/><sp/><sp/><sp/><sp/><sp/><sp/><sp/><sp/><sp/><sp/><sp/><sp/></highlight><highlight class="keywordflow">if</highlight><highlight class="normal"><sp/>(hasDefault<sp/>is<sp/><ref refid="db/d72/class_uniform_data_operator_1_1_sql_1_1_markup_1_1_is_generated_attribute" kindref="compound">IsGeneratedAttribute</ref><sp/>isGenerated)</highlight></codeline>
<codeline lineno="145"><highlight class="normal"><sp/><sp/><sp/><sp/><sp/><sp/><sp/><sp/><sp/><sp/><sp/><sp/><sp/><sp/><sp/><sp/>{</highlight></codeline>
<codeline lineno="146"><highlight class="normal"><sp/><sp/><sp/><sp/><sp/><sp/><sp/><sp/><sp/><sp/><sp/><sp/><sp/><sp/><sp/><sp/><sp/><sp/><sp/><sp/>command<sp/>+=<sp/></highlight><highlight class="stringliteral">&quot;<sp/>GENERATED<sp/>ALWAYS<sp/>AS(&quot;</highlight><highlight class="normal">;</highlight></codeline>
<codeline lineno="147"><highlight class="normal"><sp/><sp/><sp/><sp/><sp/><sp/><sp/><sp/><sp/><sp/><sp/><sp/><sp/><sp/><sp/><sp/><sp/><sp/><sp/><sp/>command<sp/>+=<sp/>isGenerated.defExp<sp/>+<sp/></highlight><highlight class="stringliteral">&quot;)<sp/>&quot;</highlight><highlight class="normal">;</highlight></codeline>
<codeline lineno="148"><highlight class="normal"><sp/><sp/><sp/><sp/><sp/><sp/><sp/><sp/><sp/><sp/><sp/><sp/><sp/><sp/><sp/><sp/><sp/><sp/><sp/><sp/>command<sp/>+=<sp/>(isGenerated.mode<sp/>==<sp/><ref refid="db/d72/class_uniform_data_operator_1_1_sql_1_1_markup_1_1_is_generated_attribute" kindref="compound">IsGeneratedAttribute</ref>.<ref refid="db/d72/class_uniform_data_operator_1_1_sql_1_1_markup_1_1_is_generated_attribute_1a03e5e76ff63dbcf2cca5746e3098b23d" kindref="member">Mode</ref>.Stored<sp/>?<sp/></highlight><highlight class="stringliteral">&quot;STORED&quot;</highlight><highlight class="normal"><sp/>:<sp/></highlight><highlight class="stringliteral">&quot;VIRTUAL&quot;</highlight><highlight class="normal">);</highlight></codeline>
<codeline lineno="149"><highlight class="normal"><sp/><sp/><sp/><sp/><sp/><sp/><sp/><sp/><sp/><sp/><sp/><sp/><sp/><sp/><sp/><sp/>}</highlight></codeline>
<codeline lineno="150"><highlight class="normal"><sp/><sp/><sp/><sp/><sp/><sp/><sp/><sp/><sp/><sp/><sp/><sp/><sp/><sp/><sp/><sp/></highlight><highlight class="comment">//<sp/>If<sp/><sp/>has<sp/>default.</highlight><highlight class="normal"></highlight></codeline>
<codeline lineno="151"><highlight class="normal"><sp/><sp/><sp/><sp/><sp/><sp/><sp/><sp/><sp/><sp/><sp/><sp/><sp/><sp/><sp/><sp/></highlight><highlight class="keywordflow">else</highlight><highlight class="normal"></highlight></codeline>
<codeline lineno="152"><highlight class="normal"><sp/><sp/><sp/><sp/><sp/><sp/><sp/><sp/><sp/><sp/><sp/><sp/><sp/><sp/><sp/><sp/>{</highlight></codeline>
<codeline lineno="153"><highlight class="normal"><sp/><sp/><sp/><sp/><sp/><sp/><sp/><sp/><sp/><sp/><sp/><sp/><sp/><sp/><sp/><sp/><sp/><sp/><sp/><sp/>command<sp/>+=<sp/></highlight><highlight class="stringliteral">&quot;<sp/>DEFAULT<sp/>&quot;</highlight><highlight class="normal"><sp/>+<sp/>hasDefault.defExp;</highlight></codeline>
<codeline lineno="154"><highlight class="normal"><sp/><sp/><sp/><sp/><sp/><sp/><sp/><sp/><sp/><sp/><sp/><sp/><sp/><sp/><sp/><sp/>}</highlight></codeline>
<codeline lineno="155"><highlight class="normal"><sp/><sp/><sp/><sp/><sp/><sp/><sp/><sp/><sp/><sp/><sp/><sp/>}</highlight></codeline>
<codeline lineno="156"><highlight class="normal"></highlight><highlight class="preprocessor"><sp/><sp/><sp/><sp/><sp/><sp/><sp/><sp/><sp/><sp/><sp/><sp/>#endregion</highlight><highlight class="normal"></highlight></codeline>
<codeline lineno="157"><highlight class="normal"></highlight></codeline>
<codeline lineno="158"><highlight class="normal"></highlight><highlight class="preprocessor"><sp/><sp/><sp/><sp/><sp/><sp/><sp/><sp/><sp/><sp/><sp/><sp/>#region<sp/>NULL<sp/>|<sp/>NOT<sp/>NULL</highlight><highlight class="normal"></highlight></codeline>
<codeline lineno="159"><highlight class="normal"><sp/><sp/><sp/><sp/><sp/><sp/><sp/><sp/><sp/><sp/><sp/><sp/></highlight><highlight class="comment">//<sp/>If<sp/>not<sp/>generated.</highlight><highlight class="normal"></highlight></codeline>
<codeline lineno="160"><highlight class="normal"><sp/><sp/><sp/><sp/><sp/><sp/><sp/><sp/><sp/><sp/><sp/><sp/></highlight><highlight class="keywordflow">if</highlight><highlight class="normal"><sp/>(hasDefault<sp/>==<sp/>null<sp/>||<sp/>!(hasDefault<sp/>is<sp/><ref refid="db/d72/class_uniform_data_operator_1_1_sql_1_1_markup_1_1_is_generated_attribute" kindref="compound">IsGeneratedAttribute</ref>))</highlight></codeline>
<codeline lineno="161"><highlight class="normal"><sp/><sp/><sp/><sp/><sp/><sp/><sp/><sp/><sp/><sp/><sp/><sp/>{</highlight></codeline>
<codeline lineno="162"><highlight class="normal"><sp/><sp/><sp/><sp/><sp/><sp/><sp/><sp/><sp/><sp/><sp/><sp/><sp/><sp/><sp/><sp/></highlight><highlight class="keywordflow">if</highlight><highlight class="normal"><sp/>(<ref refid="d5/d10/class_uniform_data_operator_1_1_assemblies_management_1_1_members_handler" kindref="compound">MembersHandler</ref>.HasAttribute&lt;<ref refid="d2/d28/class_uniform_data_operator_1_1_sql_1_1_markup_1_1_is_primary_key_attribute" kindref="compound">IsPrimaryKeyAttribute</ref>&gt;(member))</highlight></codeline>
<codeline lineno="163"><highlight class="normal"><sp/><sp/><sp/><sp/><sp/><sp/><sp/><sp/><sp/><sp/><sp/><sp/><sp/><sp/><sp/><sp/>{</highlight></codeline>
<codeline lineno="164"><highlight class="normal"><sp/><sp/><sp/><sp/><sp/><sp/><sp/><sp/><sp/><sp/><sp/><sp/><sp/><sp/><sp/><sp/><sp/><sp/><sp/><sp/>command<sp/>+=<sp/></highlight><highlight class="stringliteral">&quot;<sp/>NOT<sp/>NULL&quot;</highlight><highlight class="normal">;</highlight></codeline>
<codeline lineno="165"><highlight class="normal"><sp/><sp/><sp/><sp/><sp/><sp/><sp/><sp/><sp/><sp/><sp/><sp/><sp/><sp/><sp/><sp/>}</highlight></codeline>
<codeline lineno="166"><highlight class="normal"><sp/><sp/><sp/><sp/><sp/><sp/><sp/><sp/><sp/><sp/><sp/><sp/><sp/><sp/><sp/><sp/></highlight><highlight class="keywordflow">else</highlight><highlight class="normal"></highlight></codeline>
<codeline lineno="167"><highlight class="normal"><sp/><sp/><sp/><sp/><sp/><sp/><sp/><sp/><sp/><sp/><sp/><sp/><sp/><sp/><sp/><sp/>{</highlight></codeline>
<codeline lineno="168"><highlight class="normal"><sp/><sp/><sp/><sp/><sp/><sp/><sp/><sp/><sp/><sp/><sp/><sp/><sp/><sp/><sp/><sp/><sp/><sp/><sp/><sp/></highlight><highlight class="comment">//<sp/>If<sp/>has<sp/>NotNull<sp/>attribute.</highlight><highlight class="normal"></highlight></codeline>
<codeline lineno="169"><highlight class="normal"><sp/><sp/><sp/><sp/><sp/><sp/><sp/><sp/><sp/><sp/><sp/><sp/><sp/><sp/><sp/><sp/><sp/><sp/><sp/><sp/></highlight><highlight class="keywordflow">if</highlight><highlight class="normal"><sp/>(<ref refid="d5/d10/class_uniform_data_operator_1_1_assemblies_management_1_1_members_handler" kindref="compound">MembersHandler</ref>.HasAttribute&lt;<ref refid="d2/dbb/class_uniform_data_operator_1_1_sql_1_1_markup_1_1_is_not_null_attribute" kindref="compound">IsNotNullAttribute</ref>&gt;(member))</highlight></codeline>
<codeline lineno="170"><highlight class="normal"><sp/><sp/><sp/><sp/><sp/><sp/><sp/><sp/><sp/><sp/><sp/><sp/><sp/><sp/><sp/><sp/><sp/><sp/><sp/><sp/>{</highlight></codeline>
<codeline lineno="171"><highlight class="normal"><sp/><sp/><sp/><sp/><sp/><sp/><sp/><sp/><sp/><sp/><sp/><sp/><sp/><sp/><sp/><sp/><sp/><sp/><sp/><sp/><sp/><sp/><sp/><sp/>command<sp/>+=<sp/></highlight><highlight class="stringliteral">&quot;<sp/>NOT<sp/>NULL&quot;</highlight><highlight class="normal">;</highlight></codeline>
<codeline lineno="172"><highlight class="normal"><sp/><sp/><sp/><sp/><sp/><sp/><sp/><sp/><sp/><sp/><sp/><sp/><sp/><sp/><sp/><sp/><sp/><sp/><sp/><sp/>}</highlight></codeline>
<codeline lineno="173"><highlight class="normal"><sp/><sp/><sp/><sp/><sp/><sp/><sp/><sp/><sp/><sp/><sp/><sp/><sp/><sp/><sp/><sp/><sp/><sp/><sp/><sp/></highlight><highlight class="keywordflow">else</highlight><highlight class="normal"></highlight></codeline>
<codeline lineno="174"><highlight class="normal"><sp/><sp/><sp/><sp/><sp/><sp/><sp/><sp/><sp/><sp/><sp/><sp/><sp/><sp/><sp/><sp/><sp/><sp/><sp/><sp/>{</highlight></codeline>
<codeline lineno="175"><highlight class="normal"><sp/><sp/><sp/><sp/><sp/><sp/><sp/><sp/><sp/><sp/><sp/><sp/><sp/><sp/><sp/><sp/><sp/><sp/><sp/><sp/><sp/><sp/><sp/><sp/>command<sp/>+=<sp/></highlight><highlight class="stringliteral">&quot;<sp/>NULL&quot;</highlight><highlight class="normal">;</highlight></codeline>
<codeline lineno="176"><highlight class="normal"><sp/><sp/><sp/><sp/><sp/><sp/><sp/><sp/><sp/><sp/><sp/><sp/><sp/><sp/><sp/><sp/><sp/><sp/><sp/><sp/>}</highlight></codeline>
<codeline lineno="177"><highlight class="normal"><sp/><sp/><sp/><sp/><sp/><sp/><sp/><sp/><sp/><sp/><sp/><sp/><sp/><sp/><sp/><sp/>}</highlight></codeline>
<codeline lineno="178"><highlight class="normal"><sp/><sp/><sp/><sp/><sp/><sp/><sp/><sp/><sp/><sp/><sp/><sp/>}</highlight></codeline>
<codeline lineno="179"><highlight class="normal"></highlight><highlight class="preprocessor"><sp/><sp/><sp/><sp/><sp/><sp/><sp/><sp/><sp/><sp/><sp/><sp/>#endregion</highlight><highlight class="normal"></highlight></codeline>
<codeline lineno="180"><highlight class="normal"></highlight></codeline>
<codeline lineno="181"><highlight class="normal"></highlight><highlight class="preprocessor"><sp/><sp/><sp/><sp/><sp/><sp/><sp/><sp/><sp/><sp/><sp/><sp/>#region<sp/>AUTO<sp/>INCREMENT</highlight><highlight class="normal"></highlight></codeline>
<codeline lineno="182"><highlight class="normal"><sp/><sp/><sp/><sp/><sp/><sp/><sp/><sp/><sp/><sp/><sp/><sp/></highlight><highlight class="comment">//<sp/>If<sp/>has<sp/>AutoIncrement<sp/>attribute.</highlight><highlight class="normal"></highlight></codeline>
<codeline lineno="183"><highlight class="normal"><sp/><sp/><sp/><sp/><sp/><sp/><sp/><sp/><sp/><sp/><sp/><sp/></highlight><highlight class="keywordflow">if</highlight><highlight class="normal"><sp/>(<ref refid="d5/d10/class_uniform_data_operator_1_1_assemblies_management_1_1_members_handler" kindref="compound">MembersHandler</ref>.HasAttribute&lt;<ref refid="d8/dbb/class_uniform_data_operator_1_1_sql_1_1_markup_1_1_is_auto_increment_attribute" kindref="compound">IsAutoIncrementAttribute</ref>&gt;(member))</highlight></codeline>
<codeline lineno="184"><highlight class="normal"><sp/><sp/><sp/><sp/><sp/><sp/><sp/><sp/><sp/><sp/><sp/><sp/>{</highlight></codeline>
<codeline lineno="185"><highlight class="normal"><sp/><sp/><sp/><sp/><sp/><sp/><sp/><sp/><sp/><sp/><sp/><sp/><sp/><sp/><sp/><sp/>command<sp/>+=<sp/></highlight><highlight class="stringliteral">&quot;<sp/>AUTO_INCREMENT&quot;</highlight><highlight class="normal">;</highlight></codeline>
<codeline lineno="186"><highlight class="normal"><sp/><sp/><sp/><sp/><sp/><sp/><sp/><sp/><sp/><sp/><sp/><sp/>}</highlight></codeline>
<codeline lineno="187"><highlight class="normal"></highlight><highlight class="preprocessor"><sp/><sp/><sp/><sp/><sp/><sp/><sp/><sp/><sp/><sp/><sp/><sp/>#endregion</highlight><highlight class="normal"></highlight></codeline>
<codeline lineno="188"><highlight class="normal"></highlight></codeline>
<codeline lineno="189"><highlight class="normal"></highlight><highlight class="preprocessor"><sp/><sp/><sp/><sp/><sp/><sp/><sp/><sp/><sp/><sp/><sp/><sp/>#region<sp/>COMMENT</highlight><highlight class="normal"></highlight></codeline>
<codeline lineno="190"><highlight class="normal"><sp/><sp/><sp/><sp/><sp/><sp/><sp/><sp/><sp/><sp/><sp/><sp/></highlight><highlight class="comment">//<sp/>Add<sp/>commentary.</highlight><highlight class="normal"></highlight></codeline>
<codeline lineno="191"><highlight class="normal"><sp/><sp/><sp/><sp/><sp/><sp/><sp/><sp/><sp/><sp/><sp/><sp/></highlight><highlight class="keywordflow">if</highlight><highlight class="normal"><sp/>(<ref refid="d5/d10/class_uniform_data_operator_1_1_assemblies_management_1_1_members_handler" kindref="compound">MembersHandler</ref>.TryToGetAttribute&lt;<ref refid="d0/d7f/class_uniform_data_operator_1_1_sql_1_1_markup_1_1_commentary_attribute" kindref="compound">CommentaryAttribute</ref>&gt;(member,<sp/>out<sp/><ref refid="d0/d7f/class_uniform_data_operator_1_1_sql_1_1_markup_1_1_commentary_attribute" kindref="compound">CommentaryAttribute</ref><sp/>commentary))</highlight></codeline>
<codeline lineno="192"><highlight class="normal"><sp/><sp/><sp/><sp/><sp/><sp/><sp/><sp/><sp/><sp/><sp/><sp/>{</highlight></codeline>
<codeline lineno="193"><highlight class="normal"><sp/><sp/><sp/><sp/><sp/><sp/><sp/><sp/><sp/><sp/><sp/><sp/><sp/><sp/><sp/><sp/>command<sp/>+=<sp/></highlight><highlight class="stringliteral">&quot;<sp/>COMMENT<sp/>&apos;&quot;</highlight><highlight class="normal"><sp/>+<sp/>commentary<sp/>+<sp/></highlight><highlight class="stringliteral">&quot;&apos;&quot;</highlight><highlight class="normal">;</highlight></codeline>
<codeline lineno="194"><highlight class="normal"><sp/><sp/><sp/><sp/><sp/><sp/><sp/><sp/><sp/><sp/><sp/><sp/>}</highlight></codeline>
<codeline lineno="195"><highlight class="normal"></highlight><highlight class="preprocessor"><sp/><sp/><sp/><sp/><sp/><sp/><sp/><sp/><sp/><sp/><sp/><sp/>#endregion</highlight><highlight class="normal"></highlight></codeline>
<codeline lineno="196"><highlight class="normal"></highlight></codeline>
<codeline lineno="197"><highlight class="normal"><sp/><sp/><sp/><sp/><sp/><sp/><sp/><sp/><sp/><sp/><sp/><sp/></highlight><highlight class="keywordflow">return</highlight><highlight class="normal"><sp/>command;</highlight></codeline>
<codeline lineno="198"><highlight class="normal"><sp/><sp/><sp/><sp/><sp/><sp/><sp/><sp/>}</highlight></codeline>
<codeline lineno="199"><highlight class="normal"></highlight></codeline>
<codeline lineno="200"><highlight class="normal"></highlight><highlight class="preprocessor"><sp/><sp/><sp/><sp/><sp/><sp/><sp/><sp/>#region<sp/>Auto<sp/>set<sp/>to<sp/>object<sp/>data<sp/>to<sp/>database</highlight><highlight class="normal"></highlight></codeline>
<codeline lineno="201"><highlight class="normal"><sp/><sp/><sp/><sp/><sp/><sp/><sp/><sp/></highlight><highlight class="keyword">public</highlight><highlight class="normal"><sp/>DbCommand<sp/>GenerateSetToTableCommand(Type<sp/>tableType,<sp/></highlight><highlight class="keywordtype">object</highlight><highlight class="normal"><sp/>data,<sp/>out<sp/></highlight><highlight class="keywordtype">string</highlight><highlight class="normal"><sp/>error)</highlight></codeline>
<codeline lineno="211"><highlight class="normal"><sp/><sp/><sp/><sp/><sp/><sp/><sp/><sp/>{</highlight></codeline>
<codeline lineno="212"><highlight class="normal"></highlight><highlight class="preprocessor"><sp/><sp/><sp/><sp/><sp/><sp/><sp/><sp/><sp/><sp/><sp/><sp/>#region<sp/>Validate<sp/>entry<sp/>data</highlight><highlight class="normal"></highlight></codeline>
<codeline lineno="213"><highlight class="normal"><sp/><sp/><sp/><sp/><sp/><sp/><sp/><sp/><sp/><sp/><sp/><sp/></highlight><highlight class="comment">//<sp/>Check<sp/>is<sp/>SQL<sp/>operator<sp/>exist.</highlight><highlight class="normal"></highlight></codeline>
<codeline lineno="214"><highlight class="normal"><sp/><sp/><sp/><sp/><sp/><sp/><sp/><sp/><sp/><sp/><sp/><sp/></highlight><highlight class="keywordflow">if</highlight><highlight class="normal"><sp/>(Active<sp/>==<sp/>null)</highlight></codeline>
<codeline lineno="215"><highlight class="normal"><sp/><sp/><sp/><sp/><sp/><sp/><sp/><sp/><sp/><sp/><sp/><sp/>{</highlight></codeline>
<codeline lineno="216"><highlight class="normal"><sp/><sp/><sp/><sp/><sp/><sp/><sp/><sp/><sp/><sp/><sp/><sp/><sp/><sp/><sp/><sp/></highlight><highlight class="keywordflow">throw</highlight><highlight class="normal"><sp/></highlight><highlight class="keyword">new</highlight><highlight class="normal"><sp/>NullReferenceException(</highlight><highlight class="stringliteral">&quot;Active<sp/>&apos;ISQLOperator&apos;<sp/>not<sp/>exist.<sp/>Select<sp/>it<sp/>before<sp/>managing<sp/>of<sp/>database.&quot;</highlight><highlight class="normal">);</highlight></codeline>
<codeline lineno="217"><highlight class="normal"><sp/><sp/><sp/><sp/><sp/><sp/><sp/><sp/><sp/><sp/><sp/><sp/>}</highlight></codeline>
<codeline lineno="218"><highlight class="normal"></highlight></codeline>
<codeline lineno="219"><highlight class="normal"><sp/><sp/><sp/><sp/><sp/><sp/><sp/><sp/><sp/><sp/><sp/><sp/></highlight><highlight class="comment">//<sp/>Loking<sp/>for<sp/>table<sp/>descriptor.</highlight><highlight class="normal"></highlight></codeline>
<codeline lineno="220"><highlight class="normal"><sp/><sp/><sp/><sp/><sp/><sp/><sp/><sp/><sp/><sp/><sp/><sp/></highlight><highlight class="keywordflow">if</highlight><highlight class="normal">(!<ref refid="d3/d61/class_uniform_data_operator_1_1_sql_1_1_markup_1_1_table_attribute" kindref="compound">TableAttribute</ref>.<ref refid="d3/d61/class_uniform_data_operator_1_1_sql_1_1_markup_1_1_table_attribute_1ace5105a7193faa48f53f32ce58a2a58c" kindref="member">TryToGetTableAttribute</ref>(tableType,<sp/>out<sp/><ref refid="d3/d61/class_uniform_data_operator_1_1_sql_1_1_markup_1_1_table_attribute" kindref="compound">TableAttribute</ref><sp/>tableDescriptor,<sp/>out<sp/>error))</highlight></codeline>
<codeline lineno="221"><highlight class="normal"><sp/><sp/><sp/><sp/><sp/><sp/><sp/><sp/><sp/><sp/><sp/><sp/>{</highlight></codeline>
<codeline lineno="222"><highlight class="normal"><sp/><sp/><sp/><sp/><sp/><sp/><sp/><sp/><sp/><sp/><sp/><sp/><sp/><sp/><sp/><sp/></highlight><highlight class="keywordflow">return</highlight><highlight class="normal"><sp/>null;</highlight></codeline>
<codeline lineno="223"><highlight class="normal"><sp/><sp/><sp/><sp/><sp/><sp/><sp/><sp/><sp/><sp/><sp/><sp/>}</highlight></codeline>
<codeline lineno="224"><highlight class="normal"></highlight><highlight class="preprocessor"><sp/><sp/><sp/><sp/><sp/><sp/><sp/><sp/><sp/><sp/><sp/><sp/>#endregion</highlight><highlight class="normal"></highlight></codeline>
<codeline lineno="225"><highlight class="normal"></highlight></codeline>
<codeline lineno="226"><highlight class="normal"></highlight><highlight class="preprocessor"><sp/><sp/><sp/><sp/><sp/><sp/><sp/><sp/><sp/><sp/><sp/><sp/>#region<sp/>Members<sp/>detection</highlight><highlight class="normal"></highlight></codeline>
<codeline lineno="227"><highlight class="normal"><sp/><sp/><sp/><sp/><sp/><sp/><sp/><sp/><sp/><sp/><sp/><sp/></highlight><highlight class="comment">//<sp/>Detect<sp/>memebers<sp/>on<sp/>objects<sp/>that<sp/>contain<sp/>columns<sp/>definition.</highlight><highlight class="normal"></highlight></codeline>
<codeline lineno="228"><highlight class="normal"><sp/><sp/><sp/><sp/><sp/><sp/><sp/><sp/><sp/><sp/><sp/><sp/>List&lt;MemberInfo&gt;<sp/>members<sp/>=<sp/><ref refid="d5/d10/class_uniform_data_operator_1_1_assemblies_management_1_1_members_handler" kindref="compound">MembersHandler</ref>.FindMembersWithAttribute&lt;<ref refid="d0/d68/class_uniform_data_operator_1_1_sql_1_1_markup_1_1_column_attribute" kindref="compound">ColumnAttribute</ref>&gt;(data.GetType()).ToList();</highlight></codeline>
<codeline lineno="229"><highlight class="normal"></highlight></codeline>
<codeline lineno="230"><highlight class="normal"><sp/><sp/><sp/><sp/><sp/><sp/><sp/><sp/><sp/><sp/><sp/><sp/></highlight><highlight class="comment">//<sp/>Drop<sp/>set<sp/>ignore<sp/>columns.</highlight><highlight class="normal"></highlight></codeline>
<codeline lineno="231"><highlight class="normal"><sp/><sp/><sp/><sp/><sp/><sp/><sp/><sp/><sp/><sp/><sp/><sp/>members<sp/>=<sp/><ref refid="d5/d10/class_uniform_data_operator_1_1_assemblies_management_1_1_members_handler" kindref="compound">MembersHandler</ref>.FindMembersWithoutAttribute&lt;<ref refid="db/d05/class_uniform_data_operator_1_1_sql_1_1_markup_1_1_modifiers_1_1_set_query_ignore_attribute" kindref="compound">SetQueryIgnoreAttribute</ref>&gt;(members).ToList();</highlight></codeline>
<codeline lineno="232"><highlight class="normal"></highlight></codeline>
<codeline lineno="233"><highlight class="normal"><sp/><sp/><sp/><sp/><sp/><sp/><sp/><sp/><sp/><sp/><sp/><sp/></highlight><highlight class="comment">//<sp/>Drop<sp/>virtual<sp/>generated<sp/>columns.</highlight><highlight class="normal"></highlight></codeline>
<codeline lineno="234"><highlight class="normal"><sp/><sp/><sp/><sp/><sp/><sp/><sp/><sp/><sp/><sp/><sp/><sp/></highlight><highlight class="keywordtype">bool</highlight><highlight class="normal"><sp/>NotVirtual(MemberInfo<sp/>member)</highlight></codeline>
<codeline lineno="235"><highlight class="normal"><sp/><sp/><sp/><sp/><sp/><sp/><sp/><sp/><sp/><sp/><sp/><sp/>{</highlight></codeline>
<codeline lineno="236"><highlight class="normal"><sp/><sp/><sp/><sp/><sp/><sp/><sp/><sp/><sp/><sp/><sp/><sp/><sp/><sp/><sp/><sp/></highlight><highlight class="keywordflow">return</highlight><highlight class="normal"><sp/>!(member.GetCustomAttribute&lt;<ref refid="db/d72/class_uniform_data_operator_1_1_sql_1_1_markup_1_1_is_generated_attribute" kindref="compound">IsGeneratedAttribute</ref>&gt;()<sp/>is<sp/><ref refid="db/d72/class_uniform_data_operator_1_1_sql_1_1_markup_1_1_is_generated_attribute" kindref="compound">IsGeneratedAttribute</ref><sp/>isGenerated)<sp/>||</highlight></codeline>
<codeline lineno="237"><highlight class="normal"><sp/><sp/><sp/><sp/><sp/><sp/><sp/><sp/><sp/><sp/><sp/><sp/><sp/><sp/><sp/><sp/><sp/><sp/><sp/><sp/>isGenerated.mode<sp/>!=<sp/><ref refid="db/d72/class_uniform_data_operator_1_1_sql_1_1_markup_1_1_is_generated_attribute" kindref="compound">IsGeneratedAttribute</ref>.<ref refid="db/d72/class_uniform_data_operator_1_1_sql_1_1_markup_1_1_is_generated_attribute_1a03e5e76ff63dbcf2cca5746e3098b23d" kindref="member">Mode</ref>.Virual;</highlight></codeline>
<codeline lineno="238"><highlight class="normal"><sp/><sp/><sp/><sp/><sp/><sp/><sp/><sp/><sp/><sp/><sp/><sp/>};</highlight></codeline>
<codeline lineno="239"><highlight class="normal"><sp/><sp/><sp/><sp/><sp/><sp/><sp/><sp/><sp/><sp/><sp/><sp/>members<sp/>=<sp/><ref refid="d5/d10/class_uniform_data_operator_1_1_assemblies_management_1_1_members_handler" kindref="compound">MembersHandler</ref>.FindMembersWithoutAttribute&lt;<ref refid="db/d72/class_uniform_data_operator_1_1_sql_1_1_markup_1_1_is_generated_attribute" kindref="compound">IsGeneratedAttribute</ref>&gt;(members,<sp/>NotVirtual).ToList();</highlight></codeline>
<codeline lineno="240"><highlight class="normal"></highlight></codeline>
<codeline lineno="241"><highlight class="normal"><sp/><sp/><sp/><sp/><sp/><sp/><sp/><sp/><sp/><sp/><sp/><sp/></highlight><highlight class="comment">//<sp/>Trying<sp/>to<sp/>detect<sp/>member<sp/>with<sp/>defined<sp/>isAutoIncrement<sp/>attribute<sp/>that<sp/>has<sp/>default<sp/>value.</highlight><highlight class="normal"></highlight></codeline>
<codeline lineno="242"><highlight class="normal"><sp/><sp/><sp/><sp/><sp/><sp/><sp/><sp/><sp/><sp/><sp/><sp/>MemberInfo<sp/>autoIncrementMember<sp/>=<sp/>null;</highlight></codeline>
<codeline lineno="243"><highlight class="normal"><sp/><sp/><sp/><sp/><sp/><sp/><sp/><sp/><sp/><sp/><sp/><sp/></highlight><highlight class="keywordflow">try</highlight><highlight class="normal"></highlight></codeline>
<codeline lineno="244"><highlight class="normal"><sp/><sp/><sp/><sp/><sp/><sp/><sp/><sp/><sp/><sp/><sp/><sp/>{</highlight></codeline>
<codeline lineno="245"><highlight class="normal"><sp/><sp/><sp/><sp/><sp/><sp/><sp/><sp/><sp/><sp/><sp/><sp/><sp/><sp/><sp/><sp/>autoIncrementMember<sp/>=<sp/><ref refid="d8/dbb/class_uniform_data_operator_1_1_sql_1_1_markup_1_1_is_auto_increment_attribute" kindref="compound">IsAutoIncrementAttribute</ref>.<ref refid="d8/dbb/class_uniform_data_operator_1_1_sql_1_1_markup_1_1_is_auto_increment_attribute_1ac2747b8dff8be12c4460ed75de72047b" kindref="member">GetIgnorable</ref>(ref<sp/>data,<sp/>members);</highlight></codeline>
<codeline lineno="246"><highlight class="normal"><sp/><sp/><sp/><sp/><sp/><sp/><sp/><sp/><sp/><sp/><sp/><sp/>}</highlight></codeline>
<codeline lineno="247"><highlight class="normal"><sp/><sp/><sp/><sp/><sp/><sp/><sp/><sp/><sp/><sp/><sp/><sp/></highlight><highlight class="keywordflow">catch</highlight><highlight class="normal"><sp/>(Exception<sp/>ex)</highlight></codeline>
<codeline lineno="248"><highlight class="normal"><sp/><sp/><sp/><sp/><sp/><sp/><sp/><sp/><sp/><sp/><sp/><sp/>{</highlight></codeline>
<codeline lineno="249"><highlight class="normal"><sp/><sp/><sp/><sp/><sp/><sp/><sp/><sp/><sp/><sp/><sp/><sp/><sp/><sp/><sp/><sp/>error<sp/>=<sp/>ex.Message;</highlight></codeline>
<codeline lineno="250"><highlight class="normal"><sp/><sp/><sp/><sp/><sp/><sp/><sp/><sp/><sp/><sp/><sp/><sp/><sp/><sp/><sp/><sp/></highlight><highlight class="keywordflow">return</highlight><highlight class="normal"><sp/>null;</highlight></codeline>
<codeline lineno="251"><highlight class="normal"><sp/><sp/><sp/><sp/><sp/><sp/><sp/><sp/><sp/><sp/><sp/><sp/>}</highlight></codeline>
<codeline lineno="252"><highlight class="normal"><sp/><sp/><sp/><sp/><sp/><sp/><sp/><sp/><sp/><sp/><sp/><sp/></highlight><highlight class="comment">//<sp/>Remove<sp/>ignorable.</highlight><highlight class="normal"></highlight></codeline>
<codeline lineno="253"><highlight class="normal"><sp/><sp/><sp/><sp/><sp/><sp/><sp/><sp/><sp/><sp/><sp/><sp/></highlight><highlight class="keywordflow">if</highlight><highlight class="normal"><sp/>(autoIncrementMember<sp/>!=<sp/>null)</highlight></codeline>
<codeline lineno="254"><highlight class="normal"><sp/><sp/><sp/><sp/><sp/><sp/><sp/><sp/><sp/><sp/><sp/><sp/>{</highlight></codeline>
<codeline lineno="255"><highlight class="normal"><sp/><sp/><sp/><sp/><sp/><sp/><sp/><sp/><sp/><sp/><sp/><sp/><sp/><sp/><sp/><sp/>members.Remove(autoIncrementMember);</highlight></codeline>
<codeline lineno="256"><highlight class="normal"><sp/><sp/><sp/><sp/><sp/><sp/><sp/><sp/><sp/><sp/><sp/><sp/>}</highlight></codeline>
<codeline lineno="257"><highlight class="normal"></highlight></codeline>
<codeline lineno="258"><highlight class="normal"><sp/><sp/><sp/><sp/><sp/><sp/><sp/><sp/><sp/><sp/><sp/><sp/></highlight><highlight class="comment">//<sp/>Find<sp/>our<sp/>not<sp/>key<sp/>elements.</highlight><highlight class="normal"></highlight></codeline>
<codeline lineno="259"><highlight class="normal"><sp/><sp/><sp/><sp/><sp/><sp/><sp/><sp/><sp/><sp/><sp/><sp/>IEnumerable&lt;MemberInfo&gt;<sp/>membersNK<sp/>=<sp/><ref refid="d5/d10/class_uniform_data_operator_1_1_assemblies_management_1_1_members_handler" kindref="compound">MembersHandler</ref>.FindMembersWithoutAttribute&lt;<ref refid="d2/d28/class_uniform_data_operator_1_1_sql_1_1_markup_1_1_is_primary_key_attribute" kindref="compound">IsPrimaryKeyAttribute</ref>&gt;(members);</highlight></codeline>
<codeline lineno="260"><highlight class="normal"></highlight><highlight class="preprocessor"><sp/><sp/><sp/><sp/><sp/><sp/><sp/><sp/><sp/><sp/><sp/><sp/>#endregion</highlight><highlight class="normal"></highlight></codeline>
<codeline lineno="261"><highlight class="normal"></highlight></codeline>
<codeline lineno="262"><highlight class="normal"></highlight><highlight class="preprocessor"><sp/><sp/><sp/><sp/><sp/><sp/><sp/><sp/><sp/><sp/><sp/><sp/>#region<sp/>Generating<sp/>command</highlight><highlight class="normal"></highlight></codeline>
<codeline lineno="263"><highlight class="normal"><sp/><sp/><sp/><sp/><sp/><sp/><sp/><sp/><sp/><sp/><sp/><sp/></highlight><highlight class="comment">//<sp/>Command<sp/>that<sp/>can<sp/>be<sp/>executed<sp/>on<sp/>the<sp/>server.</highlight><highlight class="normal"></highlight></codeline>
<codeline lineno="264"><highlight class="normal"><sp/><sp/><sp/><sp/><sp/><sp/><sp/><sp/><sp/><sp/><sp/><sp/>DbCommand<sp/>command<sp/>=<sp/>Active.NewCommand();</highlight></codeline>
<codeline lineno="265"><highlight class="normal"></highlight></codeline>
<codeline lineno="266"><highlight class="normal"><sp/><sp/><sp/><sp/><sp/><sp/><sp/><sp/><sp/><sp/><sp/><sp/></highlight><highlight class="comment">//<sp/>Set<sp/>values<sp/>as<sp/>local<sp/>params.</highlight><highlight class="normal"></highlight></codeline>
<codeline lineno="267"><highlight class="normal"><sp/><sp/><sp/><sp/><sp/><sp/><sp/><sp/><sp/><sp/><sp/><sp/><ref refid="d0/d68/class_uniform_data_operator_1_1_sql_1_1_markup_1_1_column_attribute" kindref="compound">ColumnAttribute</ref>.<ref refid="d0/d68/class_uniform_data_operator_1_1_sql_1_1_markup_1_1_column_attribute_1aace39db1b2c58ae0f181a0a6eea8b58b" kindref="member">MembersDataToCommand</ref>(ref<sp/>data,<sp/>ref<sp/>command,<sp/>members);</highlight></codeline>
<codeline lineno="268"><highlight class="normal"></highlight></codeline>
<codeline lineno="269"><highlight class="normal"><sp/><sp/><sp/><sp/><sp/><sp/><sp/><sp/><sp/><sp/><sp/><sp/></highlight><highlight class="comment">//<sp/>Getting<sp/>metas.</highlight><highlight class="normal"></highlight></codeline>
<codeline lineno="270"><highlight class="normal"><sp/><sp/><sp/><sp/><sp/><sp/><sp/><sp/><sp/><sp/><sp/><sp/><ref refid="d0/d68/class_uniform_data_operator_1_1_sql_1_1_markup_1_1_column_attribute" kindref="compound">ColumnAttribute</ref>.<ref refid="d0/d68/class_uniform_data_operator_1_1_sql_1_1_markup_1_1_column_attribute_1a08a75320f0f56cd19df66367ef876689" kindref="member">MembersToMetaLists</ref>(members,<sp/>out<sp/>List&lt;ColumnAttribute&gt;<sp/>membersColumns,<sp/>out<sp/>List&lt;string&gt;<sp/>membersVars);</highlight></codeline>
<codeline lineno="271"><highlight class="normal"><sp/><sp/><sp/><sp/><sp/><sp/><sp/><sp/><sp/><sp/><sp/><sp/><ref refid="d0/d68/class_uniform_data_operator_1_1_sql_1_1_markup_1_1_column_attribute" kindref="compound">ColumnAttribute</ref>.<ref refid="d0/d68/class_uniform_data_operator_1_1_sql_1_1_markup_1_1_column_attribute_1a08a75320f0f56cd19df66367ef876689" kindref="member">MembersToMetaLists</ref>(membersNK,<sp/>out<sp/>List&lt;ColumnAttribute&gt;<sp/>membersNKColumns,<sp/>out<sp/>List&lt;string&gt;<sp/>membersNKVars);</highlight></codeline>
<codeline lineno="272"><highlight class="normal"></highlight></codeline>
<codeline lineno="273"><highlight class="normal"><sp/><sp/><sp/><sp/><sp/><sp/><sp/><sp/><sp/><sp/><sp/><sp/></highlight><highlight class="keywordtype">string</highlight><highlight class="normal"><sp/>commadText<sp/>=<sp/></highlight><highlight class="stringliteral">&quot;&quot;</highlight><highlight class="normal">;</highlight></codeline>
<codeline lineno="274"><highlight class="normal"><sp/><sp/><sp/><sp/><sp/><sp/><sp/><sp/><sp/><sp/><sp/><sp/>commadText<sp/>+=<sp/></highlight><highlight class="stringliteral">&quot;INSERT<sp/>INTO<sp/>`&quot;</highlight><highlight class="normal"><sp/>+<sp/>tableDescriptor.schema<sp/>+<sp/></highlight><highlight class="stringliteral">&quot;`.`&quot;</highlight><highlight class="normal"><sp/>+<sp/>tableDescriptor.table<sp/>+<sp/></highlight><highlight class="stringliteral">&quot;`\n&quot;</highlight><highlight class="normal">;</highlight></codeline>
<codeline lineno="275"><highlight class="normal"><sp/><sp/><sp/><sp/><sp/><sp/><sp/><sp/><sp/><sp/><sp/><sp/>commadText<sp/>+=<sp/></highlight><highlight class="stringliteral">&quot;\t\t(&quot;</highlight><highlight class="normal"><sp/>+<sp/>SqlOperatorHandler.CollectionToString(membersColumns)<sp/>+<sp/></highlight><highlight class="stringliteral">&quot;)\n&quot;</highlight><highlight class="normal">;</highlight></codeline>
<codeline lineno="276"><highlight class="normal"><sp/><sp/><sp/><sp/><sp/><sp/><sp/><sp/><sp/><sp/><sp/><sp/>commadText<sp/>+=<sp/></highlight><highlight class="stringliteral">&quot;\tVALUES\n&quot;</highlight><highlight class="normal">;</highlight></codeline>
<codeline lineno="277"><highlight class="normal"><sp/><sp/><sp/><sp/><sp/><sp/><sp/><sp/><sp/><sp/><sp/><sp/>commadText<sp/>+=<sp/></highlight><highlight class="stringliteral">&quot;\t\t(&quot;</highlight><highlight class="normal"><sp/>+<sp/>SqlOperatorHandler.CollectionToString(membersVars)<sp/>+<sp/></highlight><highlight class="stringliteral">&quot;)\n&quot;</highlight><highlight class="normal">;</highlight></codeline>
<codeline lineno="278"><highlight class="normal"><sp/><sp/><sp/><sp/><sp/><sp/><sp/><sp/><sp/><sp/><sp/><sp/>commadText<sp/>+=<sp/></highlight><highlight class="stringliteral">&quot;\tON<sp/>DUPLICATE<sp/>KEY<sp/>UPDATE\n&quot;</highlight><highlight class="normal">;</highlight></codeline>
<codeline lineno="279"><highlight class="normal"><sp/><sp/><sp/><sp/><sp/><sp/><sp/><sp/><sp/><sp/><sp/><sp/>commadText<sp/>+=<sp/></highlight><highlight class="stringliteral">&quot;\t\t&quot;</highlight><highlight class="normal"><sp/>+<sp/>SqlOperatorHandler.ConcatFormatedCollections(membersNKColumns,<sp/>membersNKVars,<sp/></highlight><highlight class="charliteral">&apos;\0&apos;</highlight><highlight class="normal">)<sp/>+<sp/></highlight><highlight class="stringliteral">&quot;;\n&quot;</highlight><highlight class="normal">;</highlight></codeline>
<codeline lineno="280"><highlight class="normal"></highlight></codeline>
<codeline lineno="281"><highlight class="normal"><sp/><sp/><sp/><sp/><sp/><sp/><sp/><sp/><sp/><sp/><sp/><sp/>command.CommandText<sp/>=<sp/>commadText;</highlight></codeline>
<codeline lineno="282"><highlight class="normal"></highlight><highlight class="preprocessor"><sp/><sp/><sp/><sp/><sp/><sp/><sp/><sp/><sp/><sp/><sp/><sp/>#endregion</highlight><highlight class="normal"></highlight></codeline>
<codeline lineno="283"><highlight class="normal"></highlight></codeline>
<codeline lineno="284"><highlight class="normal"><sp/><sp/><sp/><sp/><sp/><sp/><sp/><sp/><sp/><sp/><sp/><sp/>error<sp/>=<sp/>null;</highlight></codeline>
<codeline lineno="285"><highlight class="normal"><sp/><sp/><sp/><sp/><sp/><sp/><sp/><sp/><sp/><sp/><sp/><sp/></highlight><highlight class="keywordflow">return</highlight><highlight class="normal"><sp/>command;</highlight></codeline>
<codeline lineno="286"><highlight class="normal"><sp/><sp/><sp/><sp/><sp/><sp/><sp/><sp/>}</highlight></codeline>
<codeline lineno="287"><highlight class="normal"></highlight></codeline>
<codeline lineno="296"><highlight class="normal"><sp/><sp/><sp/><sp/><sp/><sp/><sp/><sp/></highlight><highlight class="keyword">public</highlight><highlight class="normal"><sp/></highlight><highlight class="keywordtype">bool</highlight><highlight class="normal"><sp/>SetToTable&lt;T&gt;(</highlight><highlight class="keywordtype">object</highlight><highlight class="normal"><sp/>data,<sp/>out<sp/></highlight><highlight class="keywordtype">string</highlight><highlight class="normal"><sp/>error)</highlight></codeline>
<codeline lineno="297"><highlight class="normal"><sp/><sp/><sp/><sp/><sp/><sp/><sp/><sp/>{</highlight></codeline>
<codeline lineno="298"><highlight class="normal"><sp/><sp/><sp/><sp/><sp/><sp/><sp/><sp/><sp/><sp/><sp/><sp/></highlight><highlight class="comment">//<sp/>Retrun<sp/>true<sp/>if<sp/>query<sp/>was<sp/>success,<sp/>false<sp/>if<sp/>rows<sp/>not<sp/>affected.</highlight><highlight class="normal"></highlight></codeline>
<codeline lineno="299"><highlight class="normal"><sp/><sp/><sp/><sp/><sp/><sp/><sp/><sp/><sp/><sp/><sp/><sp/></highlight><highlight class="keywordflow">return</highlight><highlight class="normal"><sp/>SetToTable(typeof(T),<sp/>data,<sp/>out<sp/>error);</highlight></codeline>
<codeline lineno="300"><highlight class="normal"><sp/><sp/><sp/><sp/><sp/><sp/><sp/><sp/>}</highlight></codeline>
<codeline lineno="301"><highlight class="normal"></highlight></codeline>
<codeline lineno="310"><highlight class="normal"><sp/><sp/><sp/><sp/><sp/><sp/><sp/><sp/></highlight><highlight class="keyword">public</highlight><highlight class="normal"><sp/></highlight><highlight class="keywordtype">bool</highlight><highlight class="normal"><sp/>SetToTable(Type<sp/>tableType,<sp/></highlight><highlight class="keywordtype">object</highlight><highlight class="normal"><sp/>data,<sp/>out<sp/></highlight><highlight class="keywordtype">string</highlight><highlight class="normal"><sp/>error)</highlight></codeline>
<codeline lineno="311"><highlight class="normal"><sp/><sp/><sp/><sp/><sp/><sp/><sp/><sp/>{</highlight></codeline>
<codeline lineno="312"><highlight class="normal"><sp/><sp/><sp/><sp/><sp/><sp/><sp/><sp/><sp/><sp/><sp/><sp/></highlight><highlight class="comment">//<sp/>Generate<sp/>command</highlight><highlight class="normal"></highlight></codeline>
<codeline lineno="313"><highlight class="normal"><sp/><sp/><sp/><sp/><sp/><sp/><sp/><sp/><sp/><sp/><sp/><sp/></highlight><highlight class="keyword">using</highlight><highlight class="normal"><sp/>(DbCommand<sp/>command<sp/>=<sp/>GenerateSetToTableCommand(tableType,<sp/>data,<sp/>out<sp/>error))</highlight></codeline>
<codeline lineno="314"><highlight class="normal"><sp/><sp/><sp/><sp/><sp/><sp/><sp/><sp/><sp/><sp/><sp/><sp/>{</highlight></codeline>
<codeline lineno="315"><highlight class="normal"><sp/><sp/><sp/><sp/><sp/><sp/><sp/><sp/><sp/><sp/><sp/><sp/><sp/><sp/><sp/><sp/></highlight><highlight class="comment">//<sp/>Drop<sp/>if<sp/>error<sp/>has<sp/>been<sp/>occured.</highlight><highlight class="normal"></highlight></codeline>
<codeline lineno="316"><highlight class="normal"><sp/><sp/><sp/><sp/><sp/><sp/><sp/><sp/><sp/><sp/><sp/><sp/><sp/><sp/><sp/><sp/></highlight><highlight class="keywordflow">if</highlight><highlight class="normal"><sp/>(!</highlight><highlight class="keywordtype">string</highlight><highlight class="normal">.IsNullOrEmpty(error))</highlight></codeline>
<codeline lineno="317"><highlight class="normal"><sp/><sp/><sp/><sp/><sp/><sp/><sp/><sp/><sp/><sp/><sp/><sp/><sp/><sp/><sp/><sp/>{</highlight></codeline>
<codeline lineno="318"><highlight class="normal"><sp/><sp/><sp/><sp/><sp/><sp/><sp/><sp/><sp/><sp/><sp/><sp/><sp/><sp/><sp/><sp/><sp/><sp/><sp/><sp/></highlight><highlight class="keywordflow">return</highlight><highlight class="normal"><sp/></highlight><highlight class="keyword">false</highlight><highlight class="normal">;</highlight></codeline>
<codeline lineno="319"><highlight class="normal"><sp/><sp/><sp/><sp/><sp/><sp/><sp/><sp/><sp/><sp/><sp/><sp/><sp/><sp/><sp/><sp/>}</highlight></codeline>
<codeline lineno="320"><highlight class="normal"></highlight></codeline>
<codeline lineno="321"><highlight class="normal"></highlight><highlight class="preprocessor"><sp/><sp/><sp/><sp/><sp/><sp/><sp/><sp/><sp/><sp/><sp/><sp/><sp/><sp/><sp/><sp/>#region<sp/>Execute<sp/>command</highlight><highlight class="normal"></highlight></codeline>
<codeline lineno="322"><highlight class="normal"><sp/><sp/><sp/><sp/><sp/><sp/><sp/><sp/><sp/><sp/><sp/><sp/><sp/><sp/><sp/><sp/></highlight><highlight class="comment">//<sp/>Opening<sp/>connection<sp/>to<sp/>DB<sp/>srver.</highlight><highlight class="normal"></highlight></codeline>
<codeline lineno="323"><highlight class="normal"><sp/><sp/><sp/><sp/><sp/><sp/><sp/><sp/><sp/><sp/><sp/><sp/><sp/><sp/><sp/><sp/></highlight><highlight class="keywordflow">if</highlight><highlight class="normal"><sp/>(!Active.OpenConnection(out<sp/>error))</highlight></codeline>
<codeline lineno="324"><highlight class="normal"><sp/><sp/><sp/><sp/><sp/><sp/><sp/><sp/><sp/><sp/><sp/><sp/><sp/><sp/><sp/><sp/>{</highlight></codeline>
<codeline lineno="325"><highlight class="normal"><sp/><sp/><sp/><sp/><sp/><sp/><sp/><sp/><sp/><sp/><sp/><sp/><sp/><sp/><sp/><sp/><sp/><sp/><sp/><sp/></highlight><highlight class="keywordflow">return</highlight><highlight class="normal"><sp/></highlight><highlight class="keyword">false</highlight><highlight class="normal">;</highlight></codeline>
<codeline lineno="326"><highlight class="normal"><sp/><sp/><sp/><sp/><sp/><sp/><sp/><sp/><sp/><sp/><sp/><sp/><sp/><sp/><sp/><sp/>}</highlight></codeline>
<codeline lineno="327"><highlight class="normal"></highlight></codeline>
<codeline lineno="328"><highlight class="normal"><sp/><sp/><sp/><sp/><sp/><sp/><sp/><sp/><sp/><sp/><sp/><sp/><sp/><sp/><sp/><sp/></highlight><highlight class="comment">//<sp/>Executing<sp/>command.</highlight><highlight class="normal"></highlight></codeline>
<codeline lineno="329"><highlight class="normal"><sp/><sp/><sp/><sp/><sp/><sp/><sp/><sp/><sp/><sp/><sp/><sp/><sp/><sp/><sp/><sp/>command.Connection<sp/>=<sp/>Active.Connection;</highlight></codeline>
<codeline lineno="330"><highlight class="normal"></highlight></codeline>
<codeline lineno="331"><highlight class="normal"><sp/><sp/><sp/><sp/><sp/><sp/><sp/><sp/><sp/><sp/><sp/><sp/><sp/><sp/><sp/><sp/></highlight><highlight class="keywordtype">int</highlight><highlight class="normal"><sp/>affectedRowsCount;</highlight></codeline>
<codeline lineno="332"><highlight class="normal"><sp/><sp/><sp/><sp/><sp/><sp/><sp/><sp/><sp/><sp/><sp/><sp/><sp/><sp/><sp/><sp/></highlight><highlight class="keywordflow">try</highlight><highlight class="normal"></highlight></codeline>
<codeline lineno="333"><highlight class="normal"><sp/><sp/><sp/><sp/><sp/><sp/><sp/><sp/><sp/><sp/><sp/><sp/><sp/><sp/><sp/><sp/>{</highlight></codeline>
<codeline lineno="334"><highlight class="normal"><sp/><sp/><sp/><sp/><sp/><sp/><sp/><sp/><sp/><sp/><sp/><sp/><sp/><sp/><sp/><sp/><sp/><sp/><sp/><sp/>affectedRowsCount<sp/>=<sp/>command.ExecuteNonQuery();</highlight></codeline>
<codeline lineno="335"><highlight class="normal"><sp/><sp/><sp/><sp/><sp/><sp/><sp/><sp/><sp/><sp/><sp/><sp/><sp/><sp/><sp/><sp/>}</highlight></codeline>
<codeline lineno="336"><highlight class="normal"><sp/><sp/><sp/><sp/><sp/><sp/><sp/><sp/><sp/><sp/><sp/><sp/><sp/><sp/><sp/><sp/></highlight><highlight class="keywordflow">catch</highlight><highlight class="normal"><sp/>(Exception<sp/>ex)</highlight></codeline>
<codeline lineno="337"><highlight class="normal"><sp/><sp/><sp/><sp/><sp/><sp/><sp/><sp/><sp/><sp/><sp/><sp/><sp/><sp/><sp/><sp/>{</highlight></codeline>
<codeline lineno="338"><highlight class="normal"><sp/><sp/><sp/><sp/><sp/><sp/><sp/><sp/><sp/><sp/><sp/><sp/><sp/><sp/><sp/><sp/><sp/><sp/><sp/><sp/></highlight><highlight class="keywordflow">throw</highlight><highlight class="normal"><sp/></highlight><highlight class="keyword">new</highlight><highlight class="normal"><sp/>Exception(</highlight><highlight class="stringliteral">&quot;Query<sp/>not<sp/>exeuted.<sp/>Query:\n&quot;</highlight><highlight class="normal"><sp/>+<sp/>command.CommandText<sp/>+<sp/></highlight><highlight class="stringliteral">&quot;\n\nDetails:\n&quot;</highlight><highlight class="normal"><sp/>+<sp/>ex.Message);</highlight></codeline>
<codeline lineno="339"><highlight class="normal"><sp/><sp/><sp/><sp/><sp/><sp/><sp/><sp/><sp/><sp/><sp/><sp/><sp/><sp/><sp/><sp/>}</highlight></codeline>
<codeline lineno="340"><highlight class="normal"></highlight></codeline>
<codeline lineno="341"><highlight class="normal"><sp/><sp/><sp/><sp/><sp/><sp/><sp/><sp/><sp/><sp/><sp/><sp/><sp/><sp/><sp/><sp/></highlight><highlight class="comment">//<sp/>Closing<sp/>connection.</highlight><highlight class="normal"></highlight></codeline>
<codeline lineno="342"><highlight class="normal"><sp/><sp/><sp/><sp/><sp/><sp/><sp/><sp/><sp/><sp/><sp/><sp/><sp/><sp/><sp/><sp/>Active.CloseConnection();</highlight></codeline>
<codeline lineno="343"><highlight class="normal"></highlight><highlight class="preprocessor"><sp/><sp/><sp/><sp/><sp/><sp/><sp/><sp/><sp/><sp/><sp/><sp/><sp/><sp/><sp/><sp/>#endregion</highlight><highlight class="normal"></highlight></codeline>
<codeline lineno="344"><highlight class="normal"></highlight></codeline>
<codeline lineno="345"><highlight class="normal"><sp/><sp/><sp/><sp/><sp/><sp/><sp/><sp/><sp/><sp/><sp/><sp/><sp/><sp/><sp/><sp/></highlight><highlight class="comment">//<sp/>Retrun<sp/>true<sp/>if<sp/>query<sp/>was<sp/>success,<sp/>false<sp/>if<sp/>rows<sp/>not<sp/>affected.</highlight><highlight class="normal"></highlight></codeline>
<codeline lineno="346"><highlight class="normal"><sp/><sp/><sp/><sp/><sp/><sp/><sp/><sp/><sp/><sp/><sp/><sp/><sp/><sp/><sp/><sp/></highlight><highlight class="keywordflow">return</highlight><highlight class="normal"><sp/>affectedRowsCount<sp/>&gt;<sp/>0;</highlight></codeline>
<codeline lineno="347"><highlight class="normal"><sp/><sp/><sp/><sp/><sp/><sp/><sp/><sp/><sp/><sp/><sp/><sp/>}</highlight></codeline>
<codeline lineno="348"><highlight class="normal"><sp/><sp/><sp/><sp/><sp/><sp/><sp/><sp/>}</highlight></codeline>
<codeline lineno="349"><highlight class="normal"></highlight></codeline>
<codeline lineno="358"><highlight class="normal"><sp/><sp/><sp/><sp/><sp/><sp/><sp/><sp/></highlight><highlight class="keyword">public</highlight><highlight class="normal"><sp/>async<sp/>Task<sp/>SetToTableAsync&lt;T&gt;(CancellationToken<sp/>cancellationToken,<sp/></highlight><highlight class="keywordtype">object</highlight><highlight class="normal"><sp/>data)</highlight></codeline>
<codeline lineno="359"><highlight class="normal"><sp/><sp/><sp/><sp/><sp/><sp/><sp/><sp/>{</highlight></codeline>
<codeline lineno="360"><highlight class="normal"><sp/><sp/><sp/><sp/><sp/><sp/><sp/><sp/><sp/><sp/><sp/><sp/>await<sp/>SetToTableAsync(typeof(T),<sp/>cancellationToken,<sp/>data);</highlight></codeline>
<codeline lineno="361"><highlight class="normal"><sp/><sp/><sp/><sp/><sp/><sp/><sp/><sp/>}</highlight></codeline>
<codeline lineno="362"><highlight class="normal"></highlight></codeline>
<codeline lineno="371"><highlight class="normal"><sp/><sp/><sp/><sp/><sp/><sp/><sp/><sp/></highlight><highlight class="keyword">public</highlight><highlight class="normal"><sp/>async<sp/>Task<sp/>SetToTableAsync(Type<sp/>tableType,<sp/>CancellationToken<sp/>cancellationToken,<sp/></highlight><highlight class="keywordtype">object</highlight><highlight class="normal"><sp/>data)</highlight></codeline>
<codeline lineno="372"><highlight class="normal"><sp/><sp/><sp/><sp/><sp/><sp/><sp/><sp/>{</highlight></codeline>
<codeline lineno="373"><highlight class="normal"><sp/><sp/><sp/><sp/><sp/><sp/><sp/><sp/><sp/><sp/><sp/><sp/></highlight><highlight class="comment">//<sp/>Generate<sp/>command</highlight><highlight class="normal"></highlight></codeline>
<codeline lineno="374"><highlight class="normal"><sp/><sp/><sp/><sp/><sp/><sp/><sp/><sp/><sp/><sp/><sp/><sp/></highlight><highlight class="keyword">using</highlight><highlight class="normal"><sp/>(DbCommand<sp/>command<sp/>=<sp/>GenerateSetToTableCommand(tableType,<sp/>data,<sp/>out<sp/></highlight><highlight class="keywordtype">string</highlight><highlight class="normal"><sp/>error))</highlight></codeline>
<codeline lineno="375"><highlight class="normal"><sp/><sp/><sp/><sp/><sp/><sp/><sp/><sp/><sp/><sp/><sp/><sp/>{</highlight></codeline>
<codeline lineno="376"><highlight class="normal"><sp/><sp/><sp/><sp/><sp/><sp/><sp/><sp/><sp/><sp/><sp/><sp/><sp/><sp/><sp/><sp/></highlight><highlight class="comment">//<sp/>Drop<sp/>if<sp/>error<sp/>has<sp/>been<sp/>occured.</highlight><highlight class="normal"></highlight></codeline>
<codeline lineno="377"><highlight class="normal"><sp/><sp/><sp/><sp/><sp/><sp/><sp/><sp/><sp/><sp/><sp/><sp/><sp/><sp/><sp/><sp/></highlight><highlight class="keywordflow">if</highlight><highlight class="normal"><sp/>(!</highlight><highlight class="keywordtype">string</highlight><highlight class="normal">.IsNullOrEmpty(error))</highlight></codeline>
<codeline lineno="378"><highlight class="normal"><sp/><sp/><sp/><sp/><sp/><sp/><sp/><sp/><sp/><sp/><sp/><sp/><sp/><sp/><sp/><sp/>{</highlight></codeline>
<codeline lineno="379"><highlight class="normal"><sp/><sp/><sp/><sp/><sp/><sp/><sp/><sp/><sp/><sp/><sp/><sp/><sp/><sp/><sp/><sp/><sp/><sp/><sp/><sp/>SqlOperatorHandler.InvokeSQLErrorOccured(data,<sp/></highlight><highlight class="stringliteral">&quot;Commnad<sp/>generation<sp/>failed.<sp/>Details:\n&quot;</highlight><highlight class="normal"><sp/>+<sp/>error);</highlight></codeline>
<codeline lineno="380"><highlight class="normal"><sp/><sp/><sp/><sp/><sp/><sp/><sp/><sp/><sp/><sp/><sp/><sp/><sp/><sp/><sp/><sp/><sp/><sp/><sp/><sp/></highlight><highlight class="keywordflow">return</highlight><highlight class="normal">;</highlight></codeline>
<codeline lineno="381"><highlight class="normal"><sp/><sp/><sp/><sp/><sp/><sp/><sp/><sp/><sp/><sp/><sp/><sp/><sp/><sp/><sp/><sp/>}</highlight></codeline>
<codeline lineno="382"><highlight class="normal"></highlight></codeline>
<codeline lineno="383"><highlight class="normal"></highlight><highlight class="preprocessor"><sp/><sp/><sp/><sp/><sp/><sp/><sp/><sp/><sp/><sp/><sp/><sp/><sp/><sp/><sp/><sp/>#region<sp/>Execute<sp/>command</highlight><highlight class="normal"></highlight></codeline>
<codeline lineno="384"><highlight class="normal"><sp/><sp/><sp/><sp/><sp/><sp/><sp/><sp/><sp/><sp/><sp/><sp/><sp/><sp/><sp/><sp/></highlight><highlight class="comment">//<sp/>Opening<sp/>connection<sp/>to<sp/>DB<sp/>srver.</highlight><highlight class="normal"></highlight></codeline>
<codeline lineno="385"><highlight class="normal"><sp/><sp/><sp/><sp/><sp/><sp/><sp/><sp/><sp/><sp/><sp/><sp/><sp/><sp/><sp/><sp/></highlight><highlight class="keywordflow">if</highlight><highlight class="normal"><sp/>(!Active.OpenConnection(out<sp/>error))</highlight></codeline>
<codeline lineno="386"><highlight class="normal"><sp/><sp/><sp/><sp/><sp/><sp/><sp/><sp/><sp/><sp/><sp/><sp/><sp/><sp/><sp/><sp/>{</highlight></codeline>
<codeline lineno="387"><highlight class="normal"><sp/><sp/><sp/><sp/><sp/><sp/><sp/><sp/><sp/><sp/><sp/><sp/><sp/><sp/><sp/><sp/><sp/><sp/><sp/><sp/>SqlOperatorHandler.InvokeSQLErrorOccured(data,<sp/></highlight><highlight class="stringliteral">&quot;Connection<sp/>failed.\n&quot;</highlight><highlight class="normal"><sp/>+<sp/>error);</highlight></codeline>
<codeline lineno="388"><highlight class="normal"><sp/><sp/><sp/><sp/><sp/><sp/><sp/><sp/><sp/><sp/><sp/><sp/><sp/><sp/><sp/><sp/><sp/><sp/><sp/><sp/></highlight><highlight class="keywordflow">return</highlight><highlight class="normal">;</highlight></codeline>
<codeline lineno="389"><highlight class="normal"><sp/><sp/><sp/><sp/><sp/><sp/><sp/><sp/><sp/><sp/><sp/><sp/><sp/><sp/><sp/><sp/>}</highlight></codeline>
<codeline lineno="390"><highlight class="normal"></highlight></codeline>
<codeline lineno="391"><highlight class="normal"><sp/><sp/><sp/><sp/><sp/><sp/><sp/><sp/><sp/><sp/><sp/><sp/><sp/><sp/><sp/><sp/></highlight><highlight class="comment">//<sp/>Executing<sp/>command.</highlight><highlight class="normal"></highlight></codeline>
<codeline lineno="392"><highlight class="normal"><sp/><sp/><sp/><sp/><sp/><sp/><sp/><sp/><sp/><sp/><sp/><sp/><sp/><sp/><sp/><sp/>command.Connection<sp/>=<sp/>Active.Connection;</highlight></codeline>
<codeline lineno="393"><highlight class="normal"></highlight></codeline>
<codeline lineno="394"><highlight class="normal"><sp/><sp/><sp/><sp/><sp/><sp/><sp/><sp/><sp/><sp/><sp/><sp/><sp/><sp/><sp/><sp/></highlight><highlight class="keywordtype">int</highlight><highlight class="normal"><sp/>affectedRowsCount;</highlight></codeline>
<codeline lineno="395"><highlight class="normal"><sp/><sp/><sp/><sp/><sp/><sp/><sp/><sp/><sp/><sp/><sp/><sp/><sp/><sp/><sp/><sp/></highlight><highlight class="keywordflow">try</highlight><highlight class="normal"></highlight></codeline>
<codeline lineno="396"><highlight class="normal"><sp/><sp/><sp/><sp/><sp/><sp/><sp/><sp/><sp/><sp/><sp/><sp/><sp/><sp/><sp/><sp/>{</highlight></codeline>
<codeline lineno="397"><highlight class="normal"><sp/><sp/><sp/><sp/><sp/><sp/><sp/><sp/><sp/><sp/><sp/><sp/><sp/><sp/><sp/><sp/><sp/><sp/><sp/><sp/>affectedRowsCount<sp/>=<sp/>await<sp/>command.ExecuteNonQueryAsync(cancellationToken);</highlight></codeline>
<codeline lineno="398"><highlight class="normal"><sp/><sp/><sp/><sp/><sp/><sp/><sp/><sp/><sp/><sp/><sp/><sp/><sp/><sp/><sp/><sp/>}</highlight></codeline>
<codeline lineno="399"><highlight class="normal"><sp/><sp/><sp/><sp/><sp/><sp/><sp/><sp/><sp/><sp/><sp/><sp/><sp/><sp/><sp/><sp/></highlight><highlight class="keywordflow">catch</highlight><highlight class="normal"><sp/>(Exception<sp/>ex)</highlight></codeline>
<codeline lineno="400"><highlight class="normal"><sp/><sp/><sp/><sp/><sp/><sp/><sp/><sp/><sp/><sp/><sp/><sp/><sp/><sp/><sp/><sp/>{</highlight></codeline>
<codeline lineno="401"><highlight class="normal"><sp/><sp/><sp/><sp/><sp/><sp/><sp/><sp/><sp/><sp/><sp/><sp/><sp/><sp/><sp/><sp/><sp/><sp/><sp/><sp/></highlight><highlight class="keywordflow">throw</highlight><highlight class="normal"><sp/></highlight><highlight class="keyword">new</highlight><highlight class="normal"><sp/>Exception(</highlight><highlight class="stringliteral">&quot;Query<sp/>not<sp/>exeuted.<sp/>Query:\n&quot;</highlight><highlight class="normal"><sp/>+<sp/>command.CommandText<sp/>+<sp/></highlight><highlight class="stringliteral">&quot;\n\nDetails:\n&quot;</highlight><highlight class="normal"><sp/>+<sp/>ex.Message);</highlight></codeline>
<codeline lineno="402"><highlight class="normal"><sp/><sp/><sp/><sp/><sp/><sp/><sp/><sp/><sp/><sp/><sp/><sp/><sp/><sp/><sp/><sp/>}</highlight></codeline>
<codeline lineno="403"><highlight class="normal"></highlight></codeline>
<codeline lineno="404"><highlight class="normal"><sp/><sp/><sp/><sp/><sp/><sp/><sp/><sp/><sp/><sp/><sp/><sp/><sp/><sp/><sp/><sp/></highlight><highlight class="comment">//<sp/>Closing<sp/>connection.</highlight><highlight class="normal"></highlight></codeline>
<codeline lineno="405"><highlight class="normal"><sp/><sp/><sp/><sp/><sp/><sp/><sp/><sp/><sp/><sp/><sp/><sp/><sp/><sp/><sp/><sp/>Active.CloseConnection();</highlight></codeline>
<codeline lineno="406"><highlight class="normal"></highlight><highlight class="preprocessor"><sp/><sp/><sp/><sp/><sp/><sp/><sp/><sp/><sp/><sp/><sp/><sp/><sp/><sp/><sp/><sp/>#endregion</highlight><highlight class="normal"></highlight></codeline>
<codeline lineno="407"><highlight class="normal"></highlight></codeline>
<codeline lineno="408"><highlight class="normal"><sp/><sp/><sp/><sp/><sp/><sp/><sp/><sp/><sp/><sp/><sp/><sp/><sp/><sp/><sp/><sp/></highlight><highlight class="comment">//<sp/>Log<sp/>if<sp/>command<sp/>failed.</highlight><highlight class="normal"></highlight></codeline>
<codeline lineno="409"><highlight class="normal"><sp/><sp/><sp/><sp/><sp/><sp/><sp/><sp/><sp/><sp/><sp/><sp/><sp/><sp/><sp/><sp/></highlight><highlight class="keywordflow">if</highlight><highlight class="normal"><sp/>(affectedRowsCount<sp/>==<sp/>0)</highlight></codeline>
<codeline lineno="410"><highlight class="normal"><sp/><sp/><sp/><sp/><sp/><sp/><sp/><sp/><sp/><sp/><sp/><sp/><sp/><sp/><sp/><sp/>{</highlight></codeline>
<codeline lineno="411"><highlight class="normal"><sp/><sp/><sp/><sp/><sp/><sp/><sp/><sp/><sp/><sp/><sp/><sp/><sp/><sp/><sp/><sp/><sp/><sp/><sp/><sp/>SqlOperatorHandler.InvokeSQLErrorOccured(data,<sp/></highlight><highlight class="stringliteral">&quot;Query<sp/>not<sp/>affect<sp/>any<sp/>row.\n\n&quot;</highlight><highlight class="normal"><sp/>+<sp/>command.CommandText);</highlight></codeline>
<codeline lineno="412"><highlight class="normal"><sp/><sp/><sp/><sp/><sp/><sp/><sp/><sp/><sp/><sp/><sp/><sp/><sp/><sp/><sp/><sp/>}</highlight></codeline>
<codeline lineno="413"><highlight class="normal"><sp/><sp/><sp/><sp/><sp/><sp/><sp/><sp/><sp/><sp/><sp/><sp/>}</highlight></codeline>
<codeline lineno="414"><highlight class="normal"><sp/><sp/><sp/><sp/><sp/><sp/><sp/><sp/>}</highlight></codeline>
<codeline lineno="415"><highlight class="normal"></highlight><highlight class="preprocessor"><sp/><sp/><sp/><sp/><sp/><sp/><sp/><sp/>#endregion</highlight><highlight class="normal"></highlight></codeline>
<codeline lineno="416"><highlight class="normal"><sp/><sp/><sp/><sp/>}</highlight></codeline>
<codeline lineno="417"><highlight class="normal">}</highlight></codeline>
    </programlisting>
    <location file="D:/Work/GitHub/uniform-data-operator/SQL/MySQL/MySqlDataOperatorCommands.cs"/>
  </compounddef>
</doxygen>
