<?xml version='1.0' encoding='UTF-8' standalone='no'?>
<doxygen xmlns:xsi="http://www.w3.org/2001/XMLSchema-instance" xsi:noNamespaceSchemaLocation="compound.xsd" version="1.8.14">
  <compounddef id="da/d1e/class_uniform_data_operator_1_1_binary_1_1_boyer_moore" kind="class" language="C#" prot="public">
    <compoundname>UniformDataOperator::Binary::BoyerMoore</compoundname>
      <sectiondef kind="public-static-func">
      <memberdef kind="function" id="da/d1e/class_uniform_data_operator_1_1_binary_1_1_boyer_moore_1abd5f37407f9c6ab55a7d537e65bdd22c" prot="public" static="yes" const="no" explicit="no" inline="yes" virt="non-virtual">
        <type>int</type>
        <definition>static int UniformDataOperator.Binary.BoyerMoore.IndexOf</definition>
        <argsstring>(string data, string fragment)</argsstring>
        <name>IndexOf</name>
        <param>
          <type>string</type>
          <declname>data</declname>
        </param>
        <param>
          <type>string</type>
          <declname>fragment</declname>
        </param>
        <briefdescription>
<para>Returns the index within this string of the first occurrence of the specified substring.If it is not a substring, return -1. </para>        </briefdescription>
        <detaileddescription>
<para><parameterlist kind="param"><parameteritem>
<parameternamelist>
<parametername>data</parametername>
</parameternamelist>
<parameterdescription>
<para><ref refid="da/d8e/namespace_uniform_data_operator_1_1_binary" kindref="compound">Binary</ref> array that would be source for search.</para></parameterdescription>
</parameteritem>
<parameteritem>
<parameternamelist>
<parametername>fragment</parametername>
</parameternamelist>
<parameterdescription>
<para><ref refid="da/d8e/namespace_uniform_data_operator_1_1_binary" kindref="compound">Binary</ref> fragment that would be looked into data array.</para></parameterdescription>
</parameteritem>
</parameterlist>
<simplesect kind="return"><para>Index of fragment start. -1 if no found.</para></simplesect>
</para>        </detaileddescription>
        <inbodydescription>
        </inbodydescription>
        <location file="D:/Work/GitHub/uniform-data-operator/Binary/BoyerMoore.cs" line="35" column="1" bodyfile="D:/Work/GitHub/uniform-data-operator/Binary/BoyerMoore.cs" bodystart="35" bodyend="38"/>
      </memberdef>
      <memberdef kind="function" id="da/d1e/class_uniform_data_operator_1_1_binary_1_1_boyer_moore_1abf651c244965e9d5da5a9b5af10a77b5" prot="public" static="yes" const="no" explicit="no" inline="yes" virt="non-virtual">
        <type>int</type>
        <definition>static int UniformDataOperator.Binary.BoyerMoore.IndexOf</definition>
        <argsstring>(byte[] data, byte[] fragment)</argsstring>
        <name>IndexOf</name>
        <param>
          <type>byte []</type>
          <declname>data</declname>
        </param>
        <param>
          <type>byte []</type>
          <declname>fragment</declname>
        </param>
        <briefdescription>
<para>Returns the index within this string of the first occurrence of the specified substring.If it is not a substring, return -1. </para>        </briefdescription>
        <detaileddescription>
<para><parameterlist kind="param"><parameteritem>
<parameternamelist>
<parametername>data</parametername>
</parameternamelist>
<parameterdescription>
<para><ref refid="da/d8e/namespace_uniform_data_operator_1_1_binary" kindref="compound">Binary</ref> array that would be source for search.</para></parameterdescription>
</parameteritem>
<parameteritem>
<parameternamelist>
<parametername>fragment</parametername>
</parameternamelist>
<parameterdescription>
<para><ref refid="da/d8e/namespace_uniform_data_operator_1_1_binary" kindref="compound">Binary</ref> fragment that would be looked into data array.</para></parameterdescription>
</parameteritem>
</parameterlist>
<simplesect kind="return"><para>Index of fragment start. -1 if no found.</para></simplesect>
</para>        </detaileddescription>
        <inbodydescription>
        </inbodydescription>
        <location file="D:/Work/GitHub/uniform-data-operator/Binary/BoyerMoore.cs" line="47" column="1" bodyfile="D:/Work/GitHub/uniform-data-operator/Binary/BoyerMoore.cs" bodystart="47" bodyend="71"/>
      </memberdef>
      </sectiondef>
      <sectiondef kind="private-static-func">
      <memberdef kind="function" id="da/d1e/class_uniform_data_operator_1_1_binary_1_1_boyer_moore_1aaf7372d00d5026e3b25a6545a7e65709" prot="private" static="yes" const="no" explicit="no" inline="yes" virt="non-virtual">
        <type>int []</type>
        <definition>static int [] UniformDataOperator.Binary.BoyerMoore.MakeCharTable</definition>
        <argsstring>(byte[] fragment)</argsstring>
        <name>MakeCharTable</name>
        <param>
          <type>byte []</type>
          <declname>fragment</declname>
        </param>
        <briefdescription>
<para>Makes the jump table based on the mismatched character information. </para>        </briefdescription>
        <detaileddescription>
<para><parameterlist kind="param"><parameteritem>
<parameternamelist>
<parametername>fragment</parametername>
</parameternamelist>
<parameterdescription>
<para>Target binry fragment to search.</para></parameterdescription>
</parameteritem>
</parameterlist>
<simplesect kind="return"><para>Char table.</para></simplesect>
</para>        </detaileddescription>
        <inbodydescription>
        </inbodydescription>
        <location file="D:/Work/GitHub/uniform-data-operator/Binary/BoyerMoore.cs" line="78" column="1" bodyfile="D:/Work/GitHub/uniform-data-operator/Binary/BoyerMoore.cs" bodystart="78" bodyend="93"/>
      </memberdef>
      <memberdef kind="function" id="da/d1e/class_uniform_data_operator_1_1_binary_1_1_boyer_moore_1a99ef34f3b467801db8f93ef7f584fd63" prot="private" static="yes" const="no" explicit="no" inline="yes" virt="non-virtual">
        <type>int []</type>
        <definition>static int [] UniformDataOperator.Binary.BoyerMoore.MakeOffsetTable</definition>
        <argsstring>(byte[] fragment)</argsstring>
        <name>MakeOffsetTable</name>
        <param>
          <type>byte []</type>
          <declname>fragment</declname>
        </param>
        <briefdescription>
<para>Makes the jump table based on the scan offset which mismatch occurs. </para>        </briefdescription>
        <detaileddescription>
<para><parameterlist kind="param"><parameteritem>
<parameternamelist>
<parametername>fragment</parametername>
</parameternamelist>
<parameterdescription>
<para>Target binry fragment to search.</para></parameterdescription>
</parameteritem>
</parameterlist>
<simplesect kind="return"><para></para></simplesect>
</para>        </detaileddescription>
        <inbodydescription>
        </inbodydescription>
        <location file="D:/Work/GitHub/uniform-data-operator/Binary/BoyerMoore.cs" line="100" column="1" bodyfile="D:/Work/GitHub/uniform-data-operator/Binary/BoyerMoore.cs" bodystart="100" bodyend="121"/>
      </memberdef>
      <memberdef kind="function" id="da/d1e/class_uniform_data_operator_1_1_binary_1_1_boyer_moore_1ae65dcc0297e2910d1dd1c6efcc18f015" prot="private" static="yes" const="no" explicit="no" inline="yes" virt="non-virtual">
        <type>bool</type>
        <definition>static bool UniformDataOperator.Binary.BoyerMoore.IsPrefix</definition>
        <argsstring>(byte[] fragment, int p)</argsstring>
        <name>IsPrefix</name>
        <param>
          <type>byte []</type>
          <declname>fragment</declname>
        </param>
        <param>
          <type>int</type>
          <declname>p</declname>
        </param>
        <briefdescription>
<para>Is fragment[p:end] a prefix of fragment? </para>        </briefdescription>
        <detaileddescription>
<para><parameterlist kind="param"><parameteritem>
<parameternamelist>
<parametername>fragment</parametername>
</parameternamelist>
<parameterdescription>
<para>Target binry fragment to search.</para></parameterdescription>
</parameteritem>
<parameteritem>
<parameternamelist>
<parametername>p</parametername>
</parameternamelist>
<parameterdescription>
</parameterdescription>
</parameteritem>
</parameterlist>
<simplesect kind="return"><para></para></simplesect>
</para>        </detaileddescription>
        <inbodydescription>
        </inbodydescription>
        <location file="D:/Work/GitHub/uniform-data-operator/Binary/BoyerMoore.cs" line="129" column="1" bodyfile="D:/Work/GitHub/uniform-data-operator/Binary/BoyerMoore.cs" bodystart="129" bodyend="140"/>
      </memberdef>
      <memberdef kind="function" id="da/d1e/class_uniform_data_operator_1_1_binary_1_1_boyer_moore_1afc33837427631cdffa540614247e4ffc" prot="private" static="yes" const="no" explicit="no" inline="yes" virt="non-virtual">
        <type>int</type>
        <definition>static int UniformDataOperator.Binary.BoyerMoore.SuffixLength</definition>
        <argsstring>(byte[] fragment, int p)</argsstring>
        <name>SuffixLength</name>
        <param>
          <type>byte []</type>
          <declname>fragment</declname>
        </param>
        <param>
          <type>int</type>
          <declname>p</declname>
        </param>
        <briefdescription>
<para>Returns the maximum length of the substring ends at p and is a suffix. </para>        </briefdescription>
        <detaileddescription>
<para><parameterlist kind="param"><parameteritem>
<parameternamelist>
<parametername>fragment</parametername>
</parameternamelist>
<parameterdescription>
<para>Target binry fragment to search.</para></parameterdescription>
</parameteritem>
<parameteritem>
<parameternamelist>
<parametername>p</parametername>
</parameternamelist>
<parameterdescription>
</parameterdescription>
</parameteritem>
</parameterlist>
<simplesect kind="return"><para></para></simplesect>
</para>        </detaileddescription>
        <inbodydescription>
        </inbodydescription>
        <location file="D:/Work/GitHub/uniform-data-operator/Binary/BoyerMoore.cs" line="148" column="1" bodyfile="D:/Work/GitHub/uniform-data-operator/Binary/BoyerMoore.cs" bodystart="148" bodyend="157"/>
      </memberdef>
      </sectiondef>
    <briefdescription>
<para>Implement algorithm of Boyer-Moore for searching of binary parts. </para>    </briefdescription>
    <detaileddescription>
    </detaileddescription>
    <location file="D:/Work/GitHub/uniform-data-operator/Binary/BoyerMoore.cs" line="27" column="1" bodyfile="D:/Work/GitHub/uniform-data-operator/Binary/BoyerMoore.cs" bodystart="26" bodyend="158"/>
    <listofallmembers>
      <member refid="da/d1e/class_uniform_data_operator_1_1_binary_1_1_boyer_moore_1abd5f37407f9c6ab55a7d537e65bdd22c" prot="public" virt="non-virtual"><scope>UniformDataOperator::Binary::BoyerMoore</scope><name>IndexOf</name></member>
      <member refid="da/d1e/class_uniform_data_operator_1_1_binary_1_1_boyer_moore_1abf651c244965e9d5da5a9b5af10a77b5" prot="public" virt="non-virtual"><scope>UniformDataOperator::Binary::BoyerMoore</scope><name>IndexOf</name></member>
      <member refid="da/d1e/class_uniform_data_operator_1_1_binary_1_1_boyer_moore_1ae65dcc0297e2910d1dd1c6efcc18f015" prot="private" virt="non-virtual"><scope>UniformDataOperator::Binary::BoyerMoore</scope><name>IsPrefix</name></member>
      <member refid="da/d1e/class_uniform_data_operator_1_1_binary_1_1_boyer_moore_1aaf7372d00d5026e3b25a6545a7e65709" prot="private" virt="non-virtual"><scope>UniformDataOperator::Binary::BoyerMoore</scope><name>MakeCharTable</name></member>
      <member refid="da/d1e/class_uniform_data_operator_1_1_binary_1_1_boyer_moore_1a99ef34f3b467801db8f93ef7f584fd63" prot="private" virt="non-virtual"><scope>UniformDataOperator::Binary::BoyerMoore</scope><name>MakeOffsetTable</name></member>
      <member refid="da/d1e/class_uniform_data_operator_1_1_binary_1_1_boyer_moore_1afc33837427631cdffa540614247e4ffc" prot="private" virt="non-virtual"><scope>UniformDataOperator::Binary::BoyerMoore</scope><name>SuffixLength</name></member>
    </listofallmembers>
  </compounddef>
</doxygen>
