<?xml version='1.0' encoding='UTF-8' standalone='no'?>
<doxygen xmlns:xsi="http://www.w3.org/2001/XMLSchema-instance" xsi:noNamespaceSchemaLocation="compound.xsd" version="1.8.14">
  <compounddef id="d2/dbb/class_uniform_data_operator_1_1_sql_1_1_markup_1_1_is_not_null_attribute" kind="class" language="C#" prot="public">
    <compoundname>UniformDataOperator::Sql::Markup::IsNotNullAttribute</compoundname>
    <basecompoundref prot="public" virt="non-virtual">Attribute</basecompoundref>
    <briefdescription>
<para>Is value always not null. </para>    </briefdescription>
    <detaileddescription>
    </detaileddescription>
    <inheritancegraph>
      <node id="44">
        <label>Attribute</label>
      </node>
      <node id="43">
        <label>UniformDataOperator.Sql.Markup.IsNotNullAttribute</label>
        <link refid="d2/dbb/class_uniform_data_operator_1_1_sql_1_1_markup_1_1_is_not_null_attribute"/>
        <childnode refid="44" relation="public-inheritance">
        </childnode>
      </node>
    </inheritancegraph>
    <collaborationgraph>
      <node id="46">
        <label>Attribute</label>
      </node>
      <node id="45">
        <label>UniformDataOperator.Sql.Markup.IsNotNullAttribute</label>
        <link refid="d2/dbb/class_uniform_data_operator_1_1_sql_1_1_markup_1_1_is_not_null_attribute"/>
        <childnode refid="46" relation="public-inheritance">
        </childnode>
      </node>
    </collaborationgraph>
    <location file="D:/Work/GitHub/uniform-data-operator/SQL/Markup/IsNotNullAttribute.cs" line="24" column="1" bodyfile="D:/Work/GitHub/uniform-data-operator/SQL/Markup/IsNotNullAttribute.cs" bodystart="23" bodyend="25"/>
    <listofallmembers>
    </listofallmembers>
  </compounddef>
</doxygen>
