<?xml version='1.0' encoding='UTF-8' standalone='no'?>
<doxygen xmlns:xsi="http://www.w3.org/2001/XMLSchema-instance" xsi:noNamespaceSchemaLocation="compound.xsd" version="1.8.14">
  <compounddef id="d6/d2f/class_uniform_data_operator_1_1_sql_1_1_markup_1_1_is_unsigned_attribute" kind="class" language="C#" prot="public">
    <compoundname>UniformDataOperator::Sql::Markup::IsUnsignedAttribute</compoundname>
    <basecompoundref prot="public" virt="non-virtual">Attribute</basecompoundref>
    <briefdescription>
<para>Is value can&apos;t has a sign? Available only for integer members. </para>    </briefdescription>
    <detaileddescription>
    </detaileddescription>
    <inheritancegraph>
      <node id="59">
        <label>Attribute</label>
      </node>
      <node id="58">
        <label>UniformDataOperator.Sql.Markup.IsUnsignedAttribute</label>
        <link refid="d6/d2f/class_uniform_data_operator_1_1_sql_1_1_markup_1_1_is_unsigned_attribute"/>
        <childnode refid="59" relation="public-inheritance">
        </childnode>
      </node>
    </inheritancegraph>
    <collaborationgraph>
      <node id="61">
        <label>Attribute</label>
      </node>
      <node id="60">
        <label>UniformDataOperator.Sql.Markup.IsUnsignedAttribute</label>
        <link refid="d6/d2f/class_uniform_data_operator_1_1_sql_1_1_markup_1_1_is_unsigned_attribute"/>
        <childnode refid="61" relation="public-inheritance">
        </childnode>
      </node>
    </collaborationgraph>
    <location file="D:/Work/GitHub/uniform-data-operator/SQL/Markup/IsUnsignedAttribute.cs" line="24" column="1" bodyfile="D:/Work/GitHub/uniform-data-operator/SQL/Markup/IsUnsignedAttribute.cs" bodystart="23" bodyend="25"/>
    <listofallmembers>
    </listofallmembers>
  </compounddef>
</doxygen>
