<?xml version='1.0' encoding='UTF-8' standalone='no'?>
<doxygen xmlns:xsi="http://www.w3.org/2001/XMLSchema-instance" xsi:noNamespaceSchemaLocation="compound.xsd" version="1.8.14">
  <compounddef id="d3/d2d/_is_foreign_key_attribute_8cs" kind="file" language="C#">
    <compoundname>IsForeignKeyAttribute.cs</compoundname>
    <innerclass refid="dd/d33/class_uniform_data_operator_1_1_sql_1_1_markup_1_1_is_foreign_key_attribute" prot="public">UniformDataOperator::Sql::Markup::IsForeignKeyAttribute</innerclass>
    <innernamespace refid="de/d8b/namespace_uniform_data_operator_1_1_sql_1_1_markup">UniformDataOperator::Sql::Markup</innernamespace>
    <briefdescription>
    </briefdescription>
    <detaileddescription>
    </detaileddescription>
    <programlisting>
<codeline lineno="1"><highlight class="comment">//Copyright<sp/>2019<sp/>Volodymyr<sp/>Podshyvalov</highlight><highlight class="normal"></highlight></codeline>
<codeline lineno="2"><highlight class="normal"></highlight><highlight class="comment">//</highlight><highlight class="normal"></highlight></codeline>
<codeline lineno="3"><highlight class="normal"></highlight><highlight class="comment">//Licensed<sp/>under<sp/>the<sp/>Apache<sp/>License,<sp/>Version<sp/>2.0<sp/>(the<sp/>&quot;License&quot;);</highlight><highlight class="normal"></highlight></codeline>
<codeline lineno="4"><highlight class="normal"></highlight><highlight class="comment">//you<sp/>may<sp/>not<sp/>use<sp/>this<sp/>file<sp/>except<sp/>in<sp/>compliance<sp/>with<sp/>the<sp/>License.</highlight><highlight class="normal"></highlight></codeline>
<codeline lineno="5"><highlight class="normal"></highlight><highlight class="comment">//You<sp/>may<sp/>obtain<sp/>a<sp/>copy<sp/>of<sp/>the<sp/>License<sp/>at</highlight><highlight class="normal"></highlight></codeline>
<codeline lineno="6"><highlight class="normal"></highlight><highlight class="comment">//</highlight><highlight class="normal"></highlight></codeline>
<codeline lineno="7"><highlight class="normal"></highlight><highlight class="comment">//<sp/><sp/><sp/><sp/>http://www.apache.org/licenses/LICENSE-2.0</highlight><highlight class="normal"></highlight></codeline>
<codeline lineno="8"><highlight class="normal"></highlight><highlight class="comment">//</highlight><highlight class="normal"></highlight></codeline>
<codeline lineno="9"><highlight class="normal"></highlight><highlight class="comment">//Unless<sp/>required<sp/>by<sp/>applicable<sp/>law<sp/>or<sp/>agreed<sp/>to<sp/>in<sp/>writing,<sp/>software</highlight><highlight class="normal"></highlight></codeline>
<codeline lineno="10"><highlight class="normal"></highlight><highlight class="comment">//distributed<sp/>under<sp/>the<sp/>License<sp/>is<sp/>distributed<sp/>on<sp/>an<sp/>&quot;AS<sp/>IS&quot;<sp/>BASIS,</highlight><highlight class="normal"></highlight></codeline>
<codeline lineno="11"><highlight class="normal"></highlight><highlight class="comment">//WITHOUT<sp/>WARRANTIES<sp/>OR<sp/>CONDITIONS<sp/>OF<sp/>ANY<sp/>KIND,<sp/>either<sp/>express<sp/>or<sp/>implied.</highlight><highlight class="normal"></highlight></codeline>
<codeline lineno="12"><highlight class="normal"></highlight><highlight class="comment">//See<sp/>the<sp/>License<sp/>for<sp/>the<sp/>specific<sp/>language<sp/>governing<sp/>permissions<sp/>and</highlight><highlight class="normal"></highlight></codeline>
<codeline lineno="13"><highlight class="normal"></highlight><highlight class="comment">//limitations<sp/>under<sp/>the<sp/>License.</highlight><highlight class="normal"></highlight></codeline>
<codeline lineno="14"><highlight class="normal"></highlight></codeline>
<codeline lineno="15"><highlight class="normal"></highlight><highlight class="keyword">using</highlight><highlight class="normal"><sp/><ref refid="d8/dd0/namespace_system" kindref="compound">System</ref>;</highlight></codeline>
<codeline lineno="16"><highlight class="normal"></highlight><highlight class="keyword">using</highlight><highlight class="normal"><sp/><ref refid="d8/dd0/namespace_system" kindref="compound">System</ref>.Collections.Generic;</highlight></codeline>
<codeline lineno="17"><highlight class="normal"></highlight><highlight class="keyword">using</highlight><highlight class="normal"><sp/><ref refid="d8/dd0/namespace_system" kindref="compound">System</ref>.Reflection;</highlight></codeline>
<codeline lineno="18"><highlight class="normal"></highlight><highlight class="keyword">using</highlight><highlight class="normal"><sp/><ref refid="de/d66/namespace_uniform_data_operator" kindref="compound">UniformDataOperator</ref>.<ref refid="d4/d07/namespace_uniform_data_operator_1_1_assemblies_management" kindref="compound">AssembliesManagement</ref>;</highlight></codeline>
<codeline lineno="19"><highlight class="normal"></highlight></codeline>
<codeline lineno="20"><highlight class="normal"></highlight><highlight class="keyword">namespace<sp/></highlight><highlight class="normal"><ref refid="de/d66/namespace_uniform_data_operator" kindref="compound">UniformDataOperator</ref>.Sql.Markup</highlight></codeline>
<codeline lineno="21"><highlight class="normal">{</highlight></codeline>
<codeline lineno="25"><highlight class="normal"><sp/><sp/><sp/><sp/>[AttributeUsage(AttributeTargets.Field<sp/>|<sp/>AttributeTargets.Property,<sp/>Inherited<sp/>=<sp/></highlight><highlight class="keyword">true</highlight><highlight class="normal">)]</highlight></codeline>
<codeline lineno="26" refid="dd/d33/class_uniform_data_operator_1_1_sql_1_1_markup_1_1_is_foreign_key_attribute" refkind="compound"><highlight class="normal"><sp/><sp/><sp/><sp/></highlight><highlight class="keyword">public</highlight><highlight class="normal"><sp/></highlight><highlight class="keyword">class<sp/></highlight><highlight class="normal"><ref refid="dd/d33/class_uniform_data_operator_1_1_sql_1_1_markup_1_1_is_foreign_key_attribute" kindref="compound">IsForeignKeyAttribute</ref><sp/>:<sp/>Attribute</highlight></codeline>
<codeline lineno="27"><highlight class="normal"><sp/><sp/><sp/><sp/>{</highlight></codeline>
<codeline lineno="28"><highlight class="normal"><sp/><sp/><sp/><sp/><sp/><sp/><sp/><sp/></highlight><highlight class="comment">//<sp/>Set<sp/>that<sp/>contains<sp/>used<sp/>indexes.</highlight><highlight class="normal"></highlight></codeline>
<codeline lineno="29"><highlight class="normal"><sp/><sp/><sp/><sp/><sp/><sp/><sp/><sp/></highlight><highlight class="keyword">private</highlight><highlight class="normal"><sp/></highlight><highlight class="keyword">static</highlight><highlight class="normal"><sp/>readonly<sp/>HashSet&lt;string&gt;<sp/>usedIndexes<sp/>=<sp/></highlight><highlight class="keyword">new</highlight><highlight class="normal"><sp/>HashSet&lt;string&gt;();</highlight></codeline>
<codeline lineno="30"><highlight class="normal"></highlight></codeline>
<codeline lineno="34"><highlight class="normal"><sp/><sp/><sp/><sp/><sp/><sp/><sp/><sp/></highlight><highlight class="keyword">public</highlight><highlight class="normal"><sp/></highlight><highlight class="keyword">enum</highlight><highlight class="normal"><sp/><ref refid="dd/d33/class_uniform_data_operator_1_1_sql_1_1_markup_1_1_is_foreign_key_attribute_1ae6c77deaf80d5c4d07709edf51eaebc5" kindref="member">Action</ref></highlight></codeline>
<codeline lineno="35"><highlight class="normal"><sp/><sp/><sp/><sp/><sp/><sp/><sp/><sp/>{</highlight></codeline>
<codeline lineno="39"><highlight class="normal"><sp/><sp/><sp/><sp/><sp/><sp/><sp/><sp/><sp/><sp/><sp/><sp/>NoAction,</highlight></codeline>
<codeline lineno="43"><highlight class="normal"><sp/><sp/><sp/><sp/><sp/><sp/><sp/><sp/><sp/><sp/><sp/><sp/>Cascade,</highlight></codeline>
<codeline lineno="47"><highlight class="normal"><sp/><sp/><sp/><sp/><sp/><sp/><sp/><sp/><sp/><sp/><sp/><sp/>Restrict,</highlight></codeline>
<codeline lineno="51"><highlight class="normal"><sp/><sp/><sp/><sp/><sp/><sp/><sp/><sp/><sp/><sp/><sp/><sp/>SetNull</highlight></codeline>
<codeline lineno="52"><highlight class="normal"><sp/><sp/><sp/><sp/><sp/><sp/><sp/><sp/>}</highlight></codeline>
<codeline lineno="53"><highlight class="normal"></highlight></codeline>
<codeline lineno="57"><highlight class="normal"><sp/><sp/><sp/><sp/><sp/><sp/><sp/><sp/></highlight><highlight class="keyword">public</highlight><highlight class="normal"><sp/></highlight><highlight class="keywordtype">string</highlight><highlight class="normal"><sp/>schema;</highlight></codeline>
<codeline lineno="58"><highlight class="normal"></highlight></codeline>
<codeline lineno="62"><highlight class="normal"><sp/><sp/><sp/><sp/><sp/><sp/><sp/><sp/></highlight><highlight class="keyword">public</highlight><highlight class="normal"><sp/></highlight><highlight class="keywordtype">string</highlight><highlight class="normal"><sp/>table;</highlight></codeline>
<codeline lineno="63"><highlight class="normal"></highlight></codeline>
<codeline lineno="67"><highlight class="normal"><sp/><sp/><sp/><sp/><sp/><sp/><sp/><sp/></highlight><highlight class="keyword">public</highlight><highlight class="normal"><sp/></highlight><highlight class="keywordtype">string</highlight><highlight class="normal"><sp/>column;</highlight></codeline>
<codeline lineno="68"><highlight class="normal"></highlight></codeline>
<codeline lineno="72"><highlight class="normal"><sp/><sp/><sp/><sp/><sp/><sp/><sp/><sp/></highlight><highlight class="keyword">public</highlight><highlight class="normal"><sp/><ref refid="dd/d33/class_uniform_data_operator_1_1_sql_1_1_markup_1_1_is_foreign_key_attribute_1ae6c77deaf80d5c4d07709edf51eaebc5" kindref="member">Action</ref><sp/>onDeleteCommand<sp/>=<sp/><ref refid="dd/d33/class_uniform_data_operator_1_1_sql_1_1_markup_1_1_is_foreign_key_attribute_1ae6c77deaf80d5c4d07709edf51eaebc5" kindref="member">Action</ref>.NoAction;</highlight></codeline>
<codeline lineno="73"><highlight class="normal"></highlight></codeline>
<codeline lineno="77"><highlight class="normal"><sp/><sp/><sp/><sp/><sp/><sp/><sp/><sp/></highlight><highlight class="keyword">public</highlight><highlight class="normal"><sp/><ref refid="dd/d33/class_uniform_data_operator_1_1_sql_1_1_markup_1_1_is_foreign_key_attribute_1ae6c77deaf80d5c4d07709edf51eaebc5" kindref="member">Action</ref><sp/>onUpdateCommand<sp/>=<sp/><ref refid="dd/d33/class_uniform_data_operator_1_1_sql_1_1_markup_1_1_is_foreign_key_attribute_1ae6c77deaf80d5c4d07709edf51eaebc5" kindref="member">Action</ref>.NoAction;</highlight></codeline>
<codeline lineno="78"><highlight class="normal"></highlight></codeline>
<codeline lineno="85"><highlight class="normal"><sp/><sp/><sp/><sp/><sp/><sp/><sp/><sp/></highlight><highlight class="keyword">public</highlight><highlight class="normal"><sp/><ref refid="dd/d33/class_uniform_data_operator_1_1_sql_1_1_markup_1_1_is_foreign_key_attribute" kindref="compound">IsForeignKeyAttribute</ref>(</highlight><highlight class="keywordtype">string</highlight><highlight class="normal"><sp/>schema,<sp/></highlight><highlight class="keywordtype">string</highlight><highlight class="normal"><sp/>table,<sp/></highlight><highlight class="keywordtype">string</highlight><highlight class="normal"><sp/>column)</highlight></codeline>
<codeline lineno="86"><highlight class="normal"><sp/><sp/><sp/><sp/><sp/><sp/><sp/><sp/>{</highlight></codeline>
<codeline lineno="87"><highlight class="normal"><sp/><sp/><sp/><sp/><sp/><sp/><sp/><sp/><sp/><sp/><sp/><sp/>this.schema<sp/>=<sp/>schema;</highlight></codeline>
<codeline lineno="88"><highlight class="normal"><sp/><sp/><sp/><sp/><sp/><sp/><sp/><sp/><sp/><sp/><sp/><sp/>this.table<sp/>=<sp/>table;</highlight></codeline>
<codeline lineno="89"><highlight class="normal"><sp/><sp/><sp/><sp/><sp/><sp/><sp/><sp/><sp/><sp/><sp/><sp/>this.column<sp/>=<sp/>column;</highlight></codeline>
<codeline lineno="90"><highlight class="normal"><sp/><sp/><sp/><sp/><sp/><sp/><sp/><sp/>}</highlight></codeline>
<codeline lineno="91"><highlight class="normal"></highlight></codeline>
<codeline lineno="100"><highlight class="normal"><sp/><sp/><sp/><sp/><sp/><sp/><sp/><sp/></highlight><highlight class="keyword">public</highlight><highlight class="normal"><sp/><ref refid="dd/d33/class_uniform_data_operator_1_1_sql_1_1_markup_1_1_is_foreign_key_attribute" kindref="compound">IsForeignKeyAttribute</ref>(</highlight></codeline>
<codeline lineno="101"><highlight class="normal"><sp/><sp/><sp/><sp/><sp/><sp/><sp/><sp/><sp/><sp/><sp/><sp/></highlight><highlight class="keywordtype">string</highlight><highlight class="normal"><sp/>schema,<sp/></highlight></codeline>
<codeline lineno="102"><highlight class="normal"><sp/><sp/><sp/><sp/><sp/><sp/><sp/><sp/><sp/><sp/><sp/><sp/></highlight><highlight class="keywordtype">string</highlight><highlight class="normal"><sp/>table,<sp/></highlight></codeline>
<codeline lineno="103"><highlight class="normal"><sp/><sp/><sp/><sp/><sp/><sp/><sp/><sp/><sp/><sp/><sp/><sp/></highlight><highlight class="keywordtype">string</highlight><highlight class="normal"><sp/>column,<sp/></highlight></codeline>
<codeline lineno="104"><highlight class="normal"><sp/><sp/><sp/><sp/><sp/><sp/><sp/><sp/><sp/><sp/><sp/><sp/><ref refid="dd/d33/class_uniform_data_operator_1_1_sql_1_1_markup_1_1_is_foreign_key_attribute_1ae6c77deaf80d5c4d07709edf51eaebc5" kindref="member">Action</ref><sp/>onDeleteCommand,<sp/></highlight></codeline>
<codeline lineno="105"><highlight class="normal"><sp/><sp/><sp/><sp/><sp/><sp/><sp/><sp/><sp/><sp/><sp/><sp/><ref refid="dd/d33/class_uniform_data_operator_1_1_sql_1_1_markup_1_1_is_foreign_key_attribute_1ae6c77deaf80d5c4d07709edf51eaebc5" kindref="member">Action</ref><sp/>onUpdateCommand)</highlight></codeline>
<codeline lineno="106"><highlight class="normal"><sp/><sp/><sp/><sp/><sp/><sp/><sp/><sp/>{</highlight></codeline>
<codeline lineno="107"><highlight class="normal"><sp/><sp/><sp/><sp/><sp/><sp/><sp/><sp/><sp/><sp/><sp/><sp/>this.schema<sp/>=<sp/>schema;</highlight></codeline>
<codeline lineno="108"><highlight class="normal"><sp/><sp/><sp/><sp/><sp/><sp/><sp/><sp/><sp/><sp/><sp/><sp/>this.table<sp/>=<sp/>table;</highlight></codeline>
<codeline lineno="109"><highlight class="normal"><sp/><sp/><sp/><sp/><sp/><sp/><sp/><sp/><sp/><sp/><sp/><sp/>this.column<sp/>=<sp/>column;</highlight></codeline>
<codeline lineno="110"><highlight class="normal"></highlight></codeline>
<codeline lineno="111"><highlight class="normal"><sp/><sp/><sp/><sp/><sp/><sp/><sp/><sp/><sp/><sp/><sp/><sp/>this.onDeleteCommand<sp/>=<sp/>onDeleteCommand;</highlight></codeline>
<codeline lineno="112"><highlight class="normal"><sp/><sp/><sp/><sp/><sp/><sp/><sp/><sp/><sp/><sp/><sp/><sp/>this.onUpdateCommand<sp/>=<sp/>onUpdateCommand;</highlight></codeline>
<codeline lineno="113"><highlight class="normal"><sp/><sp/><sp/><sp/><sp/><sp/><sp/><sp/>}</highlight></codeline>
<codeline lineno="114"><highlight class="normal"></highlight></codeline>
<codeline lineno="120"><highlight class="normal"><sp/><sp/><sp/><sp/><sp/><sp/><sp/><sp/></highlight><highlight class="keyword">public</highlight><highlight class="normal"><sp/></highlight><highlight class="keyword">static</highlight><highlight class="normal"><sp/></highlight><highlight class="keywordtype">string</highlight><highlight class="normal"><sp/>ActionToCommand(<ref refid="dd/d33/class_uniform_data_operator_1_1_sql_1_1_markup_1_1_is_foreign_key_attribute_1ae6c77deaf80d5c4d07709edf51eaebc5" kindref="member">Action</ref><sp/>action)</highlight></codeline>
<codeline lineno="121"><highlight class="normal"><sp/><sp/><sp/><sp/><sp/><sp/><sp/><sp/>{</highlight></codeline>
<codeline lineno="122"><highlight class="normal"><sp/><sp/><sp/><sp/><sp/><sp/><sp/><sp/><sp/><sp/><sp/><sp/></highlight><highlight class="keywordflow">switch</highlight><highlight class="normal"><sp/>(action)</highlight></codeline>
<codeline lineno="123"><highlight class="normal"><sp/><sp/><sp/><sp/><sp/><sp/><sp/><sp/><sp/><sp/><sp/><sp/>{</highlight></codeline>
<codeline lineno="124"><highlight class="normal"><sp/><sp/><sp/><sp/><sp/><sp/><sp/><sp/><sp/><sp/><sp/><sp/><sp/><sp/><sp/><sp/></highlight><highlight class="keywordflow">case</highlight><highlight class="normal"><sp/><ref refid="dd/d33/class_uniform_data_operator_1_1_sql_1_1_markup_1_1_is_foreign_key_attribute_1ae6c77deaf80d5c4d07709edf51eaebc5" kindref="member">Action</ref>.NoAction:<sp/></highlight><highlight class="keywordflow">return</highlight><highlight class="normal"><sp/></highlight><highlight class="stringliteral">&quot;NO<sp/>ACTION&quot;</highlight><highlight class="normal">;</highlight></codeline>
<codeline lineno="125"><highlight class="normal"><sp/><sp/><sp/><sp/><sp/><sp/><sp/><sp/><sp/><sp/><sp/><sp/><sp/><sp/><sp/><sp/></highlight><highlight class="keywordflow">case</highlight><highlight class="normal"><sp/><ref refid="dd/d33/class_uniform_data_operator_1_1_sql_1_1_markup_1_1_is_foreign_key_attribute_1ae6c77deaf80d5c4d07709edf51eaebc5" kindref="member">Action</ref>.Restrict:<sp/></highlight><highlight class="keywordflow">return</highlight><highlight class="normal"><sp/></highlight><highlight class="stringliteral">&quot;RESTRICT&quot;</highlight><highlight class="normal">;</highlight></codeline>
<codeline lineno="126"><highlight class="normal"><sp/><sp/><sp/><sp/><sp/><sp/><sp/><sp/><sp/><sp/><sp/><sp/><sp/><sp/><sp/><sp/></highlight><highlight class="keywordflow">case</highlight><highlight class="normal"><sp/><ref refid="dd/d33/class_uniform_data_operator_1_1_sql_1_1_markup_1_1_is_foreign_key_attribute_1ae6c77deaf80d5c4d07709edf51eaebc5" kindref="member">Action</ref>.Cascade:<sp/></highlight><highlight class="keywordflow">return</highlight><highlight class="normal"><sp/></highlight><highlight class="stringliteral">&quot;CASCADE&quot;</highlight><highlight class="normal">;</highlight></codeline>
<codeline lineno="127"><highlight class="normal"><sp/><sp/><sp/><sp/><sp/><sp/><sp/><sp/><sp/><sp/><sp/><sp/><sp/><sp/><sp/><sp/></highlight><highlight class="keywordflow">case</highlight><highlight class="normal"><sp/><ref refid="dd/d33/class_uniform_data_operator_1_1_sql_1_1_markup_1_1_is_foreign_key_attribute_1ae6c77deaf80d5c4d07709edf51eaebc5" kindref="member">Action</ref>.SetNull:<sp/></highlight><highlight class="keywordflow">return</highlight><highlight class="normal"><sp/></highlight><highlight class="stringliteral">&quot;SET<sp/>NULL&quot;</highlight><highlight class="normal">;</highlight></codeline>
<codeline lineno="128"><highlight class="normal"><sp/><sp/><sp/><sp/><sp/><sp/><sp/><sp/><sp/><sp/><sp/><sp/><sp/><sp/><sp/><sp/></highlight><highlight class="keywordflow">default</highlight><highlight class="normal">:<sp/></highlight><highlight class="keywordflow">return</highlight><highlight class="normal"><sp/></highlight><highlight class="stringliteral">&quot;NO<sp/>ACTION&quot;</highlight><highlight class="normal">;</highlight></codeline>
<codeline lineno="129"><highlight class="normal"><sp/><sp/><sp/><sp/><sp/><sp/><sp/><sp/><sp/><sp/><sp/><sp/>}</highlight></codeline>
<codeline lineno="130"><highlight class="normal"><sp/><sp/><sp/><sp/><sp/><sp/><sp/><sp/>}</highlight></codeline>
<codeline lineno="131"><highlight class="normal"></highlight></codeline>
<codeline lineno="139"><highlight class="normal"><sp/><sp/><sp/><sp/><sp/><sp/><sp/><sp/></highlight><highlight class="keyword">public</highlight><highlight class="normal"><sp/></highlight><highlight class="keyword">static</highlight><highlight class="normal"><sp/></highlight><highlight class="keywordtype">string</highlight><highlight class="normal"><sp/>FKIndexDeclarationCommand(MemberInfo<sp/>member,<sp/></highlight><highlight class="keywordtype">string</highlight><highlight class="normal"><sp/>selfTableName)</highlight></codeline>
<codeline lineno="140"><highlight class="normal"><sp/><sp/><sp/><sp/><sp/><sp/><sp/><sp/>{</highlight></codeline>
<codeline lineno="141"><highlight class="normal"><sp/><sp/><sp/><sp/><sp/><sp/><sp/><sp/><sp/><sp/><sp/><sp/></highlight><highlight class="comment">//<sp/>Looking<sp/>for<sp/>column<sp/>and<sp/>FK<sp/>definitions.</highlight><highlight class="normal"></highlight></codeline>
<codeline lineno="142"><highlight class="normal"><sp/><sp/><sp/><sp/><sp/><sp/><sp/><sp/><sp/><sp/><sp/><sp/></highlight><highlight class="keywordflow">if</highlight><highlight class="normal"><sp/>(!<ref refid="d5/d10/class_uniform_data_operator_1_1_assemblies_management_1_1_members_handler" kindref="compound">MembersHandler</ref>.TryToGetAttribute(member,<sp/>out<sp/><ref refid="d0/d68/class_uniform_data_operator_1_1_sql_1_1_markup_1_1_column_attribute" kindref="compound">ColumnAttribute</ref><sp/>column)<sp/>||<sp/></highlight></codeline>
<codeline lineno="143"><highlight class="normal"><sp/><sp/><sp/><sp/><sp/><sp/><sp/><sp/><sp/><sp/><sp/><sp/><sp/><sp/><sp/><sp/>!<ref refid="d5/d10/class_uniform_data_operator_1_1_assemblies_management_1_1_members_handler" kindref="compound">MembersHandler</ref>.TryToGetAttribute(member,<sp/>out<sp/><ref refid="dd/d33/class_uniform_data_operator_1_1_sql_1_1_markup_1_1_is_foreign_key_attribute" kindref="compound">IsForeignKeyAttribute</ref><sp/>isForeignKey))<sp/></highlight></codeline>
<codeline lineno="144"><highlight class="normal"><sp/><sp/><sp/><sp/><sp/><sp/><sp/><sp/><sp/><sp/><sp/><sp/>{</highlight></codeline>
<codeline lineno="145"><highlight class="normal"><sp/><sp/><sp/><sp/><sp/><sp/><sp/><sp/><sp/><sp/><sp/><sp/><sp/><sp/><sp/><sp/></highlight><highlight class="comment">//<sp/>Deop<sp/>if<sp/>not<sp/>defined.</highlight><highlight class="normal"></highlight></codeline>
<codeline lineno="146"><highlight class="normal"><sp/><sp/><sp/><sp/><sp/><sp/><sp/><sp/><sp/><sp/><sp/><sp/><sp/><sp/><sp/><sp/></highlight><highlight class="keywordflow">return</highlight><highlight class="normal"><sp/></highlight><highlight class="stringliteral">&quot;&quot;</highlight><highlight class="normal">;</highlight></codeline>
<codeline lineno="147"><highlight class="normal"><sp/><sp/><sp/><sp/><sp/><sp/><sp/><sp/><sp/><sp/><sp/><sp/>}</highlight></codeline>
<codeline lineno="148"><highlight class="normal"></highlight></codeline>
<codeline lineno="150"><highlight class="normal"><sp/><sp/><sp/><sp/><sp/><sp/><sp/><sp/><sp/><sp/><sp/><sp/></highlight><highlight class="comment">//if<sp/>(Modifiers.DBPathOverride.TryToGetValidOverride&lt;Column&gt;(</highlight><highlight class="normal"></highlight></codeline>
<codeline lineno="151"><highlight class="normal"><sp/><sp/><sp/><sp/><sp/><sp/><sp/><sp/><sp/><sp/><sp/><sp/></highlight><highlight class="comment">//<sp/><sp/><sp/><sp/>member,</highlight><highlight class="normal"></highlight></codeline>
<codeline lineno="152"><highlight class="normal"><sp/><sp/><sp/><sp/><sp/><sp/><sp/><sp/><sp/><sp/><sp/><sp/></highlight><highlight class="comment">//<sp/><sp/><sp/><sp/>out<sp/>Modifiers.DBPathOverride<sp/>columnOverrider))</highlight><highlight class="normal"></highlight></codeline>
<codeline lineno="153"><highlight class="normal"><sp/><sp/><sp/><sp/><sp/><sp/><sp/><sp/><sp/><sp/><sp/><sp/></highlight><highlight class="comment">//{</highlight><highlight class="normal"></highlight></codeline>
<codeline lineno="154"><highlight class="normal"><sp/><sp/><sp/><sp/><sp/><sp/><sp/><sp/><sp/><sp/><sp/><sp/></highlight><highlight class="comment">//<sp/><sp/><sp/><sp/>column.title<sp/>=<sp/>columnOverrider.column<sp/>??<sp/>column.title;</highlight><highlight class="normal"></highlight></codeline>
<codeline lineno="155"><highlight class="normal"><sp/><sp/><sp/><sp/><sp/><sp/><sp/><sp/><sp/><sp/><sp/><sp/></highlight><highlight class="comment">//}</highlight><highlight class="normal"></highlight></codeline>
<codeline lineno="156"><highlight class="normal"></highlight></codeline>
<codeline lineno="157"><highlight class="normal"><sp/><sp/><sp/><sp/><sp/><sp/><sp/><sp/><sp/><sp/><sp/><sp/></highlight><highlight class="comment">//<sp/>Try<sp/>to<sp/>find<sp/>overriding<sp/>attribute.</highlight><highlight class="normal"></highlight></codeline>
<codeline lineno="158"><highlight class="normal"><sp/><sp/><sp/><sp/><sp/><sp/><sp/><sp/><sp/><sp/><sp/><sp/></highlight><highlight class="keywordflow">if</highlight><highlight class="normal"><sp/>(Modifiers.DBPathOverrideAttribute.TryToGetValidOverride&lt;<ref refid="dd/d33/class_uniform_data_operator_1_1_sql_1_1_markup_1_1_is_foreign_key_attribute" kindref="compound">IsForeignKeyAttribute</ref>&gt;(</highlight></codeline>
<codeline lineno="159"><highlight class="normal"><sp/><sp/><sp/><sp/><sp/><sp/><sp/><sp/><sp/><sp/><sp/><sp/><sp/><sp/><sp/><sp/>member.DeclaringType,<sp/></highlight></codeline>
<codeline lineno="160"><highlight class="normal"><sp/><sp/><sp/><sp/><sp/><sp/><sp/><sp/><sp/><sp/><sp/><sp/><sp/><sp/><sp/><sp/>out<sp/>Modifiers.DBPathOverrideAttribute<sp/>fkOverrider))</highlight></codeline>
<codeline lineno="161"><highlight class="normal"><sp/><sp/><sp/><sp/><sp/><sp/><sp/><sp/><sp/><sp/><sp/><sp/>{</highlight></codeline>
<codeline lineno="162"><highlight class="normal"><sp/><sp/><sp/><sp/><sp/><sp/><sp/><sp/><sp/><sp/><sp/><sp/><sp/><sp/><sp/><sp/></highlight><highlight class="comment">//<sp/>Override<sp/>fields.</highlight><highlight class="normal"></highlight></codeline>
<codeline lineno="163"><highlight class="normal"><sp/><sp/><sp/><sp/><sp/><sp/><sp/><sp/><sp/><sp/><sp/><sp/><sp/><sp/><sp/><sp/>isForeignKey.<ref refid="dd/d33/class_uniform_data_operator_1_1_sql_1_1_markup_1_1_is_foreign_key_attribute_1a0ccdb7ac6c441bbba664d370aec645d1" kindref="member">schema</ref><sp/>=<sp/>fkOverrider.schema<sp/>??<sp/>isForeignKey.schema;</highlight></codeline>
<codeline lineno="164"><highlight class="normal"><sp/><sp/><sp/><sp/><sp/><sp/><sp/><sp/><sp/><sp/><sp/><sp/><sp/><sp/><sp/><sp/>isForeignKey.table<sp/>=<sp/>fkOverrider.table<sp/>??<sp/>isForeignKey.table;</highlight></codeline>
<codeline lineno="165"><highlight class="normal"><sp/><sp/><sp/><sp/><sp/><sp/><sp/><sp/><sp/><sp/><sp/><sp/><sp/><sp/><sp/><sp/>isForeignKey.column<sp/>=<sp/>fkOverrider.column<sp/>??<sp/>isForeignKey.column;</highlight></codeline>
<codeline lineno="166"><highlight class="normal"><sp/><sp/><sp/><sp/><sp/><sp/><sp/><sp/><sp/><sp/><sp/><sp/>}</highlight></codeline>
<codeline lineno="167"><highlight class="normal"></highlight></codeline>
<codeline lineno="168"><highlight class="normal"><sp/><sp/><sp/><sp/><sp/><sp/><sp/><sp/><sp/><sp/><sp/><sp/></highlight><highlight class="keywordflow">return</highlight><highlight class="normal"><sp/>FKIndexDeclarationCommand(column,<sp/>isForeignKey,<sp/>selfTableName);</highlight></codeline>
<codeline lineno="169"><highlight class="normal"><sp/><sp/><sp/><sp/><sp/><sp/><sp/><sp/>}</highlight></codeline>
<codeline lineno="170"><highlight class="normal"></highlight></codeline>
<codeline lineno="178"><highlight class="normal"><sp/><sp/><sp/><sp/><sp/><sp/><sp/><sp/></highlight><highlight class="keyword">public</highlight><highlight class="normal"><sp/></highlight><highlight class="keyword">static</highlight><highlight class="normal"><sp/></highlight><highlight class="keywordtype">string</highlight><highlight class="normal"><sp/>FKIndexDeclarationCommand(</highlight></codeline>
<codeline lineno="179"><highlight class="normal"><sp/><sp/><sp/><sp/><sp/><sp/><sp/><sp/><sp/><sp/><sp/><sp/><ref refid="d0/d68/class_uniform_data_operator_1_1_sql_1_1_markup_1_1_column_attribute" kindref="compound">ColumnAttribute</ref><sp/>column,<sp/></highlight></codeline>
<codeline lineno="180"><highlight class="normal"><sp/><sp/><sp/><sp/><sp/><sp/><sp/><sp/><sp/><sp/><sp/><sp/><ref refid="dd/d33/class_uniform_data_operator_1_1_sql_1_1_markup_1_1_is_foreign_key_attribute" kindref="compound">IsForeignKeyAttribute</ref><sp/>isForeignKey,<sp/></highlight></codeline>
<codeline lineno="181"><highlight class="normal"><sp/><sp/><sp/><sp/><sp/><sp/><sp/><sp/><sp/><sp/><sp/><sp/></highlight><highlight class="keywordtype">string</highlight><highlight class="normal"><sp/>selfTableName)</highlight></codeline>
<codeline lineno="182"><highlight class="normal"><sp/><sp/><sp/><sp/><sp/><sp/><sp/><sp/>{</highlight></codeline>
<codeline lineno="183"><highlight class="normal"><sp/><sp/><sp/><sp/><sp/><sp/><sp/><sp/><sp/><sp/><sp/><sp/></highlight><highlight class="comment">//<sp/>Generate<sp/>comman</highlight><highlight class="normal"></highlight></codeline>
<codeline lineno="184"><highlight class="normal"><sp/><sp/><sp/><sp/><sp/><sp/><sp/><sp/><sp/><sp/><sp/><sp/></highlight><highlight class="keywordtype">string</highlight><highlight class="normal"><sp/>command<sp/>=<sp/></highlight><highlight class="stringliteral">&quot;INDEX<sp/>`&quot;</highlight><highlight class="normal"><sp/>+</highlight></codeline>
<codeline lineno="185"><highlight class="normal"><sp/><sp/><sp/><sp/><sp/><sp/><sp/><sp/><sp/><sp/><sp/><sp/><sp/><sp/><sp/><sp/>isForeignKey.<ref refid="dd/d33/class_uniform_data_operator_1_1_sql_1_1_markup_1_1_is_foreign_key_attribute_1a5812ac056c373e4514466df8336ad808" kindref="member">FKName</ref>(selfTableName)<sp/>+</highlight></codeline>
<codeline lineno="186"><highlight class="normal"><sp/><sp/><sp/><sp/><sp/><sp/><sp/><sp/><sp/><sp/><sp/><sp/><sp/><sp/><sp/><sp/></highlight><highlight class="stringliteral">&quot;_idx`<sp/>(`&quot;</highlight><highlight class="normal"><sp/>+</highlight></codeline>
<codeline lineno="187"><highlight class="normal"><sp/><sp/><sp/><sp/><sp/><sp/><sp/><sp/><sp/><sp/><sp/><sp/><sp/><sp/><sp/><sp/>column.<ref refid="d0/d68/class_uniform_data_operator_1_1_sql_1_1_markup_1_1_column_attribute_1ab12600e7022c9c4aa36816f89e360d01" kindref="member">title</ref><sp/>+</highlight></codeline>
<codeline lineno="188"><highlight class="normal"><sp/><sp/><sp/><sp/><sp/><sp/><sp/><sp/><sp/><sp/><sp/><sp/><sp/><sp/><sp/><sp/></highlight><highlight class="stringliteral">&quot;`<sp/>ASC)<sp/>VISIBLE&quot;</highlight><highlight class="normal">;</highlight></codeline>
<codeline lineno="189"><highlight class="normal"></highlight></codeline>
<codeline lineno="190"><highlight class="normal"><sp/><sp/><sp/><sp/><sp/><sp/><sp/><sp/><sp/><sp/><sp/><sp/></highlight><highlight class="keywordflow">return</highlight><highlight class="normal"><sp/>command;</highlight></codeline>
<codeline lineno="191"><highlight class="normal"><sp/><sp/><sp/><sp/><sp/><sp/><sp/><sp/>}</highlight></codeline>
<codeline lineno="192"><highlight class="normal"></highlight></codeline>
<codeline lineno="198"><highlight class="normal"><sp/><sp/><sp/><sp/><sp/><sp/><sp/><sp/></highlight><highlight class="keyword">public</highlight><highlight class="normal"><sp/></highlight><highlight class="keywordtype">string</highlight><highlight class="normal"><sp/>FKName(</highlight><highlight class="keywordtype">string</highlight><highlight class="normal"><sp/>selfTableName)</highlight></codeline>
<codeline lineno="199"><highlight class="normal"><sp/><sp/><sp/><sp/><sp/><sp/><sp/><sp/>{</highlight></codeline>
<codeline lineno="200"><highlight class="normal"><sp/><sp/><sp/><sp/><sp/><sp/><sp/><sp/><sp/><sp/><sp/><sp/></highlight><highlight class="keywordtype">int</highlight><highlight class="normal"><sp/>index<sp/>=<sp/>0;</highlight></codeline>
<codeline lineno="201"><highlight class="normal"><sp/><sp/><sp/><sp/><sp/><sp/><sp/><sp/><sp/><sp/><sp/><sp/></highlight><highlight class="keywordtype">string</highlight><highlight class="normal"><sp/>name;</highlight></codeline>
<codeline lineno="202"><highlight class="normal"></highlight></codeline>
<codeline lineno="203"><highlight class="normal"><sp/><sp/><sp/><sp/><sp/><sp/><sp/><sp/><sp/><sp/><sp/><sp/></highlight><highlight class="comment">//<sp/>Looking<sp/>for<sp/>free<sp/>index.</highlight><highlight class="normal"></highlight></codeline>
<codeline lineno="204"><highlight class="normal"><sp/><sp/><sp/><sp/><sp/><sp/><sp/><sp/><sp/><sp/><sp/><sp/></highlight><highlight class="keywordflow">do</highlight><highlight class="normal"></highlight></codeline>
<codeline lineno="205"><highlight class="normal"><sp/><sp/><sp/><sp/><sp/><sp/><sp/><sp/><sp/><sp/><sp/><sp/>{</highlight></codeline>
<codeline lineno="206"><highlight class="normal"><sp/><sp/><sp/><sp/><sp/><sp/><sp/><sp/><sp/><sp/><sp/><sp/><sp/><sp/><sp/><sp/>index++;</highlight></codeline>
<codeline lineno="207"><highlight class="normal"><sp/><sp/><sp/><sp/><sp/><sp/><sp/><sp/><sp/><sp/><sp/><sp/><sp/><sp/><sp/><sp/>name<sp/>=<sp/></highlight><highlight class="stringliteral">&quot;fk_&quot;</highlight><highlight class="normal"><sp/>+<sp/>selfTableName<sp/>+<sp/></highlight><highlight class="stringliteral">&quot;_&quot;</highlight><highlight class="normal"><sp/>+<sp/>table<sp/>+<sp/>index;</highlight></codeline>
<codeline lineno="208"><highlight class="normal"><sp/><sp/><sp/><sp/><sp/><sp/><sp/><sp/><sp/><sp/><sp/><sp/>}</highlight></codeline>
<codeline lineno="209"><highlight class="normal"><sp/><sp/><sp/><sp/><sp/><sp/><sp/><sp/><sp/><sp/><sp/><sp/></highlight><highlight class="keywordflow">while</highlight><highlight class="normal"><sp/>(usedIndexes.Contains(name));</highlight></codeline>
<codeline lineno="210"><highlight class="normal"><sp/><sp/><sp/><sp/><sp/><sp/><sp/><sp/><sp/><sp/><sp/><sp/>usedIndexes.Add(name);</highlight></codeline>
<codeline lineno="211"><highlight class="normal"><sp/><sp/><sp/><sp/><sp/><sp/><sp/><sp/><sp/><sp/><sp/><sp/></highlight><highlight class="keywordflow">return</highlight><highlight class="normal"><sp/>name;</highlight></codeline>
<codeline lineno="212"><highlight class="normal"><sp/><sp/><sp/><sp/><sp/><sp/><sp/><sp/>}</highlight></codeline>
<codeline lineno="213"><highlight class="normal"></highlight></codeline>
<codeline lineno="217"><highlight class="normal"><sp/><sp/><sp/><sp/><sp/><sp/><sp/><sp/></highlight><highlight class="keyword">public</highlight><highlight class="normal"><sp/></highlight><highlight class="keyword">static</highlight><highlight class="normal"><sp/></highlight><highlight class="keywordtype">void</highlight><highlight class="normal"><sp/>DropIndexator()</highlight></codeline>
<codeline lineno="218"><highlight class="normal"><sp/><sp/><sp/><sp/><sp/><sp/><sp/><sp/>{</highlight></codeline>
<codeline lineno="219"><highlight class="normal"><sp/><sp/><sp/><sp/><sp/><sp/><sp/><sp/><sp/><sp/><sp/><sp/>usedIndexes.Clear();</highlight></codeline>
<codeline lineno="220"><highlight class="normal"><sp/><sp/><sp/><sp/><sp/><sp/><sp/><sp/>}</highlight></codeline>
<codeline lineno="221"><highlight class="normal"></highlight></codeline>
<codeline lineno="229"><highlight class="normal"><sp/><sp/><sp/><sp/><sp/><sp/><sp/><sp/></highlight><highlight class="keyword">public</highlight><highlight class="normal"><sp/></highlight><highlight class="keyword">static</highlight><highlight class="normal"><sp/></highlight><highlight class="keywordtype">string</highlight><highlight class="normal"><sp/>ConstrainDeclarationCommand(</highlight></codeline>
<codeline lineno="230"><highlight class="normal"><sp/><sp/><sp/><sp/><sp/><sp/><sp/><sp/><sp/><sp/><sp/><sp/><ref refid="d0/d68/class_uniform_data_operator_1_1_sql_1_1_markup_1_1_column_attribute" kindref="compound">ColumnAttribute</ref><sp/>column,<sp/></highlight></codeline>
<codeline lineno="231"><highlight class="normal"><sp/><sp/><sp/><sp/><sp/><sp/><sp/><sp/><sp/><sp/><sp/><sp/><ref refid="dd/d33/class_uniform_data_operator_1_1_sql_1_1_markup_1_1_is_foreign_key_attribute" kindref="compound">IsForeignKeyAttribute</ref><sp/>isForeignKey,</highlight></codeline>
<codeline lineno="232"><highlight class="normal"><sp/><sp/><sp/><sp/><sp/><sp/><sp/><sp/><sp/><sp/><sp/><sp/></highlight><highlight class="keywordtype">string</highlight><highlight class="normal"><sp/>selfTableName)</highlight></codeline>
<codeline lineno="233"><highlight class="normal"><sp/><sp/><sp/><sp/><sp/><sp/><sp/><sp/>{</highlight></codeline>
<codeline lineno="234"><highlight class="normal"><sp/><sp/><sp/><sp/><sp/><sp/><sp/><sp/><sp/><sp/><sp/><sp/></highlight><highlight class="keywordtype">string</highlight><highlight class="normal"><sp/>command<sp/>=<sp/></highlight><highlight class="stringliteral">&quot;&quot;</highlight><highlight class="normal">;</highlight></codeline>
<codeline lineno="235"><highlight class="normal"><sp/><sp/><sp/><sp/><sp/><sp/><sp/><sp/><sp/><sp/><sp/><sp/>command<sp/>+=<sp/></highlight><highlight class="stringliteral">&quot;CONSTRAINT<sp/>`&quot;</highlight><highlight class="normal"><sp/>+<sp/>isForeignKey.<ref refid="dd/d33/class_uniform_data_operator_1_1_sql_1_1_markup_1_1_is_foreign_key_attribute_1a5812ac056c373e4514466df8336ad808" kindref="member">FKName</ref>(selfTableName)<sp/>+<sp/></highlight><highlight class="stringliteral">&quot;`\n&quot;</highlight><highlight class="normal">;</highlight></codeline>
<codeline lineno="236"><highlight class="normal"><sp/><sp/><sp/><sp/><sp/><sp/><sp/><sp/><sp/><sp/><sp/><sp/>command<sp/>+=<sp/></highlight><highlight class="stringliteral">&quot;\tFOREIGN<sp/>KEY(`&quot;</highlight><highlight class="normal"><sp/>+<sp/>column.<ref refid="d0/d68/class_uniform_data_operator_1_1_sql_1_1_markup_1_1_column_attribute_1ab12600e7022c9c4aa36816f89e360d01" kindref="member">title</ref><sp/>+<sp/></highlight><highlight class="stringliteral">&quot;`)\n&quot;</highlight><highlight class="normal">;</highlight></codeline>
<codeline lineno="237"><highlight class="normal"><sp/><sp/><sp/><sp/><sp/><sp/><sp/><sp/><sp/><sp/><sp/><sp/>command<sp/>+=<sp/></highlight><highlight class="stringliteral">&quot;\tREFERENCES<sp/>`&quot;</highlight><highlight class="normal"><sp/>+<sp/>isForeignKey.<ref refid="dd/d33/class_uniform_data_operator_1_1_sql_1_1_markup_1_1_is_foreign_key_attribute_1a0ccdb7ac6c441bbba664d370aec645d1" kindref="member">schema</ref><sp/>+<sp/></highlight><highlight class="stringliteral">&quot;`.`&quot;</highlight><highlight class="normal"><sp/>+<sp/>isForeignKey.<ref refid="dd/d33/class_uniform_data_operator_1_1_sql_1_1_markup_1_1_is_foreign_key_attribute_1ae210d1001824383251ca3ba1a0f3fd20" kindref="member">table</ref><sp/>+<sp/></highlight><highlight class="stringliteral">&quot;`<sp/>(`&quot;</highlight><highlight class="normal"><sp/>+<sp/>isForeignKey.<ref refid="dd/d33/class_uniform_data_operator_1_1_sql_1_1_markup_1_1_is_foreign_key_attribute_1aa305b69f1eac8e7335b9776b5d30625e" kindref="member">column</ref><sp/>+<sp/></highlight><highlight class="stringliteral">&quot;`)\n&quot;</highlight><highlight class="normal">;</highlight></codeline>
<codeline lineno="238"><highlight class="normal"><sp/><sp/><sp/><sp/><sp/><sp/><sp/><sp/><sp/><sp/><sp/><sp/>command<sp/>+=<sp/></highlight><highlight class="stringliteral">&quot;\tON<sp/>DELETE<sp/>&quot;</highlight><highlight class="normal"><sp/>+<sp/><ref refid="dd/d33/class_uniform_data_operator_1_1_sql_1_1_markup_1_1_is_foreign_key_attribute" kindref="compound">IsForeignKeyAttribute</ref>.<ref refid="dd/d33/class_uniform_data_operator_1_1_sql_1_1_markup_1_1_is_foreign_key_attribute_1adaff7734b94478d0b37cc8659a0c2acd" kindref="member">ActionToCommand</ref>(isForeignKey.<ref refid="dd/d33/class_uniform_data_operator_1_1_sql_1_1_markup_1_1_is_foreign_key_attribute_1a5055e5326f37afb695398139353139b2" kindref="member">onDeleteCommand</ref>)<sp/>+<sp/></highlight><highlight class="stringliteral">&quot;\n&quot;</highlight><highlight class="normal">;</highlight></codeline>
<codeline lineno="239"><highlight class="normal"><sp/><sp/><sp/><sp/><sp/><sp/><sp/><sp/><sp/><sp/><sp/><sp/>command<sp/>+=<sp/></highlight><highlight class="stringliteral">&quot;\tON<sp/>UPDATE<sp/>&quot;</highlight><highlight class="normal"><sp/>+<sp/><ref refid="dd/d33/class_uniform_data_operator_1_1_sql_1_1_markup_1_1_is_foreign_key_attribute" kindref="compound">IsForeignKeyAttribute</ref>.<ref refid="dd/d33/class_uniform_data_operator_1_1_sql_1_1_markup_1_1_is_foreign_key_attribute_1adaff7734b94478d0b37cc8659a0c2acd" kindref="member">ActionToCommand</ref>(isForeignKey.<ref refid="dd/d33/class_uniform_data_operator_1_1_sql_1_1_markup_1_1_is_foreign_key_attribute_1a262baa0ebcc9ee448750f96019f0e14c" kindref="member">onUpdateCommand</ref>);</highlight></codeline>
<codeline lineno="240"><highlight class="normal"><sp/><sp/><sp/><sp/><sp/><sp/><sp/><sp/><sp/><sp/><sp/><sp/></highlight><highlight class="keywordflow">return</highlight><highlight class="normal"><sp/>command;</highlight></codeline>
<codeline lineno="241"><highlight class="normal"><sp/><sp/><sp/><sp/><sp/><sp/><sp/><sp/>}</highlight></codeline>
<codeline lineno="242"><highlight class="normal"></highlight></codeline>
<codeline lineno="250"><highlight class="normal"><sp/><sp/><sp/><sp/><sp/><sp/><sp/><sp/></highlight><highlight class="keyword">public</highlight><highlight class="normal"><sp/></highlight><highlight class="keyword">static</highlight><highlight class="normal"><sp/></highlight><highlight class="keywordtype">string</highlight><highlight class="normal"><sp/>ConstrainDeclarationCommand(MemberInfo<sp/>member,<sp/></highlight><highlight class="keywordtype">string</highlight><highlight class="normal"><sp/>selfTableName)</highlight></codeline>
<codeline lineno="251"><highlight class="normal"><sp/><sp/><sp/><sp/><sp/><sp/><sp/><sp/>{</highlight></codeline>
<codeline lineno="252"><highlight class="normal"><sp/><sp/><sp/><sp/><sp/><sp/><sp/><sp/><sp/><sp/><sp/><sp/></highlight><highlight class="comment">//<sp/>Looking<sp/>for<sp/>column<sp/>and<sp/>FK<sp/>definitions.</highlight><highlight class="normal"></highlight></codeline>
<codeline lineno="253"><highlight class="normal"><sp/><sp/><sp/><sp/><sp/><sp/><sp/><sp/><sp/><sp/><sp/><sp/></highlight><highlight class="keywordflow">if</highlight><highlight class="normal"><sp/>(!<ref refid="d5/d10/class_uniform_data_operator_1_1_assemblies_management_1_1_members_handler" kindref="compound">MembersHandler</ref>.TryToGetAttribute&lt;<ref refid="d0/d68/class_uniform_data_operator_1_1_sql_1_1_markup_1_1_column_attribute" kindref="compound">ColumnAttribute</ref>&gt;(member,<sp/>out<sp/><ref refid="d0/d68/class_uniform_data_operator_1_1_sql_1_1_markup_1_1_column_attribute" kindref="compound">ColumnAttribute</ref><sp/>column)<sp/>||</highlight></codeline>
<codeline lineno="254"><highlight class="normal"><sp/><sp/><sp/><sp/><sp/><sp/><sp/><sp/><sp/><sp/><sp/><sp/><sp/><sp/><sp/><sp/>!<ref refid="d5/d10/class_uniform_data_operator_1_1_assemblies_management_1_1_members_handler" kindref="compound">MembersHandler</ref>.TryToGetAttribute&lt;<ref refid="dd/d33/class_uniform_data_operator_1_1_sql_1_1_markup_1_1_is_foreign_key_attribute" kindref="compound">IsForeignKeyAttribute</ref>&gt;(member,<sp/>out<sp/><ref refid="dd/d33/class_uniform_data_operator_1_1_sql_1_1_markup_1_1_is_foreign_key_attribute" kindref="compound">IsForeignKeyAttribute</ref><sp/>isForeignKey))</highlight></codeline>
<codeline lineno="255"><highlight class="normal"><sp/><sp/><sp/><sp/><sp/><sp/><sp/><sp/><sp/><sp/><sp/><sp/>{</highlight></codeline>
<codeline lineno="256"><highlight class="normal"><sp/><sp/><sp/><sp/><sp/><sp/><sp/><sp/><sp/><sp/><sp/><sp/><sp/><sp/><sp/><sp/></highlight><highlight class="comment">//<sp/>Deop<sp/>if<sp/>not<sp/>defined.</highlight><highlight class="normal"></highlight></codeline>
<codeline lineno="257"><highlight class="normal"><sp/><sp/><sp/><sp/><sp/><sp/><sp/><sp/><sp/><sp/><sp/><sp/><sp/><sp/><sp/><sp/></highlight><highlight class="keywordflow">return</highlight><highlight class="normal"><sp/></highlight><highlight class="stringliteral">&quot;&quot;</highlight><highlight class="normal">;</highlight></codeline>
<codeline lineno="258"><highlight class="normal"><sp/><sp/><sp/><sp/><sp/><sp/><sp/><sp/><sp/><sp/><sp/><sp/>}</highlight></codeline>
<codeline lineno="259"><highlight class="normal"><sp/><sp/><sp/><sp/><sp/><sp/><sp/><sp/><sp/><sp/><sp/><sp/></highlight></codeline>
<codeline lineno="261"><highlight class="normal"><sp/><sp/><sp/><sp/><sp/><sp/><sp/><sp/><sp/><sp/><sp/><sp/></highlight><highlight class="comment">//if<sp/>(Modifiers.DBPathOverride.TryToGetValidOverride&lt;Column&gt;(</highlight><highlight class="normal"></highlight></codeline>
<codeline lineno="262"><highlight class="normal"><sp/><sp/><sp/><sp/><sp/><sp/><sp/><sp/><sp/><sp/><sp/><sp/></highlight><highlight class="comment">//<sp/><sp/><sp/><sp/>member,</highlight><highlight class="normal"></highlight></codeline>
<codeline lineno="263"><highlight class="normal"><sp/><sp/><sp/><sp/><sp/><sp/><sp/><sp/><sp/><sp/><sp/><sp/></highlight><highlight class="comment">//<sp/><sp/><sp/><sp/>out<sp/>Modifiers.DBPathOverride<sp/>columnOverrider))</highlight><highlight class="normal"></highlight></codeline>
<codeline lineno="264"><highlight class="normal"><sp/><sp/><sp/><sp/><sp/><sp/><sp/><sp/><sp/><sp/><sp/><sp/></highlight><highlight class="comment">//{</highlight><highlight class="normal"></highlight></codeline>
<codeline lineno="265"><highlight class="normal"><sp/><sp/><sp/><sp/><sp/><sp/><sp/><sp/><sp/><sp/><sp/><sp/></highlight><highlight class="comment">//<sp/><sp/><sp/><sp/>column.title<sp/>=<sp/>columnOverrider.column<sp/>??<sp/>column.title;</highlight><highlight class="normal"></highlight></codeline>
<codeline lineno="266"><highlight class="normal"><sp/><sp/><sp/><sp/><sp/><sp/><sp/><sp/><sp/><sp/><sp/><sp/></highlight><highlight class="comment">//}</highlight><highlight class="normal"></highlight></codeline>
<codeline lineno="267"><highlight class="normal"></highlight></codeline>
<codeline lineno="268"><highlight class="normal"><sp/><sp/><sp/><sp/><sp/><sp/><sp/><sp/><sp/><sp/><sp/><sp/></highlight><highlight class="comment">//<sp/>Try<sp/>to<sp/>find<sp/>overriding<sp/>attribute.</highlight><highlight class="normal"></highlight></codeline>
<codeline lineno="269"><highlight class="normal"><sp/><sp/><sp/><sp/><sp/><sp/><sp/><sp/><sp/><sp/><sp/><sp/></highlight><highlight class="keywordflow">if</highlight><highlight class="normal"><sp/>(Modifiers.DBPathOverrideAttribute.TryToGetValidOverride&lt;<ref refid="dd/d33/class_uniform_data_operator_1_1_sql_1_1_markup_1_1_is_foreign_key_attribute" kindref="compound">IsForeignKeyAttribute</ref>&gt;(</highlight></codeline>
<codeline lineno="270"><highlight class="normal"><sp/><sp/><sp/><sp/><sp/><sp/><sp/><sp/><sp/><sp/><sp/><sp/><sp/><sp/><sp/><sp/>member.DeclaringType,</highlight></codeline>
<codeline lineno="271"><highlight class="normal"><sp/><sp/><sp/><sp/><sp/><sp/><sp/><sp/><sp/><sp/><sp/><sp/><sp/><sp/><sp/><sp/>out<sp/>Modifiers.DBPathOverrideAttribute<sp/>fkOverrider))</highlight></codeline>
<codeline lineno="272"><highlight class="normal"><sp/><sp/><sp/><sp/><sp/><sp/><sp/><sp/><sp/><sp/><sp/><sp/>{</highlight></codeline>
<codeline lineno="273"><highlight class="normal"><sp/><sp/><sp/><sp/><sp/><sp/><sp/><sp/><sp/><sp/><sp/><sp/><sp/><sp/><sp/><sp/></highlight><highlight class="comment">//<sp/>Override<sp/>fields.</highlight><highlight class="normal"></highlight></codeline>
<codeline lineno="274"><highlight class="normal"><sp/><sp/><sp/><sp/><sp/><sp/><sp/><sp/><sp/><sp/><sp/><sp/><sp/><sp/><sp/><sp/>isForeignKey.schema<sp/>=<sp/>fkOverrider.schema<sp/>??<sp/>isForeignKey.schema;</highlight></codeline>
<codeline lineno="275"><highlight class="normal"><sp/><sp/><sp/><sp/><sp/><sp/><sp/><sp/><sp/><sp/><sp/><sp/><sp/><sp/><sp/><sp/>isForeignKey.table<sp/>=<sp/>fkOverrider.table<sp/>??<sp/>isForeignKey.table;</highlight></codeline>
<codeline lineno="276"><highlight class="normal"><sp/><sp/><sp/><sp/><sp/><sp/><sp/><sp/><sp/><sp/><sp/><sp/><sp/><sp/><sp/><sp/>isForeignKey.column<sp/>=<sp/>fkOverrider.column<sp/>??<sp/>isForeignKey.column;</highlight></codeline>
<codeline lineno="277"><highlight class="normal"><sp/><sp/><sp/><sp/><sp/><sp/><sp/><sp/><sp/><sp/><sp/><sp/>}</highlight></codeline>
<codeline lineno="278"><highlight class="normal"><sp/><sp/><sp/><sp/><sp/><sp/><sp/><sp/><sp/><sp/><sp/><sp/></highlight></codeline>
<codeline lineno="279"><highlight class="normal"><sp/><sp/><sp/><sp/><sp/><sp/><sp/><sp/><sp/><sp/><sp/><sp/></highlight><highlight class="keywordflow">return</highlight><highlight class="normal"><sp/>ConstrainDeclarationCommand(column,<sp/>isForeignKey,<sp/>selfTableName);</highlight></codeline>
<codeline lineno="280"><highlight class="normal"><sp/><sp/><sp/><sp/><sp/><sp/><sp/><sp/>}</highlight></codeline>
<codeline lineno="281"><highlight class="normal"><sp/><sp/><sp/><sp/>}</highlight></codeline>
<codeline lineno="282"><highlight class="normal">}</highlight></codeline>
    </programlisting>
    <location file="D:/Work/GitHub/uniform-data-operator/SQL/Markup/IsForeignKeyAttribute.cs"/>
  </compounddef>
</doxygen>
