<?xml version='1.0' encoding='UTF-8' standalone='no'?>
<doxygen xmlns:xsi="http://www.w3.org/2001/XMLSchema-instance" xsi:noNamespaceSchemaLocation="compound.xsd" version="1.8.14">
  <compounddef id="d4/d04/md__d_1__work__git_hub_uniform-data-operator__r_e_a_d_m_e" kind="page">
    <compoundname>md_D:_Work_GitHub_uniform-data-operator_README</compoundname>
    <title>Uniform Data Operator</title>
    <briefdescription>
    </briefdescription>
    <detaileddescription>
<para>It&apos;s a framework that allow to oparate and manage yours data by unified way, not depending from your database or prefered format. Standardize your data structures and avoid adjust of your product only for one storage type that could be not suitable for you in future.</para><para><heading level="1">F.A.Q.</heading>
</para><para><heading level="2">How to describe table class/struct?</heading>
</para><para><heading level="3">Conception</heading>
</para><para>At first you need to understand conception of work with data and them representations at database.</para><para>For every table on server that must be compatible with your application on native level you need to provide the class/structure with compatible and correct described fields/properties.</para><para>This class/structure would be a bridge betwee your local data and server representation.</para><para><heading level="3">Describing</heading>
</para><para>Describing of data making by using of attributs from <computeroutput>UniformDataOperator.Sql.Attributes</computeroutput> namespace. (Custom attributes and modifiers can has other namespace).</para><para><orderedlist>
<listitem><para>Define <computeroutput>Table</computeroutput> attribute for your class/structure. Describe correct scheme and table name.</para></listitem><listitem><para>Define <computeroutput>System.Serializable</computeroutput> attribute for your class.</para></listitem><listitem><para>For every field/property that would be a column defind <computeroutput>Column</computeroutput> attribute. Set column name and type at constructor.</para></listitem><listitem><para>Define additive columns&apos; attributes like <computeroutput>isPrimaryKey</computeroutput>, <computeroutput>isAutoIncrement</computeroutput>, <computeroutput>Commentary</computeroutput>, etc. More details you can wind in source or offline documetation.</para></listitem></orderedlist>
</para><para><heading level="2">How operator defines what would be included in auto generated read/write queries?</heading>
</para><para>Every operator can has a different algorithm related to specific requirements of database server. But a common idea is mapping of you &apos;Table&apos; defined class by <computeroutput>Column</computeroutput> attributes and generate the queries based on them settings and values.</para><para>If some attribute affecting algorithm then that described at that&apos;s summary.</para><para><heading level="2">I need to manage data received from server. How I can do it?</heading>
</para><para>Just use a property as column. Then you would be able to manage a complex get/set algorithms during operator actions.</para><para><heading level="2">Can I add supporting of other SQL server?</heading>
</para><para>Sure. Just create you ServerNameOperator that implement ISqlOperator interface and your data described by UDO&apos;s attributes would be compatible with your specific server.</para><para>Use the default MySqlDataOperator (group of partial classes) as example. Them are pretty good documented. If you done this job please consider sharing this source as contribution into UDO.</para><para><heading level="2">My SQL server incompatible with the DbDataType&apos;s indexes. How I can adjust my data?</heading>
</para><para>By default <computeroutput>Column</computeroutput> attribute described via <computeroutput>DbDataType</computeroutput> that mostly unusable for huge count of types that custom for every different SQL server. If you faced with such kind of problem so just create your own modifying attribute that would be used on your custom <computeroutput>ISqlOperator</computeroutput> instance.</para><para>Use <computeroutput>UniformDataOperator.Sql.MySql.Attributes.MySqlDBTypeOverride</computeroutput> as example for your source. Check how it using at <computeroutput>MySqlDataOperatorCommands.cs</computeroutput> in <computeroutput>ColumnDeclarationCommand</computeroutput> method.</para><para><heading level="2">Auto write/read not enough flexible for me. How I can make custom query?</heading>
</para><para>Auto managing of duplex exchanging of data with SQL server it&apos;s just a high end feature. But not the only way to manage your uniformed data.</para><para>All what you need it&apos;s pipe down on one level and start direct work with your <computeroutput>ISqlOperator</computeroutput> instance.</para><para>Make your own SQL command suitable by your specific task and send it to server via <computeroutput>SqlOperatorHandler.Active.NewCommand(YOUR_COMMAND)</computeroutput> by use one of provided methods :<itemizedlist>
<listitem><para><computeroutput>ExecuteNonQuery</computeroutput></para></listitem><listitem><para><computeroutput>ExecuteScalar</computeroutput></para></listitem><listitem><para><computeroutput>ExecuteReader</computeroutput></para></listitem></itemizedlist>
</para><para><heading level="2">How to establish connection with server?</heading>
</para><para><orderedlist>
<listitem><para>Create and instance of your <computeroutput>ISqlOperator</computeroutput> instance.</para></listitem><listitem><para>Initialize properties of your <computeroutput>ISqlOperator</computeroutput> instance:<itemizedlist>
<listitem><para><computeroutput>string Server</computeroutput></para></listitem><listitem><para><computeroutput>int Port</computeroutput></para></listitem><listitem><para><computeroutput>string Database</computeroutput></para></listitem><listitem><para><computeroutput>string UserId</computeroutput></para></listitem><listitem><para><computeroutput>string Password</computeroutput></para></listitem></itemizedlist>
</para></listitem><listitem><para>Call <computeroutput>Initialize</computeroutput> method on your <computeroutput>ISqlOperator</computeroutput> instance.</para></listitem><listitem><para>Call <computeroutput>OpenConnection</computeroutput> method on your <computeroutput>ISqlOperator</computeroutput> instance.</para></listitem><listitem><para>Execute your SQL query.</para></listitem><listitem><para>Call <computeroutput>CloseConnection</computeroutput> method on your <computeroutput>ISqlOperator</computeroutput> instance.</para></listitem></orderedlist>
</para><para><blockquote><para>Note that the action required only for manual commands. </para></blockquote></para>    </detaileddescription>
  </compounddef>
</doxygen>
