<?xml version='1.0' encoding='UTF-8' standalone='no'?>
<doxygen xmlns:xsi="http://www.w3.org/2001/XMLSchema-instance" xsi:noNamespaceSchemaLocation="compound.xsd" version="1.8.14">
  <compounddef id="d4/de0/namespace_uniform_data_operator_1_1_sql_1_1_my_sql_1_1_markup" kind="namespace" language="C#">
    <compoundname>UniformDataOperator::Sql::MySql::Markup</compoundname>
    <innerclass refid="da/d96/class_uniform_data_operator_1_1_sql_1_1_my_sql_1_1_markup_1_1_my_sql_d_b_type_override_attribute" prot="public">UniformDataOperator::Sql::MySql::Markup::MySqlDBTypeOverrideAttribute</innerclass>
    <briefdescription>
    </briefdescription>
    <detaileddescription>
    </detaileddescription>
    <location file="D:/Work/GitHub/uniform-data-operator/SQL/MySQL/Markup/MySqlDBTypeOverrideAttribute.cs" line="19" column="1"/>
  </compounddef>
</doxygen>
