<?xml version='1.0' encoding='UTF-8' standalone='no'?>
<doxygen xmlns:xsi="http://www.w3.org/2001/XMLSchema-instance" xsi:noNamespaceSchemaLocation="compound.xsd" version="1.8.14">
  <compounddef id="d0/d16/namespace_system_1_1_runtime_1_1_serialization_1_1_formatters_1_1_binary" kind="namespace" language="Unknown">
    <compoundname>System::Runtime::Serialization::Formatters::Binary</compoundname>
    <briefdescription>
    </briefdescription>
    <detaileddescription>
    </detaileddescription>
    <location file="D:/Work/GitHub/uniform-data-operator/Binary/BinaryHandler.cs" line="21" column="1"/>
  </compounddef>
</doxygen>
