<?xml version='1.0' encoding='UTF-8' standalone='no'?>
<doxygen xmlns:xsi="http://www.w3.org/2001/XMLSchema-instance" xsi:noNamespaceSchemaLocation="compound.xsd" version="1.8.14">
  <compounddef id="dd/d32/class_uniform_data_operator_1_1_assemblies_management_1_1_modifiers_1_1_type_replacer_1_1_replacing_meta" kind="class" language="C#" prot="protected">
    <compoundname>UniformDataOperator::AssembliesManagement::Modifiers::TypeReplacer::ReplacingMeta</compoundname>
      <sectiondef kind="public-attrib">
      <memberdef kind="variable" id="dd/d32/class_uniform_data_operator_1_1_assemblies_management_1_1_modifiers_1_1_type_replacer_1_1_replacing_meta_1aa2bcb9c1376fd1f1dba1d7fe3c51b105" prot="public" static="no" mutable="no">
        <type>Type</type>
        <definition>Type UniformDataOperator.AssembliesManagement.Modifiers.TypeReplacer.ReplacingMeta.usingType</definition>
        <argsstring></argsstring>
        <name>usingType</name>
        <briefdescription>
<para>Type that must be used instead of requested. </para>        </briefdescription>
        <detaileddescription>
        </detaileddescription>
        <inbodydescription>
        </inbodydescription>
        <location file="D:/Work/GitHub/uniform-data-operator/AssembliesManagement/Modifiers/TypeReplacer.cs" line="74" column="1" bodyfile="D:/Work/GitHub/uniform-data-operator/AssembliesManagement/Modifiers/TypeReplacer.cs" bodystart="74" bodyend="-1"/>
      </memberdef>
      <memberdef kind="variable" id="dd/d32/class_uniform_data_operator_1_1_assemblies_management_1_1_modifiers_1_1_type_replacer_1_1_replacing_meta_1ac1e6b32459f6ec0bfd07c1c26d682a61" prot="public" static="no" mutable="no">
        <type>int</type>
        <definition>int UniformDataOperator.AssembliesManagement.Modifiers.TypeReplacer.ReplacingMeta.replacedWithPriority</definition>
        <argsstring></argsstring>
        <name>replacedWithPriority</name>
        <briefdescription>
<para>Priority that was used during type replacement. Allow to override that meta in case in next instruction will has highest priority then that one. </para>        </briefdescription>
        <detaileddescription>
        </detaileddescription>
        <inbodydescription>
        </inbodydescription>
        <location file="D:/Work/GitHub/uniform-data-operator/AssembliesManagement/Modifiers/TypeReplacer.cs" line="80" column="1" bodyfile="D:/Work/GitHub/uniform-data-operator/AssembliesManagement/Modifiers/TypeReplacer.cs" bodystart="80" bodyend="-1"/>
      </memberdef>
      </sectiondef>
    <briefdescription>
<para>Meta data building during type replacment registration. </para>    </briefdescription>
    <detaileddescription>
    </detaileddescription>
    <location file="D:/Work/GitHub/uniform-data-operator/AssembliesManagement/Modifiers/TypeReplacer.cs" line="70" column="1" bodyfile="D:/Work/GitHub/uniform-data-operator/AssembliesManagement/Modifiers/TypeReplacer.cs" bodystart="69" bodyend="81"/>
    <listofallmembers>
      <member refid="dd/d32/class_uniform_data_operator_1_1_assemblies_management_1_1_modifiers_1_1_type_replacer_1_1_replacing_meta_1ac1e6b32459f6ec0bfd07c1c26d682a61" prot="public" virt="non-virtual"><scope>UniformDataOperator::AssembliesManagement::Modifiers::TypeReplacer::ReplacingMeta</scope><name>replacedWithPriority</name></member>
      <member refid="dd/d32/class_uniform_data_operator_1_1_assemblies_management_1_1_modifiers_1_1_type_replacer_1_1_replacing_meta_1aa2bcb9c1376fd1f1dba1d7fe3c51b105" prot="public" virt="non-virtual"><scope>UniformDataOperator::AssembliesManagement::Modifiers::TypeReplacer::ReplacingMeta</scope><name>usingType</name></member>
    </listofallmembers>
  </compounddef>
</doxygen>
