<?xml version='1.0' encoding='UTF-8' standalone='no'?>
<doxygen xmlns:xsi="http://www.w3.org/2001/XMLSchema-instance" xsi:noNamespaceSchemaLocation="compound.xsd" version="1.8.14">
  <compounddef id="d9/d9d/class_uniform_data_operator_1_1_assemblies_management_1_1_assemblies_handler" kind="class" language="C#" prot="public">
    <compoundname>UniformDataOperator::AssembliesManagement::AssembliesHandler</compoundname>
      <sectiondef kind="public-static-func">
      <memberdef kind="function" id="d9/d9d/class_uniform_data_operator_1_1_assemblies_management_1_1_assemblies_handler_1a6413bf47f459171f32c840afd92db34f" prot="public" static="yes" const="no" explicit="no" inline="yes" virt="non-virtual">
        <type>void</type>
        <definition>static void UniformDataOperator.AssembliesManagement.AssembliesHandler.LoadAssemblies</definition>
        <argsstring>(string path)</argsstring>
        <name>LoadAssemblies</name>
        <param>
          <type>string</type>
          <declname>path</declname>
        </param>
        <briefdescription>
<para>Loads assemblies from a requested path. </para>        </briefdescription>
        <detaileddescription>
<para><parameterlist kind="param"><parameteritem>
<parameternamelist>
<parametername>path</parametername>
</parameternamelist>
<parameterdescription>
<para>A folder where will be stored asseblies.</para></parameterdescription>
</parameteritem>
</parameterlist>
</para>        </detaileddescription>
        <inbodydescription>
        </inbodydescription>
        <location file="D:/Work/GitHub/uniform-data-operator/AssembliesManagement/AssembliesHandler.cs" line="35" column="1" bodyfile="D:/Work/GitHub/uniform-data-operator/AssembliesManagement/AssembliesHandler.cs" bodystart="35" bodyend="38"/>
      </memberdef>
      <memberdef kind="function" id="d9/d9d/class_uniform_data_operator_1_1_assemblies_management_1_1_assemblies_handler_1a319a18fddc641dc2090dcf51ddcb015d" prot="public" static="yes" const="no" explicit="no" inline="yes" virt="non-virtual">
        <type>void</type>
        <definition>static void UniformDataOperator.AssembliesManagement.AssembliesHandler.LoadAssemblies</definition>
        <argsstring>(string path, SearchOption searchOption, bool spawnDirectory)</argsstring>
        <name>LoadAssemblies</name>
        <param>
          <type>string</type>
          <declname>path</declname>
        </param>
        <param>
          <type>SearchOption</type>
          <declname>searchOption</declname>
        </param>
        <param>
          <type>bool</type>
          <declname>spawnDirectory</declname>
        </param>
        <briefdescription>
<para>Loads assemblies from a requested path. </para>        </briefdescription>
        <detaileddescription>
<para><parameterlist kind="param"><parameteritem>
<parameternamelist>
<parametername>path</parametername>
</parameternamelist>
<parameterdescription>
<para>A folder where will be stored asseblies.</para></parameterdescription>
</parameteritem>
<parameteritem>
<parameternamelist>
<parametername>searchOption</parametername>
</parameternamelist>
<parameterdescription>
<para>Define if a search operation will affect only a root directory or also check child ones.</para></parameterdescription>
</parameteritem>
<parameteritem>
<parameternamelist>
<parametername>spawnDirectory</parametername>
</parameternamelist>
<parameterdescription>
<para>Should a handler create a directory in case if not existed.</para></parameterdescription>
</parameteritem>
</parameterlist>
</para>        </detaileddescription>
        <inbodydescription>
        </inbodydescription>
        <location file="D:/Work/GitHub/uniform-data-operator/AssembliesManagement/AssembliesHandler.cs" line="46" column="1" bodyfile="D:/Work/GitHub/uniform-data-operator/AssembliesManagement/AssembliesHandler.cs" bodystart="46" bodyend="90"/>
      </memberdef>
      </sectiondef>
    <briefdescription>
<para>Handler class that provides an API to managing assemblies. </para>    </briefdescription>
    <detaileddescription>
    </detaileddescription>
    <location file="D:/Work/GitHub/uniform-data-operator/AssembliesManagement/AssembliesHandler.cs" line="30" column="1" bodyfile="D:/Work/GitHub/uniform-data-operator/AssembliesManagement/AssembliesHandler.cs" bodystart="29" bodyend="91"/>
    <listofallmembers>
      <member refid="d9/d9d/class_uniform_data_operator_1_1_assemblies_management_1_1_assemblies_handler_1a6413bf47f459171f32c840afd92db34f" prot="public" virt="non-virtual"><scope>UniformDataOperator::AssembliesManagement::AssembliesHandler</scope><name>LoadAssemblies</name></member>
      <member refid="d9/d9d/class_uniform_data_operator_1_1_assemblies_management_1_1_assemblies_handler_1a319a18fddc641dc2090dcf51ddcb015d" prot="public" virt="non-virtual"><scope>UniformDataOperator::AssembliesManagement::AssembliesHandler</scope><name>LoadAssemblies</name></member>
    </listofallmembers>
  </compounddef>
</doxygen>
