<?xml version='1.0' encoding='UTF-8' standalone='no'?>
<doxygen xmlns:xsi="http://www.w3.org/2001/XMLSchema-instance" xsi:noNamespaceSchemaLocation="compound.xsd" version="1.8.14">
  <compounddef id="d8/df3/_i_s_q_l_operator_8cs" kind="file" language="C#">
    <compoundname>ISQLOperator.cs</compoundname>
    <innerclass refid="d1/dad/interface_uniform_data_operator_1_1_sql_1_1_i_sql_operator" prot="public">UniformDataOperator::Sql::ISqlOperator</innerclass>
    <innernamespace refid="da/dc4/namespace_uniform_data_operator_1_1_sql">UniformDataOperator::Sql</innernamespace>
    <innernamespace refid="df/d9f/namespace_system_1_1_data">System::Data</innernamespace>
    <innernamespace refid="d9/d74/namespace_system_1_1_data_1_1_common">System::Data::Common</innernamespace>
    <briefdescription>
    </briefdescription>
    <detaileddescription>
    </detaileddescription>
    <programlisting>
<codeline lineno="1"><highlight class="comment">//Copyright<sp/>2019<sp/>Volodymyr<sp/>Podshyvalov</highlight><highlight class="normal"></highlight></codeline>
<codeline lineno="2"><highlight class="normal"></highlight><highlight class="comment">//</highlight><highlight class="normal"></highlight></codeline>
<codeline lineno="3"><highlight class="normal"></highlight><highlight class="comment">//Licensed<sp/>under<sp/>the<sp/>Apache<sp/>License,<sp/>Version<sp/>2.0<sp/>(the<sp/>&quot;License&quot;);</highlight><highlight class="normal"></highlight></codeline>
<codeline lineno="4"><highlight class="normal"></highlight><highlight class="comment">//you<sp/>may<sp/>not<sp/>use<sp/>this<sp/>file<sp/>except<sp/>in<sp/>compliance<sp/>with<sp/>the<sp/>License.</highlight><highlight class="normal"></highlight></codeline>
<codeline lineno="5"><highlight class="normal"></highlight><highlight class="comment">//You<sp/>may<sp/>obtain<sp/>a<sp/>copy<sp/>of<sp/>the<sp/>License<sp/>at</highlight><highlight class="normal"></highlight></codeline>
<codeline lineno="6"><highlight class="normal"></highlight><highlight class="comment">//</highlight><highlight class="normal"></highlight></codeline>
<codeline lineno="7"><highlight class="normal"></highlight><highlight class="comment">//<sp/><sp/><sp/><sp/>http://www.apache.org/licenses/LICENSE-2.0</highlight><highlight class="normal"></highlight></codeline>
<codeline lineno="8"><highlight class="normal"></highlight><highlight class="comment">//</highlight><highlight class="normal"></highlight></codeline>
<codeline lineno="9"><highlight class="normal"></highlight><highlight class="comment">//Unless<sp/>required<sp/>by<sp/>applicable<sp/>law<sp/>or<sp/>agreed<sp/>to<sp/>in<sp/>writing,<sp/>software</highlight><highlight class="normal"></highlight></codeline>
<codeline lineno="10"><highlight class="normal"></highlight><highlight class="comment">//distributed<sp/>under<sp/>the<sp/>License<sp/>is<sp/>distributed<sp/>on<sp/>an<sp/>&quot;AS<sp/>IS&quot;<sp/>BASIS,</highlight><highlight class="normal"></highlight></codeline>
<codeline lineno="11"><highlight class="normal"></highlight><highlight class="comment">//WITHOUT<sp/>WARRANTIES<sp/>OR<sp/>CONDITIONS<sp/>OF<sp/>ANY<sp/>KIND,<sp/>either<sp/>express<sp/>or<sp/>implied.</highlight><highlight class="normal"></highlight></codeline>
<codeline lineno="12"><highlight class="normal"></highlight><highlight class="comment">//See<sp/>the<sp/>License<sp/>for<sp/>the<sp/>specific<sp/>language<sp/>governing<sp/>permissions<sp/>and</highlight><highlight class="normal"></highlight></codeline>
<codeline lineno="13"><highlight class="normal"></highlight><highlight class="comment">//limitations<sp/>under<sp/>the<sp/>License.</highlight><highlight class="normal"></highlight></codeline>
<codeline lineno="14"><highlight class="normal"></highlight></codeline>
<codeline lineno="15"><highlight class="normal"></highlight><highlight class="keyword">using</highlight><highlight class="normal"><sp/><ref refid="d8/dd0/namespace_system" kindref="compound">System</ref>;</highlight></codeline>
<codeline lineno="16"><highlight class="normal"></highlight><highlight class="keyword">using</highlight><highlight class="normal"><sp/><ref refid="d8/dd0/namespace_system" kindref="compound">System</ref>.Data;</highlight></codeline>
<codeline lineno="17"><highlight class="normal"></highlight><highlight class="keyword">using</highlight><highlight class="normal"><sp/><ref refid="d8/dd0/namespace_system" kindref="compound">System</ref>.Data.Common;</highlight></codeline>
<codeline lineno="18"><highlight class="normal"></highlight><highlight class="keyword">using</highlight><highlight class="normal"><sp/><ref refid="d8/dd0/namespace_system" kindref="compound">System</ref>.Collections;</highlight></codeline>
<codeline lineno="19"><highlight class="normal"></highlight><highlight class="keyword">using</highlight><highlight class="normal"><sp/><ref refid="d8/dd0/namespace_system" kindref="compound">System</ref>.Linq;</highlight></codeline>
<codeline lineno="20"><highlight class="normal"></highlight><highlight class="keyword">using</highlight><highlight class="normal"><sp/><ref refid="d8/dd0/namespace_system" kindref="compound">System</ref>.Text;</highlight></codeline>
<codeline lineno="21"><highlight class="normal"></highlight><highlight class="keyword">using</highlight><highlight class="normal"><sp/><ref refid="d8/dd0/namespace_system" kindref="compound">System</ref>.Threading;</highlight></codeline>
<codeline lineno="22"><highlight class="normal"></highlight><highlight class="keyword">using</highlight><highlight class="normal"><sp/><ref refid="d8/dd0/namespace_system" kindref="compound">System</ref>.Threading.Tasks;</highlight></codeline>
<codeline lineno="23"><highlight class="normal"></highlight><highlight class="keyword">using</highlight><highlight class="normal"><sp/><ref refid="d8/dd0/namespace_system" kindref="compound">System</ref>.Reflection;</highlight></codeline>
<codeline lineno="24"><highlight class="normal"></highlight><highlight class="keyword">using</highlight><highlight class="normal"><sp/><ref refid="de/d66/namespace_uniform_data_operator" kindref="compound">UniformDataOperator</ref>.<ref refid="da/dc4/namespace_uniform_data_operator_1_1_sql" kindref="compound">Sql</ref>.<ref refid="de/d8b/namespace_uniform_data_operator_1_1_sql_1_1_markup" kindref="compound">Markup</ref>;</highlight></codeline>
<codeline lineno="25"><highlight class="normal"></highlight></codeline>
<codeline lineno="26" refid="da/dc4/namespace_uniform_data_operator_1_1_sql" refkind="compound"><highlight class="normal"></highlight><highlight class="keyword">namespace<sp/></highlight><highlight class="normal"><ref refid="de/d66/namespace_uniform_data_operator" kindref="compound">UniformDataOperator</ref>.Sql</highlight></codeline>
<codeline lineno="27"><highlight class="normal">{</highlight></codeline>
<codeline lineno="31" refid="d1/dad/interface_uniform_data_operator_1_1_sql_1_1_i_sql_operator" refkind="compound"><highlight class="normal"><sp/><sp/><sp/><sp/></highlight><highlight class="keyword">public</highlight><highlight class="normal"><sp/></highlight><highlight class="keyword">interface<sp/></highlight><highlight class="normal"><ref refid="d1/dad/interface_uniform_data_operator_1_1_sql_1_1_i_sql_operator" kindref="compound">ISqlOperator</ref></highlight></codeline>
<codeline lineno="32"><highlight class="normal"><sp/><sp/><sp/><sp/>{</highlight></codeline>
<codeline lineno="33"><highlight class="normal"></highlight><highlight class="preprocessor"><sp/><sp/><sp/><sp/><sp/><sp/><sp/><sp/>#region<sp/>Properties</highlight><highlight class="normal"></highlight></codeline>
<codeline lineno="34"><highlight class="normal"><sp/><sp/><sp/><sp/><sp/><sp/><sp/><sp/></highlight><highlight class="keywordtype">string</highlight><highlight class="normal"><sp/>Server<sp/>{<sp/></highlight><highlight class="keyword">get</highlight><highlight class="normal">;<sp/></highlight><highlight class="keyword">set</highlight><highlight class="normal">;<sp/>}</highlight></codeline>
<codeline lineno="38"><highlight class="normal"></highlight></codeline>
<codeline lineno="42"><highlight class="normal"><sp/><sp/><sp/><sp/><sp/><sp/><sp/><sp/></highlight><highlight class="keywordtype">int</highlight><highlight class="normal"><sp/>Port<sp/>{<sp/></highlight><highlight class="keyword">get</highlight><highlight class="normal">;<sp/></highlight><highlight class="keyword">set</highlight><highlight class="normal">;<sp/>}</highlight></codeline>
<codeline lineno="43"><highlight class="normal"></highlight></codeline>
<codeline lineno="47"><highlight class="normal"><sp/><sp/><sp/><sp/><sp/><sp/><sp/><sp/></highlight><highlight class="keywordtype">string</highlight><highlight class="normal"><sp/>Database<sp/>{<sp/></highlight><highlight class="keyword">get</highlight><highlight class="normal">;<sp/></highlight><highlight class="keyword">set</highlight><highlight class="normal">;<sp/>}</highlight></codeline>
<codeline lineno="48"><highlight class="normal"></highlight></codeline>
<codeline lineno="52"><highlight class="normal"><sp/><sp/><sp/><sp/><sp/><sp/><sp/><sp/></highlight><highlight class="keywordtype">string</highlight><highlight class="normal"><sp/>UserId<sp/>{<sp/></highlight><highlight class="keyword">get</highlight><highlight class="normal">;<sp/></highlight><highlight class="keyword">set</highlight><highlight class="normal">;<sp/>}</highlight></codeline>
<codeline lineno="53"><highlight class="normal"></highlight></codeline>
<codeline lineno="57"><highlight class="normal"><sp/><sp/><sp/><sp/><sp/><sp/><sp/><sp/></highlight><highlight class="keywordtype">string</highlight><highlight class="normal"><sp/>Password<sp/>{<sp/></highlight><highlight class="keyword">get</highlight><highlight class="normal">;<sp/></highlight><highlight class="keyword">set</highlight><highlight class="normal">;<sp/>}</highlight></codeline>
<codeline lineno="58"><highlight class="normal"></highlight></codeline>
<codeline lineno="62"><highlight class="normal"><sp/><sp/><sp/><sp/><sp/><sp/><sp/><sp/>DbConnection<sp/>Connection<sp/>{<sp/></highlight><highlight class="keyword">get</highlight><highlight class="normal">;<sp/>}</highlight></codeline>
<codeline lineno="63"><highlight class="normal"></highlight><highlight class="preprocessor"><sp/><sp/><sp/><sp/><sp/><sp/><sp/><sp/>#endregion</highlight><highlight class="normal"></highlight></codeline>
<codeline lineno="64"><highlight class="normal"></highlight></codeline>
<codeline lineno="65"><highlight class="normal"></highlight><highlight class="preprocessor"><sp/><sp/><sp/><sp/><sp/><sp/><sp/><sp/>#region<sp/>Service</highlight><highlight class="normal"></highlight></codeline>
<codeline lineno="66"><highlight class="normal"><sp/><sp/><sp/><sp/><sp/><sp/><sp/><sp/></highlight><highlight class="keywordtype">void</highlight><highlight class="normal"><sp/>Initialize();</highlight></codeline>
<codeline lineno="70"><highlight class="normal"></highlight></codeline>
<codeline lineno="74"><highlight class="normal"><sp/><sp/><sp/><sp/><sp/><sp/><sp/><sp/>DbCommand<sp/>NewCommand();</highlight></codeline>
<codeline lineno="75"><highlight class="normal"></highlight></codeline>
<codeline lineno="79"><highlight class="normal"><sp/><sp/><sp/><sp/><sp/><sp/><sp/><sp/>DbCommand<sp/>NewCommand(</highlight><highlight class="keywordtype">string</highlight><highlight class="normal"><sp/>commandText);</highlight></codeline>
<codeline lineno="80"><highlight class="normal"></highlight></codeline>
<codeline lineno="89"><highlight class="normal"><sp/><sp/><sp/><sp/><sp/><sp/><sp/><sp/>DbParameter<sp/>MemberToParameter(</highlight><highlight class="keywordtype">object</highlight><highlight class="normal"><sp/>data,<sp/><ref refid="d0/d68/class_uniform_data_operator_1_1_sql_1_1_markup_1_1_column_attribute" kindref="compound">ColumnAttribute</ref><sp/>column);</highlight></codeline>
<codeline lineno="90"><highlight class="normal"></highlight></codeline>
<codeline lineno="100"><highlight class="normal"><sp/><sp/><sp/><sp/><sp/><sp/><sp/><sp/>DbCommand<sp/>DisableSqlChecks(DbCommand<sp/>command);</highlight></codeline>
<codeline lineno="101"><highlight class="normal"></highlight></codeline>
<codeline lineno="111"><highlight class="normal"><sp/><sp/><sp/><sp/><sp/><sp/><sp/><sp/></highlight><highlight class="keywordtype">string</highlight><highlight class="normal"><sp/>DisableSqlChecks(</highlight><highlight class="keywordtype">string</highlight><highlight class="normal"><sp/>command);</highlight></codeline>
<codeline lineno="112"><highlight class="normal"></highlight></codeline>
<codeline lineno="125"><highlight class="normal"><sp/><sp/><sp/><sp/><sp/><sp/><sp/><sp/></highlight><highlight class="keywordtype">string</highlight><highlight class="normal"><sp/>DbTypeToString(DbType<sp/>type);</highlight></codeline>
<codeline lineno="126"><highlight class="normal"></highlight></codeline>
<codeline lineno="136"><highlight class="normal"><sp/><sp/><sp/><sp/><sp/><sp/><sp/><sp/></highlight><highlight class="keywordtype">bool</highlight><highlight class="normal"><sp/>ValidateTableMember(<ref refid="d3/d61/class_uniform_data_operator_1_1_sql_1_1_markup_1_1_table_attribute" kindref="compound">TableAttribute</ref><sp/>tableDescriptor,<sp/>MemberInfo<sp/>columnMember);</highlight></codeline>
<codeline lineno="137"><highlight class="normal"></highlight><highlight class="preprocessor"><sp/><sp/><sp/><sp/><sp/><sp/><sp/><sp/>#endregion</highlight><highlight class="normal"></highlight></codeline>
<codeline lineno="138"><highlight class="normal"></highlight></codeline>
<codeline lineno="139"><highlight class="normal"></highlight><highlight class="preprocessor"><sp/><sp/><sp/><sp/><sp/><sp/><sp/><sp/>#region<sp/>Connection</highlight><highlight class="normal"></highlight></codeline>
<codeline lineno="140"><highlight class="normal"><sp/><sp/><sp/><sp/><sp/><sp/><sp/><sp/></highlight><highlight class="keywordtype">bool</highlight><highlight class="normal"><sp/>OpenConnection(out<sp/></highlight><highlight class="keywordtype">string</highlight><highlight class="normal"><sp/>error);</highlight></codeline>
<codeline lineno="146"><highlight class="normal"></highlight></codeline>
<codeline lineno="151"><highlight class="normal"><sp/><sp/><sp/><sp/><sp/><sp/><sp/><sp/></highlight><highlight class="keywordtype">bool</highlight><highlight class="normal"><sp/>CloseConnection();</highlight></codeline>
<codeline lineno="152"><highlight class="normal"></highlight><highlight class="preprocessor"><sp/><sp/><sp/><sp/><sp/><sp/><sp/><sp/>#endregion</highlight><highlight class="normal"></highlight></codeline>
<codeline lineno="153"><highlight class="normal"></highlight></codeline>
<codeline lineno="154"><highlight class="normal"></highlight><highlight class="preprocessor"><sp/><sp/><sp/><sp/><sp/><sp/><sp/><sp/>#region<sp/>Backups</highlight><highlight class="normal"></highlight></codeline>
<codeline lineno="155"><highlight class="normal"><sp/><sp/><sp/><sp/><sp/><sp/><sp/><sp/></highlight><highlight class="keywordtype">void</highlight><highlight class="normal"><sp/>Backup(</highlight><highlight class="keywordtype">string</highlight><highlight class="normal"><sp/>directory);</highlight></codeline>
<codeline lineno="163"><highlight class="normal"></highlight></codeline>
<codeline lineno="168"><highlight class="normal"><sp/><sp/><sp/><sp/><sp/><sp/><sp/><sp/></highlight><highlight class="keywordtype">void</highlight><highlight class="normal"><sp/>Restore(</highlight><highlight class="keywordtype">string</highlight><highlight class="normal"><sp/>filePath);</highlight></codeline>
<codeline lineno="169"><highlight class="normal"></highlight><highlight class="preprocessor"><sp/><sp/><sp/><sp/><sp/><sp/><sp/><sp/>#endregion</highlight><highlight class="normal"></highlight></codeline>
<codeline lineno="170"><highlight class="normal"></highlight></codeline>
<codeline lineno="171"><highlight class="normal"></highlight><highlight class="preprocessor"><sp/><sp/><sp/><sp/><sp/><sp/><sp/><sp/>#region<sp/>Base<sp/>commands</highlight><highlight class="normal"></highlight></codeline>
<codeline lineno="172"><highlight class="normal"><sp/><sp/><sp/><sp/><sp/><sp/><sp/><sp/></highlight><highlight class="keywordtype">bool</highlight><highlight class="normal"><sp/>ActivateSchema(</highlight><highlight class="keywordtype">string</highlight><highlight class="normal"><sp/>schemaName,<sp/>out<sp/></highlight><highlight class="keywordtype">string</highlight><highlight class="normal"><sp/>error);</highlight></codeline>
<codeline lineno="179"><highlight class="normal"></highlight></codeline>
<codeline lineno="185"><highlight class="normal"><sp/><sp/><sp/><sp/><sp/><sp/><sp/><sp/></highlight><highlight class="keywordtype">string</highlight><highlight class="normal"><sp/>ColumnDeclarationCommand(MemberInfo<sp/>member);</highlight></codeline>
<codeline lineno="186"><highlight class="normal"></highlight><highlight class="preprocessor"><sp/><sp/><sp/><sp/><sp/><sp/><sp/><sp/>#endregion</highlight><highlight class="normal"></highlight></codeline>
<codeline lineno="187"><highlight class="normal"></highlight></codeline>
<codeline lineno="188"><highlight class="normal"></highlight><highlight class="preprocessor"><sp/><sp/><sp/><sp/><sp/><sp/><sp/><sp/>#region<sp/>Writing<sp/>to<sp/>a<sp/>database</highlight><highlight class="normal"></highlight></codeline>
<codeline lineno="189"><highlight class="normal"><sp/><sp/><sp/><sp/><sp/><sp/><sp/><sp/></highlight><highlight class="keywordtype">bool</highlight><highlight class="normal"><sp/>SetToTable(Type<sp/>tableType,<sp/></highlight><highlight class="keywordtype">object</highlight><highlight class="normal"><sp/>data,<sp/>out<sp/></highlight><highlight class="keywordtype">string</highlight><highlight class="normal"><sp/>error);</highlight></codeline>
<codeline lineno="206"><highlight class="normal"></highlight></codeline>
<codeline lineno="223"><highlight class="normal"><sp/><sp/><sp/><sp/><sp/><sp/><sp/><sp/>Task<sp/>SetToTableAsync(Type<sp/>tableType,<sp/>CancellationToken<sp/>cancellationToken,<sp/></highlight><highlight class="keywordtype">object</highlight><highlight class="normal"><sp/>data);</highlight></codeline>
<codeline lineno="224"><highlight class="normal"></highlight><highlight class="preprocessor"><sp/><sp/><sp/><sp/><sp/><sp/><sp/><sp/>#endregion</highlight><highlight class="normal"></highlight></codeline>
<codeline lineno="225"><highlight class="normal"></highlight></codeline>
<codeline lineno="226"><highlight class="normal"></highlight><highlight class="preprocessor"><sp/><sp/><sp/><sp/><sp/><sp/><sp/><sp/>#region<sp/>Reading<sp/>from<sp/>a<sp/>database</highlight><highlight class="normal"></highlight></codeline>
<codeline lineno="227"><highlight class="normal"><sp/><sp/><sp/><sp/><sp/><sp/><sp/><sp/></highlight><highlight class="keywordtype">bool</highlight><highlight class="normal"><sp/>SetToObject(Type<sp/>tableType,<sp/></highlight><highlight class="keywordtype">object</highlight><highlight class="normal"><sp/>obj,<sp/>out<sp/></highlight><highlight class="keywordtype">string</highlight><highlight class="normal"><sp/>error,<sp/></highlight><highlight class="keywordtype">string</highlight><highlight class="normal">[]<sp/>select,<sp/>params<sp/></highlight><highlight class="keywordtype">string</highlight><highlight class="normal">[]<sp/>where);</highlight></codeline>
<codeline lineno="245"><highlight class="normal"></highlight></codeline>
<codeline lineno="257"><highlight class="normal"><sp/><sp/><sp/><sp/><sp/><sp/><sp/><sp/></highlight><highlight class="keywordtype">bool</highlight><highlight class="normal"><sp/>SetToObject(Type<sp/>tableType,<sp/></highlight><highlight class="keywordtype">object</highlight><highlight class="normal"><sp/>obj,<sp/>out<sp/></highlight><highlight class="keywordtype">string</highlight><highlight class="normal"><sp/>error,<sp/>params<sp/></highlight><highlight class="keywordtype">string</highlight><highlight class="normal">[]<sp/>select);</highlight></codeline>
<codeline lineno="258"><highlight class="normal"></highlight></codeline>
<codeline lineno="272"><highlight class="normal"><sp/><sp/><sp/><sp/><sp/><sp/><sp/><sp/></highlight><highlight class="keywordtype">bool</highlight><highlight class="normal"><sp/>SetToObject(Type<sp/>tableType,<sp/></highlight><highlight class="keywordtype">object</highlight><highlight class="normal"><sp/>obj,<sp/>out<sp/></highlight><highlight class="keywordtype">string</highlight><highlight class="normal"><sp/>error);</highlight></codeline>
<codeline lineno="273"><highlight class="normal"></highlight></codeline>
<codeline lineno="300"><highlight class="normal"><sp/><sp/><sp/><sp/><sp/><sp/><sp/><sp/></highlight><highlight class="keywordtype">bool</highlight><highlight class="normal"><sp/>SetToObjects(Type<sp/>tableType,<sp/></highlight><highlight class="keywordtype">object</highlight><highlight class="normal"><sp/>obj,<sp/>out<sp/>IList<sp/>collection,<sp/>out<sp/></highlight><highlight class="keywordtype">string</highlight><highlight class="normal"><sp/>error,<sp/></highlight><highlight class="keywordtype">string</highlight><highlight class="normal">[]<sp/>select,<sp/>params<sp/></highlight><highlight class="keywordtype">string</highlight><highlight class="normal">[]<sp/>where);</highlight></codeline>
<codeline lineno="301"><highlight class="normal"></highlight></codeline>
<codeline lineno="328"><highlight class="normal"><sp/><sp/><sp/><sp/><sp/><sp/><sp/><sp/></highlight><highlight class="keywordtype">bool</highlight><highlight class="normal"><sp/>SetToObjects(Type<sp/>tableType,<sp/></highlight><highlight class="keywordtype">object</highlight><highlight class="normal"><sp/>obj,<sp/>out<sp/>IList<sp/>collection,<sp/>out<sp/></highlight><highlight class="keywordtype">string</highlight><highlight class="normal"><sp/>error,<sp/>params<sp/></highlight><highlight class="keywordtype">string</highlight><highlight class="normal">[]<sp/>select);</highlight></codeline>
<codeline lineno="329"><highlight class="normal"></highlight></codeline>
<codeline lineno="355"><highlight class="normal"><sp/><sp/><sp/><sp/><sp/><sp/><sp/><sp/></highlight><highlight class="keywordtype">bool</highlight><highlight class="normal"><sp/>SetToObjects(Type<sp/>tableType,<sp/></highlight><highlight class="keywordtype">object</highlight><highlight class="normal"><sp/>obj,<sp/>out<sp/>IList<sp/>collection,<sp/>out<sp/></highlight><highlight class="keywordtype">string</highlight><highlight class="normal"><sp/>error);</highlight></codeline>
<codeline lineno="356"><highlight class="normal"></highlight></codeline>
<codeline lineno="374"><highlight class="normal"><sp/><sp/><sp/><sp/><sp/><sp/><sp/><sp/>Task<sp/>SetToObjectAsync(Type<sp/>tableType,<sp/>CancellationToken<sp/>cancellationToken,<sp/></highlight><highlight class="keywordtype">object</highlight><highlight class="normal"><sp/>obj,<sp/></highlight><highlight class="keywordtype">string</highlight><highlight class="normal">[]<sp/>select,<sp/>params<sp/></highlight><highlight class="keywordtype">string</highlight><highlight class="normal">[]<sp/>where);</highlight></codeline>
<codeline lineno="375"><highlight class="normal"></highlight></codeline>
<codeline lineno="393"><highlight class="normal"><sp/><sp/><sp/><sp/><sp/><sp/><sp/><sp/>Task<sp/>SetToObjectAsync(Type<sp/>tableType,<sp/>CancellationToken<sp/>cancellationToken,<sp/></highlight><highlight class="keywordtype">object</highlight><highlight class="normal"><sp/>obj,<sp/>params<sp/></highlight><highlight class="keywordtype">string</highlight><highlight class="normal">[]<sp/>select);</highlight></codeline>
<codeline lineno="394"><highlight class="normal"></highlight></codeline>
<codeline lineno="411"><highlight class="normal"><sp/><sp/><sp/><sp/><sp/><sp/><sp/><sp/>Task<sp/>SetToObjectAsync(Type<sp/>tableType,<sp/>CancellationToken<sp/>cancellationToken,<sp/></highlight><highlight class="keywordtype">object</highlight><highlight class="normal"><sp/>obj);</highlight></codeline>
<codeline lineno="412"><highlight class="normal"></highlight></codeline>
<codeline lineno="439"><highlight class="normal"><sp/><sp/><sp/><sp/><sp/><sp/><sp/><sp/>Task<sp/>SetToObjectsAsync(</highlight></codeline>
<codeline lineno="440"><highlight class="normal"><sp/><sp/><sp/><sp/><sp/><sp/><sp/><sp/><sp/><sp/><sp/><sp/>Type<sp/>tableType,<sp/></highlight></codeline>
<codeline lineno="441"><highlight class="normal"><sp/><sp/><sp/><sp/><sp/><sp/><sp/><sp/><sp/><sp/><sp/><sp/>CancellationToken<sp/>cancellationToken,<sp/></highlight></codeline>
<codeline lineno="442"><highlight class="normal"><sp/><sp/><sp/><sp/><sp/><sp/><sp/><sp/><sp/><sp/><sp/><sp/></highlight><highlight class="keywordtype">object</highlight><highlight class="normal"><sp/>obj,</highlight></codeline>
<codeline lineno="443"><highlight class="normal"><sp/><sp/><sp/><sp/><sp/><sp/><sp/><sp/><sp/><sp/><sp/><sp/>Action&lt;IList&gt;<sp/>callback,<sp/></highlight></codeline>
<codeline lineno="444"><highlight class="normal"><sp/><sp/><sp/><sp/><sp/><sp/><sp/><sp/><sp/><sp/><sp/><sp/></highlight><highlight class="keywordtype">string</highlight><highlight class="normal">[]<sp/>select,</highlight></codeline>
<codeline lineno="445"><highlight class="normal"><sp/><sp/><sp/><sp/><sp/><sp/><sp/><sp/><sp/><sp/><sp/><sp/>params<sp/></highlight><highlight class="keywordtype">string</highlight><highlight class="normal">[]<sp/>where);</highlight></codeline>
<codeline lineno="446"><highlight class="normal"></highlight></codeline>
<codeline lineno="473"><highlight class="normal"><sp/><sp/><sp/><sp/><sp/><sp/><sp/><sp/>Task<sp/>SetToObjectsAsync(</highlight></codeline>
<codeline lineno="474"><highlight class="normal"><sp/><sp/><sp/><sp/><sp/><sp/><sp/><sp/><sp/><sp/><sp/><sp/>Type<sp/>tableType,</highlight></codeline>
<codeline lineno="475"><highlight class="normal"><sp/><sp/><sp/><sp/><sp/><sp/><sp/><sp/><sp/><sp/><sp/><sp/>CancellationToken<sp/>cancellationToken,</highlight></codeline>
<codeline lineno="476"><highlight class="normal"><sp/><sp/><sp/><sp/><sp/><sp/><sp/><sp/><sp/><sp/><sp/><sp/></highlight><highlight class="keywordtype">object</highlight><highlight class="normal"><sp/>obj,</highlight></codeline>
<codeline lineno="477"><highlight class="normal"><sp/><sp/><sp/><sp/><sp/><sp/><sp/><sp/><sp/><sp/><sp/><sp/>Action&lt;IList&gt;<sp/>callback,</highlight></codeline>
<codeline lineno="478"><highlight class="normal"><sp/><sp/><sp/><sp/><sp/><sp/><sp/><sp/><sp/><sp/><sp/><sp/>params<sp/></highlight><highlight class="keywordtype">string</highlight><highlight class="normal">[]<sp/>select);</highlight></codeline>
<codeline lineno="479"><highlight class="normal"></highlight></codeline>
<codeline lineno="505"><highlight class="normal"><sp/><sp/><sp/><sp/><sp/><sp/><sp/><sp/>Task<sp/>SetToObjectsAsync(</highlight></codeline>
<codeline lineno="506"><highlight class="normal"><sp/><sp/><sp/><sp/><sp/><sp/><sp/><sp/><sp/><sp/><sp/><sp/>Type<sp/>tableType,</highlight></codeline>
<codeline lineno="507"><highlight class="normal"><sp/><sp/><sp/><sp/><sp/><sp/><sp/><sp/><sp/><sp/><sp/><sp/>CancellationToken<sp/>cancellationToken,</highlight></codeline>
<codeline lineno="508"><highlight class="normal"><sp/><sp/><sp/><sp/><sp/><sp/><sp/><sp/><sp/><sp/><sp/><sp/></highlight><highlight class="keywordtype">object</highlight><highlight class="normal"><sp/>obj,</highlight></codeline>
<codeline lineno="509"><highlight class="normal"><sp/><sp/><sp/><sp/><sp/><sp/><sp/><sp/><sp/><sp/><sp/><sp/>Action&lt;IList&gt;<sp/>callback);</highlight></codeline>
<codeline lineno="510"><highlight class="normal"></highlight><highlight class="preprocessor"><sp/><sp/><sp/><sp/><sp/><sp/><sp/><sp/>#endregion</highlight><highlight class="normal"></highlight></codeline>
<codeline lineno="511"><highlight class="normal"><sp/><sp/><sp/><sp/>}</highlight></codeline>
<codeline lineno="512"><highlight class="normal">}</highlight></codeline>
    </programlisting>
    <location file="D:/Work/GitHub/uniform-data-operator/SQL/ISQLOperator.cs"/>
  </compounddef>
</doxygen>
