<?xml version='1.0' encoding='UTF-8' standalone='no'?>
<doxygen xmlns:xsi="http://www.w3.org/2001/XMLSchema-instance" xsi:noNamespaceSchemaLocation="compound.xsd" version="1.8.14">
  <compounddef id="da/d8e/namespace_uniform_data_operator_1_1_binary" kind="namespace" language="C#">
    <compoundname>UniformDataOperator::Binary</compoundname>
    <innerclass refid="d5/dc1/class_uniform_data_operator_1_1_binary_1_1_binary_handler" prot="public">UniformDataOperator::Binary::BinaryHandler</innerclass>
    <innerclass refid="da/d1e/class_uniform_data_operator_1_1_binary_1_1_boyer_moore" prot="public">UniformDataOperator::Binary::BoyerMoore</innerclass>
    <innernamespace refid="d3/d2f/namespace_uniform_data_operator_1_1_binary_1_1_i_o">UniformDataOperator::Binary::IO</innernamespace>
    <briefdescription>
    </briefdescription>
    <detaileddescription>
    </detaileddescription>
    <location file="D:/Work/GitHub/uniform-data-operator/Binary/BinaryHandler.cs" line="28" column="1"/>
  </compounddef>
</doxygen>
