<?xml version='1.0' encoding='UTF-8' standalone='no'?>
<doxygen xmlns:xsi="http://www.w3.org/2001/XMLSchema-instance" xsi:noNamespaceSchemaLocation="compound.xsd" version="1.8.14">
  <compounddef id="d3/d31/interface_uniform_data_operator_1_1_assemblies_management_1_1_modifiers_1_1_i_base_type_changable" kind="interface" language="C#" prot="public">
    <compoundname>UniformDataOperator::AssembliesManagement::Modifiers::IBaseTypeChangable</compoundname>
      <sectiondef kind="property">
      <memberdef kind="property" id="d3/d31/interface_uniform_data_operator_1_1_assemblies_management_1_1_modifiers_1_1_i_base_type_changable_1abd6ebc983b5489d21dfdcc8d43a887f3" prot="public" static="no" readable="no" writable="no" gettable="yes" privategettable="no" protectedgettable="no" settable="yes" privatesettable="no" protectedsettable="no">
        <type>Type</type>
        <definition>Type UniformDataOperator.AssembliesManagement.Modifiers.IBaseTypeChangable.OperatingType</definition>
        <argsstring></argsstring>
        <name>OperatingType</name>
        <briefdescription>
<para>Type that will be used in operations. </para>        </briefdescription>
        <detaileddescription>
        </detaileddescription>
        <inbodydescription>
        </inbodydescription>
        <location file="D:/Work/GitHub/uniform-data-operator/AssembliesManagement/Modifiers/IBaseTypeChangable.cs" line="27" column="1" bodyfile="D:/Work/GitHub/uniform-data-operator/AssembliesManagement/Modifiers/IBaseTypeChangable.cs" bodystart="27" bodyend="27"/>
      </memberdef>
      </sectiondef>
    <briefdescription>
<para>Inmplementing of that interface allow to redefine type that will be used in internal class operations. </para>    </briefdescription>
    <detaileddescription>
    </detaileddescription>
    <location file="D:/Work/GitHub/uniform-data-operator/AssembliesManagement/Modifiers/IBaseTypeChangable.cs" line="23" column="1" bodyfile="D:/Work/GitHub/uniform-data-operator/AssembliesManagement/Modifiers/IBaseTypeChangable.cs" bodystart="22" bodyend="28"/>
    <listofallmembers>
      <member refid="d3/d31/interface_uniform_data_operator_1_1_assemblies_management_1_1_modifiers_1_1_i_base_type_changable_1abd6ebc983b5489d21dfdcc8d43a887f3" prot="public" virt="non-virtual"><scope>UniformDataOperator::AssembliesManagement::Modifiers::IBaseTypeChangable</scope><name>OperatingType</name></member>
    </listofallmembers>
  </compounddef>
</doxygen>
