<?xml version='1.0' encoding='UTF-8' standalone='no'?>
<doxygen xmlns:xsi="http://www.w3.org/2001/XMLSchema-instance" xsi:noNamespaceSchemaLocation="compound.xsd" version="1.8.14">
  <compounddef id="dir_a29a196b1a4c40d3ff3fd35bb97b41de" kind="dir">
    <compoundname>D:/Work/GitHub/uniform-data-operator/AssembliesManagement</compoundname>
    <innerdir refid="dir_a52b6a545b0889fb102957d3a78e39f2">D:/Work/GitHub/uniform-data-operator/AssembliesManagement/Modifiers</innerdir>
    <innerfile refid="db/d10/_assemblies_handler_8cs">AssembliesHandler.cs</innerfile>
    <innerfile refid="d0/df9/_members_handler_8cs">MembersHandler.cs</innerfile>
    <briefdescription>
    </briefdescription>
    <detaileddescription>
    </detaileddescription>
    <location file="D:/Work/GitHub/uniform-data-operator/AssembliesManagement/"/>
  </compounddef>
</doxygen>
