<?xml version='1.0' encoding='UTF-8' standalone='no'?>
<doxygen xmlns:xsi="http://www.w3.org/2001/XMLSchema-instance" xsi:noNamespaceSchemaLocation="compound.xsd" version="1.8.14">
  <compounddef id="dir_a52b6a545b0889fb102957d3a78e39f2" kind="dir">
    <compoundname>D:/Work/GitHub/uniform-data-operator/AssembliesManagement/Modifiers</compoundname>
    <innerfile refid="d4/de8/_i_base_type_changable_8cs">IBaseTypeChangable.cs</innerfile>
    <innerfile refid="d3/df7/_type_replacer_8cs">TypeReplacer.cs</innerfile>
    <briefdescription>
    </briefdescription>
    <detaileddescription>
    </detaileddescription>
    <location file="D:/Work/GitHub/uniform-data-operator/AssembliesManagement/Modifiers/"/>
  </compounddef>
</doxygen>
