<?xml version='1.0' encoding='UTF-8' standalone='no'?>
<doxygen xmlns:xsi="http://www.w3.org/2001/XMLSchema-instance" xsi:noNamespaceSchemaLocation="compound.xsd" version="1.8.14">
  <compounddef id="dir_3785288b95ad083bc6e0b212dbe13340" kind="dir">
    <compoundname>D:/Work/GitHub/uniform-data-operator/Binary</compoundname>
    <innerdir refid="dir_1a56e1e6490a9f081c0b0cf28f0d2529">D:/Work/GitHub/uniform-data-operator/Binary/IO</innerdir>
    <innerfile refid="d6/d0b/_binary_handler_8cs">BinaryHandler.cs</innerfile>
    <innerfile refid="d8/d5d/_boyer_moore_8cs">BoyerMoore.cs</innerfile>
    <briefdescription>
    </briefdescription>
    <detaileddescription>
    </detaileddescription>
    <location file="D:/Work/GitHub/uniform-data-operator/Binary/"/>
  </compounddef>
</doxygen>
