<?xml version='1.0' encoding='UTF-8' standalone='no'?>
<doxygen xmlns:xsi="http://www.w3.org/2001/XMLSchema-instance" xsi:noNamespaceSchemaLocation="compound.xsd" version="1.8.14">
  <compounddef id="dir_fe0f8d1f573ae42145a374c69e21b163" kind="dir">
    <compoundname>D:/Work/GitHub/uniform-data-operator/SQL/Markup</compoundname>
    <innerdir refid="dir_b4dd1d8b4151a6682e96f01ff71822b1">D:/Work/GitHub/uniform-data-operator/SQL/Markup/Modifiers</innerdir>
    <innerfile refid="dd/df5/_column_attribute_8cs">ColumnAttribute.cs</innerfile>
    <innerfile refid="d6/d4c/_commentary_attribute_8cs">CommentaryAttribute.cs</innerfile>
    <innerfile refid="d3/db2/_default_attribute_8cs">DefaultAttribute.cs</innerfile>
    <innerfile refid="db/da1/_is_auto_increment_attribute_8cs">IsAutoIncrementAttribute.cs</innerfile>
    <innerfile refid="de/d81/_is_binary_attribute_8cs">IsBinaryAttribute.cs</innerfile>
    <innerfile refid="d3/d2d/_is_foreign_key_attribute_8cs">IsForeignKeyAttribute.cs</innerfile>
    <innerfile refid="dc/db2/_is_generated_attribute_8cs">IsGeneratedAttribute.cs</innerfile>
    <innerfile refid="d0/d75/_is_not_null_attribute_8cs">IsNotNullAttribute.cs</innerfile>
    <innerfile refid="d4/d23/_is_primary_key_attribute_8cs">IsPrimaryKeyAttribute.cs</innerfile>
    <innerfile refid="d6/de6/_is_unique_attribute_8cs">IsUniqueAttribute.cs</innerfile>
    <innerfile refid="d3/d01/_is_unsigned_attribute_8cs">IsUnsignedAttribute.cs</innerfile>
    <innerfile refid="d0/d3f/_is_zero_fill_attribute_8cs">IsZeroFillAttribute.cs</innerfile>
    <innerfile refid="df/d5f/_table_attribute_8cs">TableAttribute.cs</innerfile>
    <briefdescription>
    </briefdescription>
    <detaileddescription>
    </detaileddescription>
    <location file="D:/Work/GitHub/uniform-data-operator/SQL/Markup/"/>
  </compounddef>
</doxygen>
