<?xml version='1.0' encoding='UTF-8' standalone='no'?>
<doxygen xmlns:xsi="http://www.w3.org/2001/XMLSchema-instance" xsi:noNamespaceSchemaLocation="compound.xsd" version="1.8.14">
  <compounddef id="dir_0ccb68387d9136c295cc472a658b0e07" kind="dir">
    <compoundname>D:/Work/GitHub/uniform-data-operator/SQL/MySQL</compoundname>
    <innerdir refid="dir_f003c08f43fb9b3f69fe1fc1a7b807db">D:/Work/GitHub/uniform-data-operator/SQL/MySQL/Markup</innerdir>
    <innerfile refid="db/d52/_my_s_q_l_data_operator_backup_8cs">MySQLDataOperatorBackup.cs</innerfile>
    <innerfile refid="da/dcb/_my_sql_data_operator_commands_8cs">MySqlDataOperatorCommands.cs</innerfile>
    <innerfile refid="d6/dc8/_my_s_q_l_data_operator_connection_8cs">MySQLDataOperatorConnection.cs</innerfile>
    <innerfile refid="d8/dda/_my_sql_data_operator_db_read_8cs">MySqlDataOperatorDbRead.cs</innerfile>
    <innerfile refid="dd/d2b/_my_s_q_l_data_operator_params_8cs">MySQLDataOperatorParams.cs</innerfile>
    <innerfile refid="d2/d61/_my_sql_data_operator_service_8cs">MySqlDataOperatorService.cs</innerfile>
    <briefdescription>
    </briefdescription>
    <detaileddescription>
    </detaileddescription>
    <location file="D:/Work/GitHub/uniform-data-operator/SQL/MySQL/"/>
  </compounddef>
</doxygen>
