<?xml version='1.0' encoding='UTF-8' standalone='no'?>
<doxygen xmlns:xsi="http://www.w3.org/2001/XMLSchema-instance" xsi:noNamespaceSchemaLocation="compound.xsd" version="1.8.14">
  <compounddef id="dir_1a56e1e6490a9f081c0b0cf28f0d2529" kind="dir">
    <compoundname>D:/Work/GitHub/uniform-data-operator/Binary/IO</compoundname>
    <innerfile refid="d9/d3c/_stream_chanel_mode_8cs">StreamChanelMode.cs</innerfile>
    <innerfile refid="d3/d85/_stream_handler_8cs">StreamHandler.cs</innerfile>
    <briefdescription>
    </briefdescription>
    <detaileddescription>
    </detaileddescription>
    <location file="D:/Work/GitHub/uniform-data-operator/Binary/IO/"/>
  </compounddef>
</doxygen>
