<?xml version='1.0' encoding='UTF-8' standalone='no'?>
<doxygenindex xmlns:xsi="http://www.w3.org/2001/XMLSchema-instance" xsi:noNamespaceSchemaLocation="index.xsd" version="1.8.14">
  <compound refid="d9/d9d/class_uniform_data_operator_1_1_assemblies_management_1_1_assemblies_handler" kind="class"><name>UniformDataOperator::AssembliesManagement::AssembliesHandler</name>
    <member refid="d9/d9d/class_uniform_data_operator_1_1_assemblies_management_1_1_assemblies_handler_1a6413bf47f459171f32c840afd92db34f" kind="function"><name>LoadAssemblies</name></member>
    <member refid="d9/d9d/class_uniform_data_operator_1_1_assemblies_management_1_1_assemblies_handler_1a319a18fddc641dc2090dcf51ddcb015d" kind="function"><name>LoadAssemblies</name></member>
  </compound>
  <compound refid="d5/dc1/class_uniform_data_operator_1_1_binary_1_1_binary_handler" kind="class"><name>UniformDataOperator::Binary::BinaryHandler</name>
    <member refid="d5/dc1/class_uniform_data_operator_1_1_binary_1_1_binary_handler_1a3c4d62809082682bf2bb1bf644df6134" kind="function"><name>BinaryHandler</name></member>
    <member refid="d5/dc1/class_uniform_data_operator_1_1_binary_1_1_binary_handler_1a7fa6cdd576cd1597bc1107186ec1e730" kind="function"><name>CurrentDomain_AssemblyResolve</name></member>
    <member refid="d5/dc1/class_uniform_data_operator_1_1_binary_1_1_binary_handler_1abe3a726c904b29b5817e0ad39a4e1463" kind="function"><name>ToByteArray</name></member>
    <member refid="d5/dc1/class_uniform_data_operator_1_1_binary_1_1_binary_handler_1a31772237797bd25f97b204b74289df70" kind="function"><name>FromByteArray&lt; T &gt;</name></member>
    <member refid="d5/dc1/class_uniform_data_operator_1_1_binary_1_1_binary_handler_1ac3bd422de667147216fead7602828f3a" kind="function"><name>FromByteArray</name></member>
  </compound>
  <compound refid="da/d1e/class_uniform_data_operator_1_1_binary_1_1_boyer_moore" kind="class"><name>UniformDataOperator::Binary::BoyerMoore</name>
    <member refid="da/d1e/class_uniform_data_operator_1_1_binary_1_1_boyer_moore_1abd5f37407f9c6ab55a7d537e65bdd22c" kind="function"><name>IndexOf</name></member>
    <member refid="da/d1e/class_uniform_data_operator_1_1_binary_1_1_boyer_moore_1abf651c244965e9d5da5a9b5af10a77b5" kind="function"><name>IndexOf</name></member>
    <member refid="da/d1e/class_uniform_data_operator_1_1_binary_1_1_boyer_moore_1aaf7372d00d5026e3b25a6545a7e65709" kind="function"><name>MakeCharTable</name></member>
    <member refid="da/d1e/class_uniform_data_operator_1_1_binary_1_1_boyer_moore_1a99ef34f3b467801db8f93ef7f584fd63" kind="function"><name>MakeOffsetTable</name></member>
    <member refid="da/d1e/class_uniform_data_operator_1_1_binary_1_1_boyer_moore_1ae65dcc0297e2910d1dd1c6efcc18f015" kind="function"><name>IsPrefix</name></member>
    <member refid="da/d1e/class_uniform_data_operator_1_1_binary_1_1_boyer_moore_1afc33837427631cdffa540614247e4ffc" kind="function"><name>SuffixLength</name></member>
  </compound>
  <compound refid="d0/d68/class_uniform_data_operator_1_1_sql_1_1_markup_1_1_column_attribute" kind="class"><name>UniformDataOperator::Sql::Markup::ColumnAttribute</name>
    <member refid="d0/d68/class_uniform_data_operator_1_1_sql_1_1_markup_1_1_column_attribute_1ab12600e7022c9c4aa36816f89e360d01" kind="variable"><name>title</name></member>
    <member refid="d0/d68/class_uniform_data_operator_1_1_sql_1_1_markup_1_1_column_attribute_1a35e345cb138b9b436a62d1d8594c8e1a" kind="variable"><name>type</name></member>
    <member refid="d0/d68/class_uniform_data_operator_1_1_sql_1_1_markup_1_1_column_attribute_1ace297ed7882b6fb0ee79a837a1ad6eac" kind="function"><name>ColumnAttribute</name></member>
    <member refid="d0/d68/class_uniform_data_operator_1_1_sql_1_1_markup_1_1_column_attribute_1ad43634da4c1bf9fc730ad81b7cec5d6e" kind="function"><name>ToString</name></member>
    <member refid="d0/d68/class_uniform_data_operator_1_1_sql_1_1_markup_1_1_column_attribute_1a4dbbb1a9e3623b25d66ba2778b9c35d9" kind="function"><name>operator string</name></member>
    <member refid="d0/d68/class_uniform_data_operator_1_1_sql_1_1_markup_1_1_column_attribute_1aace39db1b2c58ae0f181a0a6eea8b58b" kind="function"><name>MembersDataToCommand</name></member>
    <member refid="d0/d68/class_uniform_data_operator_1_1_sql_1_1_markup_1_1_column_attribute_1a08a75320f0f56cd19df66367ef876689" kind="function"><name>MembersToMetaLists</name></member>
  </compound>
  <compound refid="d0/d7f/class_uniform_data_operator_1_1_sql_1_1_markup_1_1_commentary_attribute" kind="class"><name>UniformDataOperator::Sql::Markup::CommentaryAttribute</name>
    <member refid="d0/d7f/class_uniform_data_operator_1_1_sql_1_1_markup_1_1_commentary_attribute_1a729a7d6773b3df9dd31090b1cf8e35b1" kind="variable"><name>commentary</name></member>
    <member refid="d0/d7f/class_uniform_data_operator_1_1_sql_1_1_markup_1_1_commentary_attribute_1a89e4ce7ba19efd0b533ef9a5d013658d" kind="function"><name>CommentaryAttribute</name></member>
    <member refid="d0/d7f/class_uniform_data_operator_1_1_sql_1_1_markup_1_1_commentary_attribute_1a90440c0a6947fd524fef872cdb7c7683" kind="function"><name>ToString</name></member>
    <member refid="d0/d7f/class_uniform_data_operator_1_1_sql_1_1_markup_1_1_commentary_attribute_1a7bf4b9cbf59270e66700f7c2468ccb00" kind="function"><name>operator string</name></member>
  </compound>
  <compound refid="d0/d9c/class_uniform_data_operator_1_1_sql_1_1_markup_1_1_modifiers_1_1_d_b_path_override_attribute" kind="class"><name>UniformDataOperator::Sql::Markup::Modifiers::DBPathOverrideAttribute</name>
    <member refid="d0/d9c/class_uniform_data_operator_1_1_sql_1_1_markup_1_1_modifiers_1_1_d_b_path_override_attribute_1ad6b2408b337cc95c58034f0130c89ac8" kind="variable"><name>targetAttribute</name></member>
    <member refid="d0/d9c/class_uniform_data_operator_1_1_sql_1_1_markup_1_1_modifiers_1_1_d_b_path_override_attribute_1ae30de021946efb358325415cf7e1bde2" kind="variable"><name>schema</name></member>
    <member refid="d0/d9c/class_uniform_data_operator_1_1_sql_1_1_markup_1_1_modifiers_1_1_d_b_path_override_attribute_1a3f5c9e2892d5061f92d59d17b2636acb" kind="variable"><name>table</name></member>
    <member refid="d0/d9c/class_uniform_data_operator_1_1_sql_1_1_markup_1_1_modifiers_1_1_d_b_path_override_attribute_1a30bd9209a06db42db371c857573af3be" kind="variable"><name>column</name></member>
    <member refid="d0/d9c/class_uniform_data_operator_1_1_sql_1_1_markup_1_1_modifiers_1_1_d_b_path_override_attribute_1aa0ce1c84c617ff1a11bd7ffc5a15f3b0" kind="function"><name>DBPathOverrideAttribute</name></member>
    <member refid="d0/d9c/class_uniform_data_operator_1_1_sql_1_1_markup_1_1_modifiers_1_1_d_b_path_override_attribute_1ab288054b87a2c351923533496636db2b" kind="function"><name>DBPathOverrideAttribute</name></member>
    <member refid="d0/d9c/class_uniform_data_operator_1_1_sql_1_1_markup_1_1_modifiers_1_1_d_b_path_override_attribute_1ab7f28cf1f5eda5b9ac5e052a39514aad" kind="function"><name>TryToGetValidOverride&lt; T &gt;</name></member>
  </compound>
  <compound refid="d6/d7e/class_uniform_data_operator_1_1_sql_1_1_markup_1_1_default_attribute" kind="class"><name>UniformDataOperator::Sql::Markup::DefaultAttribute</name>
    <member refid="d6/d7e/class_uniform_data_operator_1_1_sql_1_1_markup_1_1_default_attribute_1a64185e68bab327c41b4b7424ef88677b" kind="variable"><name>defExp</name></member>
    <member refid="d6/d7e/class_uniform_data_operator_1_1_sql_1_1_markup_1_1_default_attribute_1ab6166dcaa64b5fecb183e6d946cd94b7" kind="function"><name>DefaultAttribute</name></member>
  </compound>
  <compound refid="d3/d31/interface_uniform_data_operator_1_1_assemblies_management_1_1_modifiers_1_1_i_base_type_changable" kind="interface"><name>UniformDataOperator::AssembliesManagement::Modifiers::IBaseTypeChangable</name>
    <member refid="d3/d31/interface_uniform_data_operator_1_1_assemblies_management_1_1_modifiers_1_1_i_base_type_changable_1abd6ebc983b5489d21dfdcc8d43a887f3" kind="property"><name>OperatingType</name></member>
  </compound>
  <compound refid="d8/dbb/class_uniform_data_operator_1_1_sql_1_1_markup_1_1_is_auto_increment_attribute" kind="class"><name>UniformDataOperator::Sql::Markup::IsAutoIncrementAttribute</name>
    <member refid="d8/dbb/class_uniform_data_operator_1_1_sql_1_1_markup_1_1_is_auto_increment_attribute_1acba50682b9c68a26b2f1aff969580e9c" kind="variable"><name>ignoreValue</name></member>
    <member refid="d8/dbb/class_uniform_data_operator_1_1_sql_1_1_markup_1_1_is_auto_increment_attribute_1a08b552e4e7152960faef3ecbd14eaf37" kind="function"><name>IsAutoIncrementAttribute</name></member>
    <member refid="d8/dbb/class_uniform_data_operator_1_1_sql_1_1_markup_1_1_is_auto_increment_attribute_1a9818a7b2015d08c7e682988f382a0755" kind="function"><name>IsAutoIncrementAttribute</name></member>
    <member refid="d8/dbb/class_uniform_data_operator_1_1_sql_1_1_markup_1_1_is_auto_increment_attribute_1ac2747b8dff8be12c4460ed75de72047b" kind="function"><name>GetIgnorable</name></member>
    <member refid="d8/dbb/class_uniform_data_operator_1_1_sql_1_1_markup_1_1_is_auto_increment_attribute_1a01792b68658d2ad636c7d8684e0e5104" kind="function"><name>GetIgnorable</name></member>
    <member refid="d8/dbb/class_uniform_data_operator_1_1_sql_1_1_markup_1_1_is_auto_increment_attribute_1a922a00a448b76833772358145b830403" kind="function"><name>IsIntLike</name></member>
  </compound>
  <compound refid="df/dc1/class_uniform_data_operator_1_1_sql_1_1_markup_1_1_is_binary_attribute" kind="class"><name>UniformDataOperator::Sql::Markup::IsBinaryAttribute</name>
  </compound>
  <compound refid="dd/d33/class_uniform_data_operator_1_1_sql_1_1_markup_1_1_is_foreign_key_attribute" kind="class"><name>UniformDataOperator::Sql::Markup::IsForeignKeyAttribute</name>
    <member refid="dd/d33/class_uniform_data_operator_1_1_sql_1_1_markup_1_1_is_foreign_key_attribute_1ae6c77deaf80d5c4d07709edf51eaebc5" kind="enum"><name>Action</name></member>
    <member refid="dd/d33/class_uniform_data_operator_1_1_sql_1_1_markup_1_1_is_foreign_key_attribute_1ae6c77deaf80d5c4d07709edf51eaebc5a1e601ea653db1c729c9ee5746730fabe" kind="enumvalue"><name>NoAction</name></member>
    <member refid="dd/d33/class_uniform_data_operator_1_1_sql_1_1_markup_1_1_is_foreign_key_attribute_1ae6c77deaf80d5c4d07709edf51eaebc5a2dc2b15e8b0ee7ed3fdd4cf53ad0a8c3" kind="enumvalue"><name>Cascade</name></member>
    <member refid="dd/d33/class_uniform_data_operator_1_1_sql_1_1_markup_1_1_is_foreign_key_attribute_1ae6c77deaf80d5c4d07709edf51eaebc5a034d70b46e41ec9d0306b0001e04cae7" kind="enumvalue"><name>Restrict</name></member>
    <member refid="dd/d33/class_uniform_data_operator_1_1_sql_1_1_markup_1_1_is_foreign_key_attribute_1ae6c77deaf80d5c4d07709edf51eaebc5a2ac481dd701d4f580b6b01eb34442e71" kind="enumvalue"><name>SetNull</name></member>
    <member refid="dd/d33/class_uniform_data_operator_1_1_sql_1_1_markup_1_1_is_foreign_key_attribute_1a721bfcadb70f6fb4b2c76b980cfcbbd8" kind="variable"><name>usedIndexes</name></member>
    <member refid="dd/d33/class_uniform_data_operator_1_1_sql_1_1_markup_1_1_is_foreign_key_attribute_1a0ccdb7ac6c441bbba664d370aec645d1" kind="variable"><name>schema</name></member>
    <member refid="dd/d33/class_uniform_data_operator_1_1_sql_1_1_markup_1_1_is_foreign_key_attribute_1ae210d1001824383251ca3ba1a0f3fd20" kind="variable"><name>table</name></member>
    <member refid="dd/d33/class_uniform_data_operator_1_1_sql_1_1_markup_1_1_is_foreign_key_attribute_1aa305b69f1eac8e7335b9776b5d30625e" kind="variable"><name>column</name></member>
    <member refid="dd/d33/class_uniform_data_operator_1_1_sql_1_1_markup_1_1_is_foreign_key_attribute_1a5055e5326f37afb695398139353139b2" kind="variable"><name>onDeleteCommand</name></member>
    <member refid="dd/d33/class_uniform_data_operator_1_1_sql_1_1_markup_1_1_is_foreign_key_attribute_1a262baa0ebcc9ee448750f96019f0e14c" kind="variable"><name>onUpdateCommand</name></member>
    <member refid="dd/d33/class_uniform_data_operator_1_1_sql_1_1_markup_1_1_is_foreign_key_attribute_1a3e87ebbd7ead7b4e0c359c7340bcc2cb" kind="function"><name>IsForeignKeyAttribute</name></member>
    <member refid="dd/d33/class_uniform_data_operator_1_1_sql_1_1_markup_1_1_is_foreign_key_attribute_1a9e2d1563091c53e8e1c9c66e53eea23e" kind="function"><name>IsForeignKeyAttribute</name></member>
    <member refid="dd/d33/class_uniform_data_operator_1_1_sql_1_1_markup_1_1_is_foreign_key_attribute_1a5812ac056c373e4514466df8336ad808" kind="function"><name>FKName</name></member>
    <member refid="dd/d33/class_uniform_data_operator_1_1_sql_1_1_markup_1_1_is_foreign_key_attribute_1adaff7734b94478d0b37cc8659a0c2acd" kind="function"><name>ActionToCommand</name></member>
    <member refid="dd/d33/class_uniform_data_operator_1_1_sql_1_1_markup_1_1_is_foreign_key_attribute_1abd2895acf461357533df2802681cfdc6" kind="function"><name>FKIndexDeclarationCommand</name></member>
    <member refid="dd/d33/class_uniform_data_operator_1_1_sql_1_1_markup_1_1_is_foreign_key_attribute_1a8a30669fa1f999d6d08cc042f707091c" kind="function"><name>FKIndexDeclarationCommand</name></member>
    <member refid="dd/d33/class_uniform_data_operator_1_1_sql_1_1_markup_1_1_is_foreign_key_attribute_1abec2624118cb8518ddac018eb4bff213" kind="function"><name>DropIndexator</name></member>
    <member refid="dd/d33/class_uniform_data_operator_1_1_sql_1_1_markup_1_1_is_foreign_key_attribute_1a60708064b8a8d38e8df273e8a8f8fb3d" kind="function"><name>ConstrainDeclarationCommand</name></member>
    <member refid="dd/d33/class_uniform_data_operator_1_1_sql_1_1_markup_1_1_is_foreign_key_attribute_1ad02f765ed51d51466ebd143c083ff412" kind="function"><name>ConstrainDeclarationCommand</name></member>
  </compound>
  <compound refid="db/d72/class_uniform_data_operator_1_1_sql_1_1_markup_1_1_is_generated_attribute" kind="class"><name>UniformDataOperator::Sql::Markup::IsGeneratedAttribute</name>
    <member refid="db/d72/class_uniform_data_operator_1_1_sql_1_1_markup_1_1_is_generated_attribute_1a03e5e76ff63dbcf2cca5746e3098b23d" kind="enum"><name>Mode</name></member>
    <member refid="db/d72/class_uniform_data_operator_1_1_sql_1_1_markup_1_1_is_generated_attribute_1a03e5e76ff63dbcf2cca5746e3098b23da7bf2d26eab899c413218b729d4d914b7" kind="enumvalue"><name>Stored</name></member>
    <member refid="db/d72/class_uniform_data_operator_1_1_sql_1_1_markup_1_1_is_generated_attribute_1a03e5e76ff63dbcf2cca5746e3098b23daa6d194ab7efe0417c28a02b8a8997bd0" kind="enumvalue"><name>Virual</name></member>
    <member refid="db/d72/class_uniform_data_operator_1_1_sql_1_1_markup_1_1_is_generated_attribute_1a026c142857b7314d18d3031c76a74c41" kind="variable"><name>mode</name></member>
    <member refid="db/d72/class_uniform_data_operator_1_1_sql_1_1_markup_1_1_is_generated_attribute_1a03bea379c3a0e0694e9a29eba9b11797" kind="function"><name>IsGeneratedAttribute</name></member>
  </compound>
  <compound refid="d2/dbb/class_uniform_data_operator_1_1_sql_1_1_markup_1_1_is_not_null_attribute" kind="class"><name>UniformDataOperator::Sql::Markup::IsNotNullAttribute</name>
  </compound>
  <compound refid="d2/d28/class_uniform_data_operator_1_1_sql_1_1_markup_1_1_is_primary_key_attribute" kind="class"><name>UniformDataOperator::Sql::Markup::IsPrimaryKeyAttribute</name>
  </compound>
  <compound refid="d1/dad/interface_uniform_data_operator_1_1_sql_1_1_i_sql_operator" kind="interface"><name>UniformDataOperator::Sql::ISqlOperator</name>
    <member refid="d1/dad/interface_uniform_data_operator_1_1_sql_1_1_i_sql_operator_1ab1b593e38cb9377dac847811c483f2f3" kind="property"><name>Server</name></member>
    <member refid="d1/dad/interface_uniform_data_operator_1_1_sql_1_1_i_sql_operator_1a2d0ac2538fa196b181f6e0ab523db137" kind="property"><name>Port</name></member>
    <member refid="d1/dad/interface_uniform_data_operator_1_1_sql_1_1_i_sql_operator_1a55b7f28ed4ab20f124e67e2d447f8b40" kind="property"><name>Database</name></member>
    <member refid="d1/dad/interface_uniform_data_operator_1_1_sql_1_1_i_sql_operator_1abf0c3a32c8161030b37ccf960c395d4f" kind="property"><name>UserId</name></member>
    <member refid="d1/dad/interface_uniform_data_operator_1_1_sql_1_1_i_sql_operator_1a90f63ab37347ec080b37dc3256ead7a4" kind="property"><name>Password</name></member>
    <member refid="d1/dad/interface_uniform_data_operator_1_1_sql_1_1_i_sql_operator_1a99f034a986828e96955e3187cdfb28da" kind="property"><name>Connection</name></member>
    <member refid="d1/dad/interface_uniform_data_operator_1_1_sql_1_1_i_sql_operator_1a590fa080f8c35ebf5ee6ac535545e2a8" kind="function"><name>Initialize</name></member>
    <member refid="d1/dad/interface_uniform_data_operator_1_1_sql_1_1_i_sql_operator_1afc0fd8b8c82515c498a6959453f331f1" kind="function"><name>NewCommand</name></member>
    <member refid="d1/dad/interface_uniform_data_operator_1_1_sql_1_1_i_sql_operator_1a10c43a3bfb6e8c88b692488c3341f297" kind="function"><name>NewCommand</name></member>
    <member refid="d1/dad/interface_uniform_data_operator_1_1_sql_1_1_i_sql_operator_1ac09f73e97974a4bd697046e0c54a93d3" kind="function"><name>MemberToParameter</name></member>
    <member refid="d1/dad/interface_uniform_data_operator_1_1_sql_1_1_i_sql_operator_1a12d464e0532a3e194b1221eee0c32d34" kind="function"><name>DisableSqlChecks</name></member>
    <member refid="d1/dad/interface_uniform_data_operator_1_1_sql_1_1_i_sql_operator_1a0757f304a24ffaa743e23e8bdd210950" kind="function"><name>DisableSqlChecks</name></member>
    <member refid="d1/dad/interface_uniform_data_operator_1_1_sql_1_1_i_sql_operator_1a51af40df39808d53cdcc81852b836634" kind="function"><name>DbTypeToString</name></member>
    <member refid="d1/dad/interface_uniform_data_operator_1_1_sql_1_1_i_sql_operator_1ac8df6e071646a229acd4781c80d43b68" kind="function"><name>ValidateTableMember</name></member>
    <member refid="d1/dad/interface_uniform_data_operator_1_1_sql_1_1_i_sql_operator_1a6fc9e5efd1e21ae9998b9c56ae9e347c" kind="function"><name>OpenConnection</name></member>
    <member refid="d1/dad/interface_uniform_data_operator_1_1_sql_1_1_i_sql_operator_1a1a6429996e1bbb452f4e034fd634e640" kind="function"><name>CloseConnection</name></member>
    <member refid="d1/dad/interface_uniform_data_operator_1_1_sql_1_1_i_sql_operator_1a096be4f746c1fcbb8b2894c2517b937c" kind="function"><name>Backup</name></member>
    <member refid="d1/dad/interface_uniform_data_operator_1_1_sql_1_1_i_sql_operator_1acf6fdbfc57a21efc371e0772244defd5" kind="function"><name>Restore</name></member>
    <member refid="d1/dad/interface_uniform_data_operator_1_1_sql_1_1_i_sql_operator_1a5ae8328a464ef80f1ae1bd46a573c265" kind="function"><name>ActivateSchema</name></member>
    <member refid="d1/dad/interface_uniform_data_operator_1_1_sql_1_1_i_sql_operator_1aac9c3ed1e73af66e383340a154786ec7" kind="function"><name>ColumnDeclarationCommand</name></member>
    <member refid="d1/dad/interface_uniform_data_operator_1_1_sql_1_1_i_sql_operator_1ad05106eb6bd1a50f35b476a42821dfa3" kind="function"><name>SetToTable</name></member>
    <member refid="d1/dad/interface_uniform_data_operator_1_1_sql_1_1_i_sql_operator_1a35ef3899954f213e391751e9cda09322" kind="function"><name>SetToTableAsync</name></member>
    <member refid="d1/dad/interface_uniform_data_operator_1_1_sql_1_1_i_sql_operator_1a9a1822fcafcb1a3abd59b40f2cef7930" kind="function"><name>SetToObject</name></member>
    <member refid="d1/dad/interface_uniform_data_operator_1_1_sql_1_1_i_sql_operator_1a5d151cd156c1ced0e9fe09be866adae7" kind="function"><name>SetToObject</name></member>
    <member refid="d1/dad/interface_uniform_data_operator_1_1_sql_1_1_i_sql_operator_1ac170526dd0fa31f2848ece5f5c5bb9d7" kind="function"><name>SetToObject</name></member>
    <member refid="d1/dad/interface_uniform_data_operator_1_1_sql_1_1_i_sql_operator_1ae5c6fb9c7448e7171414b7d20095cc08" kind="function"><name>SetToObjects</name></member>
    <member refid="d1/dad/interface_uniform_data_operator_1_1_sql_1_1_i_sql_operator_1ac75ce5e3b29a8d2d94f96d4a9ff47820" kind="function"><name>SetToObjects</name></member>
    <member refid="d1/dad/interface_uniform_data_operator_1_1_sql_1_1_i_sql_operator_1a6bde25bff76c7b2105aa4e14740eb07d" kind="function"><name>SetToObjects</name></member>
    <member refid="d1/dad/interface_uniform_data_operator_1_1_sql_1_1_i_sql_operator_1a16e1513f43f3b9d76c687ba3b026573d" kind="function"><name>SetToObjectAsync</name></member>
    <member refid="d1/dad/interface_uniform_data_operator_1_1_sql_1_1_i_sql_operator_1a3a973b49f190dabe6bcd0bf3e79b3c5e" kind="function"><name>SetToObjectAsync</name></member>
    <member refid="d1/dad/interface_uniform_data_operator_1_1_sql_1_1_i_sql_operator_1a497325acf359d4f8444ee0c2ff858e6e" kind="function"><name>SetToObjectAsync</name></member>
    <member refid="d1/dad/interface_uniform_data_operator_1_1_sql_1_1_i_sql_operator_1a396bf6c6d962ba910367755ad13d3d3c" kind="function"><name>SetToObjectsAsync</name></member>
    <member refid="d1/dad/interface_uniform_data_operator_1_1_sql_1_1_i_sql_operator_1a277f97eaff18d7966e9b7ce00c171a0a" kind="function"><name>SetToObjectsAsync</name></member>
    <member refid="d1/dad/interface_uniform_data_operator_1_1_sql_1_1_i_sql_operator_1ac8deb4d7a21d382b352b401f714deea9" kind="function"><name>SetToObjectsAsync</name></member>
  </compound>
  <compound refid="d0/d27/class_uniform_data_operator_1_1_sql_1_1_markup_1_1_is_unique_attribute" kind="class"><name>UniformDataOperator::Sql::Markup::IsUniqueAttribute</name>
    <member refid="d0/d27/class_uniform_data_operator_1_1_sql_1_1_markup_1_1_is_unique_attribute_1abe2b67c5dd704a30acfb0a2f55d8f858" kind="function"><name>UniqueIndexDeclarationCommand</name></member>
  </compound>
  <compound refid="d6/d2f/class_uniform_data_operator_1_1_sql_1_1_markup_1_1_is_unsigned_attribute" kind="class"><name>UniformDataOperator::Sql::Markup::IsUnsignedAttribute</name>
  </compound>
  <compound refid="d1/d7c/class_uniform_data_operator_1_1_sql_1_1_markup_1_1_is_zero_fill_attribute" kind="class"><name>UniformDataOperator::Sql::Markup::IsZeroFillAttribute</name>
  </compound>
  <compound refid="d5/d10/class_uniform_data_operator_1_1_assemblies_management_1_1_members_handler" kind="class"><name>UniformDataOperator::AssembliesManagement::MembersHandler</name>
    <member refid="d5/d10/class_uniform_data_operator_1_1_assemblies_management_1_1_members_handler_1a563f793ce990d95b0830a3dff609a9ee" kind="function"><name>FindFieldsWithAttribute&lt; T &gt;</name></member>
    <member refid="d5/d10/class_uniform_data_operator_1_1_assemblies_management_1_1_members_handler_1abf58fa664b9202a0776cbb9a1c659ba9" kind="function"><name>FindMembersWithAttribute&lt; T &gt;</name></member>
    <member refid="d5/d10/class_uniform_data_operator_1_1_assemblies_management_1_1_members_handler_1ad5add0d63eb8e0f8dac0e48be98032ae" kind="function"><name>FindMembersWithAttribute&lt; T &gt;</name></member>
    <member refid="d5/d10/class_uniform_data_operator_1_1_assemblies_management_1_1_members_handler_1a1c637a7411bf34126f5ab90b130a3f04" kind="function"><name>FindMembersWithoutAttribute&lt; T &gt;</name></member>
    <member refid="d5/d10/class_uniform_data_operator_1_1_assemblies_management_1_1_members_handler_1a5c40c81b34d93d301c5f0d421dadc39a" kind="function"><name>FindMembersWithoutAttribute&lt; T &gt;</name></member>
    <member refid="d5/d10/class_uniform_data_operator_1_1_assemblies_management_1_1_members_handler_1a4b9cd91b2f9c5f8871e71ff70912ff8d" kind="function"><name>HasAttribute&lt; AttributeType &gt;</name></member>
    <member refid="d5/d10/class_uniform_data_operator_1_1_assemblies_management_1_1_members_handler_1ab99b085c361e2edc003149ea57203f93" kind="function"><name>TryToGetAttribute&lt; AttributeType &gt;</name></member>
    <member refid="d5/d10/class_uniform_data_operator_1_1_assemblies_management_1_1_members_handler_1af18869106319a1b9b0473a817a3c1964" kind="function"><name>FindPropertiesWithAttribute&lt; T &gt;</name></member>
    <member refid="d5/d10/class_uniform_data_operator_1_1_assemblies_management_1_1_members_handler_1a6cc89d5d7bbec4fe48b7f698ead2667f" kind="function"><name>GetValue</name></member>
    <member refid="d5/d10/class_uniform_data_operator_1_1_assemblies_management_1_1_members_handler_1a78639bd006a0e62b40abc26043f63c5b" kind="function"><name>SetValue</name></member>
    <member refid="d5/d10/class_uniform_data_operator_1_1_assemblies_management_1_1_members_handler_1a0401f2325dda95a28dea4129e62bc9fd" kind="function"><name>Converter</name></member>
    <member refid="d5/d10/class_uniform_data_operator_1_1_assemblies_management_1_1_members_handler_1a66f0295fa016e2d296046fd968103a4e" kind="function"><name>AddAttribute</name></member>
  </compound>
  <compound refid="d5/d34/class_uniform_data_operator_1_1_sql_1_1_my_sql_1_1_my_sql_data_operator" kind="class"><name>UniformDataOperator::Sql::MySql::MySqlDataOperator</name>
    <member refid="d5/d34/class_uniform_data_operator_1_1_sql_1_1_my_sql_1_1_my_sql_data_operator_1a8e8f8f936f6a4306dc4dc0d3eb07770c" kind="property"><name>Active</name></member>
    <member refid="d5/d34/class_uniform_data_operator_1_1_sql_1_1_my_sql_1_1_my_sql_data_operator_1a2154fef9e522ef26cf08642483fed223" kind="property"><name>Server</name></member>
    <member refid="d5/d34/class_uniform_data_operator_1_1_sql_1_1_my_sql_1_1_my_sql_data_operator_1a2cfc65d2842491734270dfe114d9eec5" kind="property"><name>Port</name></member>
    <member refid="d5/d34/class_uniform_data_operator_1_1_sql_1_1_my_sql_1_1_my_sql_data_operator_1a144616e12acb2b55c7046af0c9af989d" kind="property"><name>Database</name></member>
    <member refid="d5/d34/class_uniform_data_operator_1_1_sql_1_1_my_sql_1_1_my_sql_data_operator_1ae5e119508a6d9807b9e138c628a6e18f" kind="property"><name>UserId</name></member>
    <member refid="d5/d34/class_uniform_data_operator_1_1_sql_1_1_my_sql_1_1_my_sql_data_operator_1aa080c79169d2bf29ac2249436ef2471c" kind="property"><name>Password</name></member>
    <member refid="d5/d34/class_uniform_data_operator_1_1_sql_1_1_my_sql_1_1_my_sql_data_operator_1a5c5d34c3f7b7d95773ba44ede46409a0" kind="property"><name>Connection</name></member>
    <member refid="d5/d34/class_uniform_data_operator_1_1_sql_1_1_my_sql_1_1_my_sql_data_operator_1a807f034631cd8284ecc020d765e6f6f1" kind="variable"><name>connection</name></member>
    <member refid="d5/d34/class_uniform_data_operator_1_1_sql_1_1_my_sql_1_1_my_sql_data_operator_1a0dbd58206733a17dd26143b58d0859d7" kind="function"><name>Backup</name></member>
    <member refid="d5/d34/class_uniform_data_operator_1_1_sql_1_1_my_sql_1_1_my_sql_data_operator_1a22a9e92989ebdb3a52b8ebe409c59831" kind="function"><name>Restore</name></member>
    <member refid="d5/d34/class_uniform_data_operator_1_1_sql_1_1_my_sql_1_1_my_sql_data_operator_1a2ed7d06bc016ae6d07cbcceffc21bbd3" kind="function"><name>ActivateSchema</name></member>
    <member refid="d5/d34/class_uniform_data_operator_1_1_sql_1_1_my_sql_1_1_my_sql_data_operator_1a0bdc2943e5d10576fb564913cdd744e7" kind="function"><name>ColumnDeclarationCommand</name></member>
    <member refid="d5/d34/class_uniform_data_operator_1_1_sql_1_1_my_sql_1_1_my_sql_data_operator_1ac3af074cabe5721a685f0650dc69a871" kind="function"><name>GenerateSetToTableCommand</name></member>
    <member refid="d5/d34/class_uniform_data_operator_1_1_sql_1_1_my_sql_1_1_my_sql_data_operator_1ac1bee965fd57e9b2949c09a6b72a9e3e" kind="function"><name>SetToTable&lt; T &gt;</name></member>
    <member refid="d5/d34/class_uniform_data_operator_1_1_sql_1_1_my_sql_1_1_my_sql_data_operator_1a5a12c84883a7e4945b4fb3787a39b302" kind="function"><name>SetToTable</name></member>
    <member refid="d5/d34/class_uniform_data_operator_1_1_sql_1_1_my_sql_1_1_my_sql_data_operator_1ac615a17b6330b292dcf3fd912e1f4fe2" kind="function"><name>SetToTableAsync&lt; T &gt;</name></member>
    <member refid="d5/d34/class_uniform_data_operator_1_1_sql_1_1_my_sql_1_1_my_sql_data_operator_1a036b234868363f2f680e5157ee459439" kind="function"><name>SetToTableAsync</name></member>
    <member refid="d5/d34/class_uniform_data_operator_1_1_sql_1_1_my_sql_1_1_my_sql_data_operator_1ae7ad4f4d29d927fa8551b087a6e596b5" kind="function"><name>OpenConnection</name></member>
    <member refid="d5/d34/class_uniform_data_operator_1_1_sql_1_1_my_sql_1_1_my_sql_data_operator_1ae096306ef55611afbe96b0017f2032f6" kind="function"><name>CloseConnection</name></member>
    <member refid="d5/d34/class_uniform_data_operator_1_1_sql_1_1_my_sql_1_1_my_sql_data_operator_1a8f44635dc337c3652041f079190a792d" kind="function"><name>SetToObject</name></member>
    <member refid="d5/d34/class_uniform_data_operator_1_1_sql_1_1_my_sql_1_1_my_sql_data_operator_1af763205fa1d8a8ad83afc672d5743d65" kind="function"><name>SetToObject</name></member>
    <member refid="d5/d34/class_uniform_data_operator_1_1_sql_1_1_my_sql_1_1_my_sql_data_operator_1a5da5cc531c8c953f73e7fc50513790e9" kind="function"><name>SetToObject</name></member>
    <member refid="d5/d34/class_uniform_data_operator_1_1_sql_1_1_my_sql_1_1_my_sql_data_operator_1a38d9367d43538c2afc77331fe18ab666" kind="function"><name>SetToObjects</name></member>
    <member refid="d5/d34/class_uniform_data_operator_1_1_sql_1_1_my_sql_1_1_my_sql_data_operator_1a26b72128803de85e9c44ac6deecc78c4" kind="function"><name>SetToObjects</name></member>
    <member refid="d5/d34/class_uniform_data_operator_1_1_sql_1_1_my_sql_1_1_my_sql_data_operator_1a4079de461f0a37c0b69754a0e93dc05b" kind="function"><name>SetToObjects</name></member>
    <member refid="d5/d34/class_uniform_data_operator_1_1_sql_1_1_my_sql_1_1_my_sql_data_operator_1a98b579ed4a87c3f9dbdb90ffc28bf15c" kind="function"><name>SetToObjectAsync</name></member>
    <member refid="d5/d34/class_uniform_data_operator_1_1_sql_1_1_my_sql_1_1_my_sql_data_operator_1a49ee22a2a69fbc0752c989c7b79e5e43" kind="function"><name>SetToObjectAsync</name></member>
    <member refid="d5/d34/class_uniform_data_operator_1_1_sql_1_1_my_sql_1_1_my_sql_data_operator_1a3be9aeb9ce11e3fd536449843a585490" kind="function"><name>SetToObjectAsync</name></member>
    <member refid="d5/d34/class_uniform_data_operator_1_1_sql_1_1_my_sql_1_1_my_sql_data_operator_1a5fc9ae81932a2d5259dd817e91593988" kind="function"><name>SetToObjectsAsync</name></member>
    <member refid="d5/d34/class_uniform_data_operator_1_1_sql_1_1_my_sql_1_1_my_sql_data_operator_1a1ca50c33ecedb751642e77668da5229f" kind="function"><name>SetToObjectsAsync</name></member>
    <member refid="d5/d34/class_uniform_data_operator_1_1_sql_1_1_my_sql_1_1_my_sql_data_operator_1a28cf5d9cf061019b0e7da5d966c8db63" kind="function"><name>SetToObjectsAsync</name></member>
    <member refid="d5/d34/class_uniform_data_operator_1_1_sql_1_1_my_sql_1_1_my_sql_data_operator_1a5aad834d2ceba598037b6ed19b27db6d" kind="function"><name>Initialize</name></member>
    <member refid="d5/d34/class_uniform_data_operator_1_1_sql_1_1_my_sql_1_1_my_sql_data_operator_1af5850bfb38f7dfcd5acd5157458ef4bd" kind="function"><name>NewCommand</name></member>
    <member refid="d5/d34/class_uniform_data_operator_1_1_sql_1_1_my_sql_1_1_my_sql_data_operator_1a6c2e2d374072c275953a515379963881" kind="function"><name>NewCommand</name></member>
    <member refid="d5/d34/class_uniform_data_operator_1_1_sql_1_1_my_sql_1_1_my_sql_data_operator_1affbacb4fb1773fc14cdbb9cbcd315c5f" kind="function"><name>DisableSqlChecks</name></member>
    <member refid="d5/d34/class_uniform_data_operator_1_1_sql_1_1_my_sql_1_1_my_sql_data_operator_1a3e80f9136c9fef46a443901a15f1e289" kind="function"><name>DisableSqlChecks</name></member>
    <member refid="d5/d34/class_uniform_data_operator_1_1_sql_1_1_my_sql_1_1_my_sql_data_operator_1a3c1a7ceec19175ba5bbce8109565be05" kind="function"><name>ValidateTableMember</name></member>
    <member refid="d5/d34/class_uniform_data_operator_1_1_sql_1_1_my_sql_1_1_my_sql_data_operator_1a4f878911e378a4ece16d93f4c3352234" kind="function"><name>MemberToParameter</name></member>
    <member refid="d5/d34/class_uniform_data_operator_1_1_sql_1_1_my_sql_1_1_my_sql_data_operator_1a7b854ebbcdf31c67716d8c365c321a31" kind="function"><name>DbTypeToString</name></member>
    <member refid="d5/d34/class_uniform_data_operator_1_1_sql_1_1_my_sql_1_1_my_sql_data_operator_1a821d08d641098b3f5e4dd6342a3db718" kind="function"><name>ValidateEntryRD</name></member>
    <member refid="d5/d34/class_uniform_data_operator_1_1_sql_1_1_my_sql_1_1_my_sql_data_operator_1ad6b8397c665d57eac1a2680c7b5f44e9" kind="function"><name>MembersAllowedToSet</name></member>
    <member refid="d5/d34/class_uniform_data_operator_1_1_sql_1_1_my_sql_1_1_my_sql_data_operator_1a0d3153822bac0ad760aed9f37e58d69b" kind="function"><name>GenerateSetToObjectCommand</name></member>
    <member refid="d5/d34/class_uniform_data_operator_1_1_sql_1_1_my_sql_1_1_my_sql_data_operator_1a30fd1063d13dae2c7833aed7c405554c" kind="function"><name>DetectPKToSet</name></member>
  </compound>
  <compound refid="da/d96/class_uniform_data_operator_1_1_sql_1_1_my_sql_1_1_markup_1_1_my_sql_d_b_type_override_attribute" kind="class"><name>UniformDataOperator::Sql::MySql::Markup::MySqlDBTypeOverrideAttribute</name>
    <member refid="da/d96/class_uniform_data_operator_1_1_sql_1_1_my_sql_1_1_markup_1_1_my_sql_d_b_type_override_attribute_1ab2a4ea0d332bbef5fcda9c1be1a568c9" kind="variable"><name>type</name></member>
    <member refid="da/d96/class_uniform_data_operator_1_1_sql_1_1_my_sql_1_1_markup_1_1_my_sql_d_b_type_override_attribute_1a7410daaecf6cc40b01fd9ed17c0d02aa" kind="variable"><name>stringFormat</name></member>
    <member refid="da/d96/class_uniform_data_operator_1_1_sql_1_1_my_sql_1_1_markup_1_1_my_sql_d_b_type_override_attribute_1aa74bbebc2d24175c5789db6c59994150" kind="function"><name>MySqlDBTypeOverrideAttribute</name></member>
    <member refid="da/d96/class_uniform_data_operator_1_1_sql_1_1_my_sql_1_1_markup_1_1_my_sql_d_b_type_override_attribute_1a192b467574dfb619a19417aafd5150cd" kind="function"><name>MySqlDBTypeOverrideAttribute</name></member>
  </compound>
  <compound refid="dd/d32/class_uniform_data_operator_1_1_assemblies_management_1_1_modifiers_1_1_type_replacer_1_1_replacing_meta" kind="class"><name>UniformDataOperator::AssembliesManagement::Modifiers::TypeReplacer::ReplacingMeta</name>
    <member refid="dd/d32/class_uniform_data_operator_1_1_assemblies_management_1_1_modifiers_1_1_type_replacer_1_1_replacing_meta_1aa2bcb9c1376fd1f1dba1d7fe3c51b105" kind="variable"><name>usingType</name></member>
    <member refid="dd/d32/class_uniform_data_operator_1_1_assemblies_management_1_1_modifiers_1_1_type_replacer_1_1_replacing_meta_1ac1e6b32459f6ec0bfd07c1c26d682a61" kind="variable"><name>replacedWithPriority</name></member>
  </compound>
  <compound refid="d6/d56/struct_uniform_data_operator_1_1_assemblies_management_1_1_members_handler_1_1_runtime_attribute_info" kind="struct"><name>UniformDataOperator::AssembliesManagement::MembersHandler::RuntimeAttributeInfo</name>
    <member refid="d6/d56/struct_uniform_data_operator_1_1_assemblies_management_1_1_members_handler_1_1_runtime_attribute_info_1ad2bdc32de1197f2e1660f3b2d970a082" kind="property"><name>AttributeType</name></member>
    <member refid="d6/d56/struct_uniform_data_operator_1_1_assemblies_management_1_1_members_handler_1_1_runtime_attribute_info_1afd71e1f3850bd096fb8e1bab8ecdc62b" kind="property"><name>Parameters</name></member>
    <member refid="d6/d56/struct_uniform_data_operator_1_1_assemblies_management_1_1_members_handler_1_1_runtime_attribute_info_1a45baa9397521811a8e3bdc6cb2215067" kind="function"><name>RuntimeAttributeInfo</name></member>
  </compound>
  <compound refid="db/d05/class_uniform_data_operator_1_1_sql_1_1_markup_1_1_modifiers_1_1_set_query_ignore_attribute" kind="class"><name>UniformDataOperator::Sql::Markup::Modifiers::SetQueryIgnoreAttribute</name>
  </compound>
  <compound refid="dc/dce/class_uniform_data_operator_1_1_sql_1_1_sql_operator_handler" kind="class"><name>UniformDataOperator::Sql::SqlOperatorHandler</name>
    <member refid="dc/dce/class_uniform_data_operator_1_1_sql_1_1_sql_operator_handler_1a8373486df36ace17ffba1e14bf6a951a" kind="event"><name>SqlErrorOccured</name></member>
    <member refid="dc/dce/class_uniform_data_operator_1_1_sql_1_1_sql_operator_handler_1aa96eb9fd201700acbf53954599fec534" kind="property"><name>Active</name></member>
    <member refid="dc/dce/class_uniform_data_operator_1_1_sql_1_1_sql_operator_handler_1a898993886fbe98ece762f9f7f2af11fb" kind="function"><name>InvokeSQLErrorOccured</name></member>
    <member refid="dc/dce/class_uniform_data_operator_1_1_sql_1_1_sql_operator_handler_1ab2de5b9d7f8e8e67b518cf39c7e6f7a5" kind="function"><name>CollectionToString</name></member>
    <member refid="dc/dce/class_uniform_data_operator_1_1_sql_1_1_sql_operator_handler_1a6973169901301adaecd52fab70df280e" kind="function"><name>ConcatFormatedCollections</name></member>
    <member refid="dc/dce/class_uniform_data_operator_1_1_sql_1_1_sql_operator_handler_1ac17e36b29fe5a17281927ab04dbeab26" kind="function"><name>ConcatFormatedCollections</name></member>
    <member refid="dc/dce/class_uniform_data_operator_1_1_sql_1_1_sql_operator_handler_1a97954b0bb1559fbe600c12aa5e2c53ef" kind="function"><name>DatabaseDataToObject</name></member>
    <member refid="dc/dce/class_uniform_data_operator_1_1_sql_1_1_sql_operator_handler_1a98735f024767c0551a0a8fccf0957fea" kind="function"><name>RescanDatabaseStructure</name></member>
  </compound>
  <compound refid="d9/d47/class_uniform_data_operator_1_1_binary_1_1_i_o_1_1_stream_handler" kind="class"><name>UniformDataOperator::Binary::IO::StreamHandler</name>
    <member refid="d9/d47/class_uniform_data_operator_1_1_binary_1_1_i_o_1_1_stream_handler_1a74670b4bc43b03cbfcb5f222fe731da0" kind="variable"><name>HEADER_SIZE</name></member>
    <member refid="d9/d47/class_uniform_data_operator_1_1_binary_1_1_i_o_1_1_stream_handler_1a1b6540f8d3bf3c455caabc0f007f6702" kind="property"><name>OneWaySpinsPause</name></member>
    <member refid="d9/d47/class_uniform_data_operator_1_1_binary_1_1_i_o_1_1_stream_handler_1a9f8d84e7fcc7106e4dfed14d7f574b87" kind="property"><name>MilisecondsBeforeDrop</name></member>
    <member refid="d9/d47/class_uniform_data_operator_1_1_binary_1_1_i_o_1_1_stream_handler_1a20c247a11a6523790a60e98f5f704fc7" kind="function"><name>StreamWriterAsync</name></member>
    <member refid="d9/d47/class_uniform_data_operator_1_1_binary_1_1_i_o_1_1_stream_handler_1a18b5d8b3ab9402ea3b112c7e7bd830be" kind="function"><name>StreamWriterAsync</name></member>
    <member refid="d9/d47/class_uniform_data_operator_1_1_binary_1_1_i_o_1_1_stream_handler_1a0fc1ed2097c0b9582d4abb366cee82b2" kind="function"><name>StreamWriterAsync</name></member>
    <member refid="d9/d47/class_uniform_data_operator_1_1_binary_1_1_i_o_1_1_stream_handler_1a60e2d04b9c5f656e5257ff52951207ce" kind="function"><name>StreamWriterAsync</name></member>
    <member refid="d9/d47/class_uniform_data_operator_1_1_binary_1_1_i_o_1_1_stream_handler_1a8270ca6e114f289818bd1efabb5048b6" kind="function"><name>WaitPackageReceiving</name></member>
    <member refid="d9/d47/class_uniform_data_operator_1_1_binary_1_1_i_o_1_1_stream_handler_1a779f1ec9fe46ac47fe164e51fac29bca" kind="function"><name>ComputeRequiredPackages</name></member>
    <member refid="d9/d47/class_uniform_data_operator_1_1_binary_1_1_i_o_1_1_stream_handler_1ac3b951b7af74e35d8c01f9986d59abbf" kind="function"><name>BuildPackage</name></member>
    <member refid="d9/d47/class_uniform_data_operator_1_1_binary_1_1_i_o_1_1_stream_handler_1a8953608e9eefaff797f3e4ed49f85bcf" kind="function"><name>StreamReaderAsync</name></member>
    <member refid="d9/d47/class_uniform_data_operator_1_1_binary_1_1_i_o_1_1_stream_handler_1ab22ce5f10fb894fff4a675e96917dfbf" kind="function"><name>StreamReaderAsync&lt; T &gt;</name></member>
    <member refid="d9/d47/class_uniform_data_operator_1_1_binary_1_1_i_o_1_1_stream_handler_1aa001d58762b89cb8fdaa729b53b2a9af" kind="function"><name>StreamReaderAsync</name></member>
    <member refid="d9/d47/class_uniform_data_operator_1_1_binary_1_1_i_o_1_1_stream_handler_1a3732dec20d216595f8148e91b7aac76a" kind="function"><name>InformAboutReceving</name></member>
  </compound>
  <compound refid="d3/d61/class_uniform_data_operator_1_1_sql_1_1_markup_1_1_table_attribute" kind="class"><name>UniformDataOperator::Sql::Markup::TableAttribute</name>
    <member refid="d3/d61/class_uniform_data_operator_1_1_sql_1_1_markup_1_1_table_attribute_1ac0f169e34020d96155a9fd961b207391" kind="variable"><name>schema</name></member>
    <member refid="d3/d61/class_uniform_data_operator_1_1_sql_1_1_markup_1_1_table_attribute_1afbaa6ebc381e83a2be76e904f417d7ac" kind="variable"><name>table</name></member>
    <member refid="d3/d61/class_uniform_data_operator_1_1_sql_1_1_markup_1_1_table_attribute_1a6dd17faa4c4e02428620528929a2d497" kind="variable"><name>engine</name></member>
    <member refid="d3/d61/class_uniform_data_operator_1_1_sql_1_1_markup_1_1_table_attribute_1a3cfe088f4e36ab209cec341c10917ff6" kind="function"><name>TableAttribute</name></member>
    <member refid="d3/d61/class_uniform_data_operator_1_1_sql_1_1_markup_1_1_table_attribute_1a085ad4c643842f099ce19c6113e2475f" kind="function"><name>TableAttribute</name></member>
    <member refid="d3/d61/class_uniform_data_operator_1_1_sql_1_1_markup_1_1_table_attribute_1aca369c412ca492ccb2937c8a129f7802" kind="function"><name>GenerateCreateTableCommand</name></member>
    <member refid="d3/d61/class_uniform_data_operator_1_1_sql_1_1_markup_1_1_table_attribute_1a2efef1ffee6dc4329d9b2359513ae41a" kind="function"><name>TrySetTables</name></member>
    <member refid="d3/d61/class_uniform_data_operator_1_1_sql_1_1_markup_1_1_table_attribute_1a5da0c0409e593c08ff76a5245dcdb904" kind="function"><name>TrySetTable</name></member>
    <member refid="d3/d61/class_uniform_data_operator_1_1_sql_1_1_markup_1_1_table_attribute_1a10f9e13016b88c06908c4bf0d5dac4b9" kind="function"><name>FindMembersByColumns</name></member>
    <member refid="d3/d61/class_uniform_data_operator_1_1_sql_1_1_markup_1_1_table_attribute_1ace5105a7193faa48f53f32ce58a2a58c" kind="function"><name>TryToGetTableAttribute</name></member>
  </compound>
  <compound refid="d8/d6c/class_uniform_data_operator_1_1_assemblies_management_1_1_modifiers_1_1_type_replacer" kind="class"><name>UniformDataOperator::AssembliesManagement::Modifiers::TypeReplacer</name>
    <member refid="d8/d6c/class_uniform_data_operator_1_1_assemblies_management_1_1_modifiers_1_1_type_replacer_1a92c79d556f9906ecfae49fd97816aa1e" kind="variable"><name>replacingType</name></member>
    <member refid="d8/d6c/class_uniform_data_operator_1_1_assemblies_management_1_1_modifiers_1_1_type_replacer_1a9ff1766eb3660514a89255bf15c16742" kind="variable"><name>usingType</name></member>
    <member refid="d8/d6c/class_uniform_data_operator_1_1_assemblies_management_1_1_modifiers_1_1_type_replacer_1a677ea9d2870e47626a39bf6e64015f18" kind="variable"><name>overridingPriority</name></member>
    <member refid="d8/d6c/class_uniform_data_operator_1_1_assemblies_management_1_1_modifiers_1_1_type_replacer_1a693a4f48eeaa0a95f46dcd06be46bc74" kind="variable"><name>ExludingTable</name></member>
    <member refid="d8/d6c/class_uniform_data_operator_1_1_assemblies_management_1_1_modifiers_1_1_type_replacer_1a467c5c1990d36d4b4d5a7847fd794a2f" kind="function"><name>TypeReplacer</name></member>
    <member refid="d8/d6c/class_uniform_data_operator_1_1_assemblies_management_1_1_modifiers_1_1_type_replacer_1a53ed7a62064129d34748e8cde818e191" kind="function"><name>TypeReplacer</name></member>
    <member refid="d8/d6c/class_uniform_data_operator_1_1_assemblies_management_1_1_modifiers_1_1_type_replacer_1ab16c97c7cb86db03b862a0fdd5889819" kind="function"><name>GetValidType</name></member>
    <member refid="d8/d6c/class_uniform_data_operator_1_1_assemblies_management_1_1_modifiers_1_1_type_replacer_1a51670e843f80ee62f24afa784d5424dc" kind="function"><name>OperateType</name></member>
    <member refid="d8/d6c/class_uniform_data_operator_1_1_assemblies_management_1_1_modifiers_1_1_type_replacer_1a748273934b293a1473b5c6c061990de8" kind="function"><name>IsReplaced</name></member>
    <member refid="d8/d6c/class_uniform_data_operator_1_1_assemblies_management_1_1_modifiers_1_1_type_replacer_1a3fc9dceab9bd6da387ce1be9213aaa9e" kind="function"><name>RescanAssemblies</name></member>
  </compound>
  <compound refid="de/df3/namespace_my_sql_1_1_data_1_1_my_sql_client" kind="namespace"><name>MySql::Data::MySqlClient</name>
  </compound>
  <compound refid="d8/dd0/namespace_system" kind="namespace"><name>System</name>
  </compound>
  <compound refid="d5/da7/namespace_system_1_1_collections" kind="namespace"><name>System::Collections</name>
  </compound>
  <compound refid="d9/d1b/namespace_system_1_1_collections_1_1_generic" kind="namespace"><name>System::Collections::Generic</name>
  </compound>
  <compound refid="df/d9f/namespace_system_1_1_data" kind="namespace"><name>System::Data</name>
  </compound>
  <compound refid="d9/d74/namespace_system_1_1_data_1_1_common" kind="namespace"><name>System::Data::Common</name>
  </compound>
  <compound refid="d0/d23/namespace_system_1_1_data_1_1_sql_client" kind="namespace"><name>System::Data::SqlClient</name>
  </compound>
  <compound refid="d3/d7c/namespace_system_1_1_diagnostics" kind="namespace"><name>System::Diagnostics</name>
  </compound>
  <compound refid="dc/d30/namespace_system_1_1_i_o" kind="namespace"><name>System::IO</name>
  </compound>
  <compound refid="d9/dd6/namespace_system_1_1_i_o_1_1_pipes" kind="namespace"><name>System::IO::Pipes</name>
  </compound>
  <compound refid="d5/de4/namespace_system_1_1_linq" kind="namespace"><name>System::Linq</name>
  </compound>
  <compound refid="d0/d9d/namespace_system_1_1_reflection" kind="namespace"><name>System::Reflection</name>
  </compound>
  <compound refid="d0/db7/namespace_system_1_1_reflection_1_1_emit" kind="namespace"><name>System::Reflection::Emit</name>
  </compound>
  <compound refid="dd/d85/namespace_system_1_1_runtime_1_1_serialization" kind="namespace"><name>System::Runtime::Serialization</name>
  </compound>
  <compound refid="d0/d16/namespace_system_1_1_runtime_1_1_serialization_1_1_formatters_1_1_binary" kind="namespace"><name>System::Runtime::Serialization::Formatters::Binary</name>
  </compound>
  <compound refid="d8/d71/namespace_system_1_1_text" kind="namespace"><name>System::Text</name>
  </compound>
  <compound refid="d3/d81/namespace_system_1_1_threading" kind="namespace"><name>System::Threading</name>
  </compound>
  <compound refid="d7/d66/namespace_system_1_1_threading_1_1_tasks" kind="namespace"><name>System::Threading::Tasks</name>
  </compound>
  <compound refid="de/d66/namespace_uniform_data_operator" kind="namespace"><name>UniformDataOperator</name>
  </compound>
  <compound refid="d4/d07/namespace_uniform_data_operator_1_1_assemblies_management" kind="namespace"><name>UniformDataOperator::AssembliesManagement</name>
  </compound>
  <compound refid="d8/dd0/namespace_uniform_data_operator_1_1_assemblies_management_1_1_modifiers" kind="namespace"><name>UniformDataOperator::AssembliesManagement::Modifiers</name>
  </compound>
  <compound refid="da/d8e/namespace_uniform_data_operator_1_1_binary" kind="namespace"><name>UniformDataOperator::Binary</name>
  </compound>
  <compound refid="d3/d2f/namespace_uniform_data_operator_1_1_binary_1_1_i_o" kind="namespace"><name>UniformDataOperator::Binary::IO</name>
    <member refid="d3/d2f/namespace_uniform_data_operator_1_1_binary_1_1_i_o_1a3fee9a9bcba25974554ed63395942161" kind="enum"><name>StreamChanelMode</name></member>
    <member refid="d3/d2f/namespace_uniform_data_operator_1_1_binary_1_1_i_o_1a3fee9a9bcba25974554ed63395942161acfefe70df0902a80bb48b04ff12a7436" kind="enumvalue"><name>Duplex</name></member>
    <member refid="d3/d2f/namespace_uniform_data_operator_1_1_binary_1_1_i_o_1a3fee9a9bcba25974554ed63395942161ab6f2b2a3b9675cbd2f00f92c5bd93dd4" kind="enumvalue"><name>Oneway</name></member>
  </compound>
  <compound refid="da/dc4/namespace_uniform_data_operator_1_1_sql" kind="namespace"><name>UniformDataOperator::Sql</name>
  </compound>
  <compound refid="de/d8b/namespace_uniform_data_operator_1_1_sql_1_1_markup" kind="namespace"><name>UniformDataOperator::Sql::Markup</name>
  </compound>
  <compound refid="dd/d11/namespace_uniform_data_operator_1_1_sql_1_1_markup_1_1_modifiers" kind="namespace"><name>UniformDataOperator::Sql::Markup::Modifiers</name>
  </compound>
  <compound refid="d1/d09/namespace_uniform_data_operator_1_1_sql_1_1_my_sql" kind="namespace"><name>UniformDataOperator::Sql::MySql</name>
  </compound>
  <compound refid="d4/de0/namespace_uniform_data_operator_1_1_sql_1_1_my_sql_1_1_markup" kind="namespace"><name>UniformDataOperator::Sql::MySql::Markup</name>
  </compound>
  <compound refid="db/d10/_assemblies_handler_8cs" kind="file"><name>AssembliesHandler.cs</name>
  </compound>
  <compound refid="d0/df9/_members_handler_8cs" kind="file"><name>MembersHandler.cs</name>
  </compound>
  <compound refid="d4/de8/_i_base_type_changable_8cs" kind="file"><name>IBaseTypeChangable.cs</name>
  </compound>
  <compound refid="d3/df7/_type_replacer_8cs" kind="file"><name>TypeReplacer.cs</name>
  </compound>
  <compound refid="d6/d0b/_binary_handler_8cs" kind="file"><name>BinaryHandler.cs</name>
  </compound>
  <compound refid="d8/d5d/_boyer_moore_8cs" kind="file"><name>BoyerMoore.cs</name>
  </compound>
  <compound refid="d9/d3c/_stream_chanel_mode_8cs" kind="file"><name>StreamChanelMode.cs</name>
  </compound>
  <compound refid="d3/d85/_stream_handler_8cs" kind="file"><name>StreamHandler.cs</name>
  </compound>
  <compound refid="d9/dd6/_r_e_a_d_m_e_8md" kind="file"><name>README.md</name>
  </compound>
  <compound refid="d8/df3/_i_s_q_l_operator_8cs" kind="file"><name>ISQLOperator.cs</name>
  </compound>
  <compound refid="dd/df5/_column_attribute_8cs" kind="file"><name>ColumnAttribute.cs</name>
  </compound>
  <compound refid="d6/d4c/_commentary_attribute_8cs" kind="file"><name>CommentaryAttribute.cs</name>
  </compound>
  <compound refid="d3/db2/_default_attribute_8cs" kind="file"><name>DefaultAttribute.cs</name>
  </compound>
  <compound refid="db/da1/_is_auto_increment_attribute_8cs" kind="file"><name>IsAutoIncrementAttribute.cs</name>
  </compound>
  <compound refid="de/d81/_is_binary_attribute_8cs" kind="file"><name>IsBinaryAttribute.cs</name>
  </compound>
  <compound refid="d3/d2d/_is_foreign_key_attribute_8cs" kind="file"><name>IsForeignKeyAttribute.cs</name>
  </compound>
  <compound refid="dc/db2/_is_generated_attribute_8cs" kind="file"><name>IsGeneratedAttribute.cs</name>
  </compound>
  <compound refid="d0/d75/_is_not_null_attribute_8cs" kind="file"><name>IsNotNullAttribute.cs</name>
  </compound>
  <compound refid="d4/d23/_is_primary_key_attribute_8cs" kind="file"><name>IsPrimaryKeyAttribute.cs</name>
  </compound>
  <compound refid="d6/de6/_is_unique_attribute_8cs" kind="file"><name>IsUniqueAttribute.cs</name>
  </compound>
  <compound refid="d3/d01/_is_unsigned_attribute_8cs" kind="file"><name>IsUnsignedAttribute.cs</name>
  </compound>
  <compound refid="d0/d3f/_is_zero_fill_attribute_8cs" kind="file"><name>IsZeroFillAttribute.cs</name>
  </compound>
  <compound refid="dc/d8a/_d_b_path_override_attribute_8cs" kind="file"><name>DBPathOverrideAttribute.cs</name>
  </compound>
  <compound refid="d1/d6b/_set_query_ignore_attribute_8cs" kind="file"><name>SetQueryIgnoreAttribute.cs</name>
  </compound>
  <compound refid="df/d5f/_table_attribute_8cs" kind="file"><name>TableAttribute.cs</name>
  </compound>
  <compound refid="d0/de4/_my_sql_d_b_type_override_attribute_8cs" kind="file"><name>MySqlDBTypeOverrideAttribute.cs</name>
  </compound>
  <compound refid="db/d52/_my_s_q_l_data_operator_backup_8cs" kind="file"><name>MySQLDataOperatorBackup.cs</name>
  </compound>
  <compound refid="da/dcb/_my_sql_data_operator_commands_8cs" kind="file"><name>MySqlDataOperatorCommands.cs</name>
  </compound>
  <compound refid="d6/dc8/_my_s_q_l_data_operator_connection_8cs" kind="file"><name>MySQLDataOperatorConnection.cs</name>
  </compound>
  <compound refid="d8/dda/_my_sql_data_operator_db_read_8cs" kind="file"><name>MySqlDataOperatorDbRead.cs</name>
  </compound>
  <compound refid="dd/d2b/_my_s_q_l_data_operator_params_8cs" kind="file"><name>MySQLDataOperatorParams.cs</name>
  </compound>
  <compound refid="d2/d61/_my_sql_data_operator_service_8cs" kind="file"><name>MySqlDataOperatorService.cs</name>
  </compound>
  <compound refid="dd/d9c/_s_q_l_operator_handler_8cs" kind="file"><name>SQLOperatorHandler.cs</name>
  </compound>
  <compound refid="d4/d04/md__d_1__work__git_hub_uniform-data-operator__r_e_a_d_m_e" kind="page"><name>md_D:_Work_GitHub_uniform-data-operator_README</name>
  </compound>
  <compound refid="dir_a29a196b1a4c40d3ff3fd35bb97b41de" kind="dir"><name>D:/Work/GitHub/uniform-data-operator/AssembliesManagement</name>
  </compound>
  <compound refid="dir_3785288b95ad083bc6e0b212dbe13340" kind="dir"><name>D:/Work/GitHub/uniform-data-operator/Binary</name>
  </compound>
  <compound refid="dir_1a56e1e6490a9f081c0b0cf28f0d2529" kind="dir"><name>D:/Work/GitHub/uniform-data-operator/Binary/IO</name>
  </compound>
  <compound refid="dir_f003c08f43fb9b3f69fe1fc1a7b807db" kind="dir"><name>D:/Work/GitHub/uniform-data-operator/SQL/MySQL/Markup</name>
  </compound>
  <compound refid="dir_fe0f8d1f573ae42145a374c69e21b163" kind="dir"><name>D:/Work/GitHub/uniform-data-operator/SQL/Markup</name>
  </compound>
  <compound refid="dir_b4dd1d8b4151a6682e96f01ff71822b1" kind="dir"><name>D:/Work/GitHub/uniform-data-operator/SQL/Markup/Modifiers</name>
  </compound>
  <compound refid="dir_a52b6a545b0889fb102957d3a78e39f2" kind="dir"><name>D:/Work/GitHub/uniform-data-operator/AssembliesManagement/Modifiers</name>
  </compound>
  <compound refid="dir_0ccb68387d9136c295cc472a658b0e07" kind="dir"><name>D:/Work/GitHub/uniform-data-operator/SQL/MySQL</name>
  </compound>
  <compound refid="dir_5acd0999974efcf9285444e791ce31d5" kind="dir"><name>D:/Work/GitHub/uniform-data-operator/SQL</name>
  </compound>
</doxygenindex>
