<?xml version='1.0' encoding='UTF-8' standalone='no'?>
<doxygen xmlns:xsi="http://www.w3.org/2001/XMLSchema-instance" xsi:noNamespaceSchemaLocation="compound.xsd" version="1.8.14">
  <compounddef id="db/d52/_my_s_q_l_data_operator_backup_8cs" kind="file" language="C#">
    <compoundname>MySQLDataOperatorBackup.cs</compoundname>
    <innerclass refid="d5/d34/class_uniform_data_operator_1_1_sql_1_1_my_sql_1_1_my_sql_data_operator" prot="public">UniformDataOperator::Sql::MySql::MySqlDataOperator</innerclass>
    <innernamespace refid="d1/d09/namespace_uniform_data_operator_1_1_sql_1_1_my_sql">UniformDataOperator::Sql::MySql</innernamespace>
    <briefdescription>
    </briefdescription>
    <detaileddescription>
    </detaileddescription>
    <programlisting>
<codeline lineno="1"><highlight class="comment">//Copyright<sp/>2019<sp/>Volodymyr<sp/>Podshyvalov</highlight><highlight class="normal"></highlight></codeline>
<codeline lineno="2"><highlight class="normal"></highlight><highlight class="comment">//</highlight><highlight class="normal"></highlight></codeline>
<codeline lineno="3"><highlight class="normal"></highlight><highlight class="comment">//Licensed<sp/>under<sp/>the<sp/>Apache<sp/>License,<sp/>Version<sp/>2.0<sp/>(the<sp/>&quot;License&quot;);</highlight><highlight class="normal"></highlight></codeline>
<codeline lineno="4"><highlight class="normal"></highlight><highlight class="comment">//you<sp/>may<sp/>not<sp/>use<sp/>this<sp/>file<sp/>except<sp/>in<sp/>compliance<sp/>with<sp/>the<sp/>License.</highlight><highlight class="normal"></highlight></codeline>
<codeline lineno="5"><highlight class="normal"></highlight><highlight class="comment">//You<sp/>may<sp/>obtain<sp/>a<sp/>copy<sp/>of<sp/>the<sp/>License<sp/>at</highlight><highlight class="normal"></highlight></codeline>
<codeline lineno="6"><highlight class="normal"></highlight><highlight class="comment">//</highlight><highlight class="normal"></highlight></codeline>
<codeline lineno="7"><highlight class="normal"></highlight><highlight class="comment">//<sp/><sp/><sp/><sp/>http://www.apache.org/licenses/LICENSE-2.0</highlight><highlight class="normal"></highlight></codeline>
<codeline lineno="8"><highlight class="normal"></highlight><highlight class="comment">//</highlight><highlight class="normal"></highlight></codeline>
<codeline lineno="9"><highlight class="normal"></highlight><highlight class="comment">//Unless<sp/>required<sp/>by<sp/>applicable<sp/>law<sp/>or<sp/>agreed<sp/>to<sp/>in<sp/>writing,<sp/>software</highlight><highlight class="normal"></highlight></codeline>
<codeline lineno="10"><highlight class="normal"></highlight><highlight class="comment">//distributed<sp/>under<sp/>the<sp/>License<sp/>is<sp/>distributed<sp/>on<sp/>an<sp/>&quot;AS<sp/>IS&quot;<sp/>BASIS,</highlight><highlight class="normal"></highlight></codeline>
<codeline lineno="11"><highlight class="normal"></highlight><highlight class="comment">//WITHOUT<sp/>WARRANTIES<sp/>OR<sp/>CONDITIONS<sp/>OF<sp/>ANY<sp/>KIND,<sp/>either<sp/>express<sp/>or<sp/>implied.</highlight><highlight class="normal"></highlight></codeline>
<codeline lineno="12"><highlight class="normal"></highlight><highlight class="comment">//See<sp/>the<sp/>License<sp/>for<sp/>the<sp/>specific<sp/>language<sp/>governing<sp/>permissions<sp/>and</highlight><highlight class="normal"></highlight></codeline>
<codeline lineno="13"><highlight class="normal"></highlight><highlight class="comment">//limitations<sp/>under<sp/>the<sp/>License.</highlight><highlight class="normal"></highlight></codeline>
<codeline lineno="14"><highlight class="normal"></highlight></codeline>
<codeline lineno="15"><highlight class="normal"></highlight><highlight class="keyword">using</highlight><highlight class="normal"><sp/><ref refid="d8/dd0/namespace_system" kindref="compound">System</ref>;</highlight></codeline>
<codeline lineno="16"><highlight class="normal"></highlight><highlight class="keyword">using</highlight><highlight class="normal"><sp/><ref refid="d8/dd0/namespace_system" kindref="compound">System</ref>.Reflection;</highlight></codeline>
<codeline lineno="17"><highlight class="normal"></highlight><highlight class="keyword">using</highlight><highlight class="normal"><sp/><ref refid="d8/dd0/namespace_system" kindref="compound">System</ref>.IO;</highlight></codeline>
<codeline lineno="18"><highlight class="normal"></highlight><highlight class="keyword">using</highlight><highlight class="normal"><sp/><ref refid="d8/dd0/namespace_system" kindref="compound">System</ref>.Diagnostics;</highlight></codeline>
<codeline lineno="19"><highlight class="normal"></highlight><highlight class="keyword">using</highlight><highlight class="normal"><sp/><ref refid="d8/dd0/namespace_system" kindref="compound">System</ref>.Collections.Generic;</highlight></codeline>
<codeline lineno="20"><highlight class="normal"></highlight><highlight class="keyword">using</highlight><highlight class="normal"><sp/><ref refid="d8/dd0/namespace_system" kindref="compound">System</ref>.Data.Common;</highlight></codeline>
<codeline lineno="21"><highlight class="normal"></highlight><highlight class="keyword">using</highlight><highlight class="normal"><sp/><ref refid="d8/dd0/namespace_system" kindref="compound">System</ref>.Linq;</highlight></codeline>
<codeline lineno="22"><highlight class="normal"></highlight><highlight class="keyword">using</highlight><highlight class="normal"><sp/><ref refid="d8/dd0/namespace_system" kindref="compound">System</ref>.Text;</highlight></codeline>
<codeline lineno="23"><highlight class="normal"></highlight><highlight class="keyword">using</highlight><highlight class="normal"><sp/><ref refid="d8/dd0/namespace_system" kindref="compound">System</ref>.Threading.Tasks;</highlight></codeline>
<codeline lineno="24"><highlight class="normal"></highlight><highlight class="keyword">using</highlight><highlight class="normal"><sp/>MySql.Data.MySqlClient;</highlight></codeline>
<codeline lineno="25"><highlight class="normal"></highlight><highlight class="keyword">using</highlight><highlight class="normal"><sp/><ref refid="de/d66/namespace_uniform_data_operator" kindref="compound">UniformDataOperator</ref>.<ref refid="da/dc4/namespace_uniform_data_operator_1_1_sql" kindref="compound">Sql</ref>.<ref refid="de/d8b/namespace_uniform_data_operator_1_1_sql_1_1_markup" kindref="compound">Markup</ref>;</highlight></codeline>
<codeline lineno="26"><highlight class="normal"></highlight></codeline>
<codeline lineno="27"><highlight class="normal"></highlight><highlight class="keyword">namespace<sp/></highlight><highlight class="normal"><ref refid="de/d66/namespace_uniform_data_operator" kindref="compound">UniformDataOperator</ref>.Sql.MySql</highlight></codeline>
<codeline lineno="28"><highlight class="normal">{</highlight></codeline>
<codeline lineno="32" refid="d5/d34/class_uniform_data_operator_1_1_sql_1_1_my_sql_1_1_my_sql_data_operator" refkind="compound"><highlight class="normal"><sp/><sp/><sp/><sp/></highlight><highlight class="keyword">public</highlight><highlight class="normal"><sp/></highlight><highlight class="keyword">partial<sp/>class<sp/></highlight><highlight class="normal"><ref refid="d5/d34/class_uniform_data_operator_1_1_sql_1_1_my_sql_1_1_my_sql_data_operator" kindref="compound">MySqlDataOperator</ref><sp/>:<sp/><ref refid="d1/dad/interface_uniform_data_operator_1_1_sql_1_1_i_sql_operator" kindref="compound">ISqlOperator</ref></highlight></codeline>
<codeline lineno="33"><highlight class="normal"><sp/><sp/><sp/><sp/>{</highlight></codeline>
<codeline lineno="39"><highlight class="normal"><sp/><sp/><sp/><sp/><sp/><sp/><sp/><sp/></highlight><highlight class="keyword">public</highlight><highlight class="normal"><sp/></highlight><highlight class="keywordtype">void</highlight><highlight class="normal"><sp/>Backup(</highlight><highlight class="keywordtype">string</highlight><highlight class="normal"><sp/>directory)</highlight></codeline>
<codeline lineno="40"><highlight class="normal"><sp/><sp/><sp/><sp/><sp/><sp/><sp/><sp/>{</highlight></codeline>
<codeline lineno="41"><highlight class="normal"></highlight><highlight class="preprocessor"><sp/><sp/><sp/><sp/><sp/><sp/><sp/><sp/><sp/><sp/><sp/><sp/>#region<sp/>Path<sp/>generation</highlight><highlight class="normal"></highlight></codeline>
<codeline lineno="42"><highlight class="normal"><sp/><sp/><sp/><sp/><sp/><sp/><sp/><sp/><sp/><sp/><sp/><sp/></highlight><highlight class="keywordtype">string</highlight><highlight class="normal"><sp/>path;</highlight></codeline>
<codeline lineno="43"><highlight class="normal"><sp/><sp/><sp/><sp/><sp/><sp/><sp/><sp/><sp/><sp/><sp/><sp/>DateTime<sp/>Time<sp/>=<sp/>DateTime.Now;</highlight></codeline>
<codeline lineno="44"><highlight class="normal"></highlight></codeline>
<codeline lineno="45"><highlight class="normal"><sp/><sp/><sp/><sp/><sp/><sp/><sp/><sp/><sp/><sp/><sp/><sp/></highlight><highlight class="comment">//<sp/>Add<sp/>directory<sp/>spliter.</highlight><highlight class="normal"></highlight></codeline>
<codeline lineno="46"><highlight class="normal"><sp/><sp/><sp/><sp/><sp/><sp/><sp/><sp/><sp/><sp/><sp/><sp/></highlight><highlight class="keywordflow">if</highlight><highlight class="normal"><sp/>(!directory[directory.Length<sp/>-<sp/>1].Equals(</highlight><highlight class="charliteral">&apos;\\&apos;</highlight><highlight class="normal">))</highlight></codeline>
<codeline lineno="47"><highlight class="normal"><sp/><sp/><sp/><sp/><sp/><sp/><sp/><sp/><sp/><sp/><sp/><sp/>{</highlight></codeline>
<codeline lineno="48"><highlight class="normal"><sp/><sp/><sp/><sp/><sp/><sp/><sp/><sp/><sp/><sp/><sp/><sp/><sp/><sp/><sp/><sp/>directory<sp/>+=<sp/></highlight><highlight class="stringliteral">&quot;\\&quot;</highlight><highlight class="normal">;</highlight></codeline>
<codeline lineno="49"><highlight class="normal"><sp/><sp/><sp/><sp/><sp/><sp/><sp/><sp/><sp/><sp/><sp/><sp/>}</highlight></codeline>
<codeline lineno="50"><highlight class="normal"></highlight></codeline>
<codeline lineno="51"><highlight class="normal"><sp/><sp/><sp/><sp/><sp/><sp/><sp/><sp/><sp/><sp/><sp/><sp/>path<sp/>=<sp/>directory<sp/>+<sp/></highlight><highlight class="stringliteral">&quot;MySqlBackup&quot;</highlight><highlight class="normal"><sp/>+<sp/>Time.Year<sp/>+<sp/></highlight><highlight class="stringliteral">&quot;-&quot;</highlight><highlight class="normal"><sp/>+<sp/>Time.Month<sp/>+<sp/></highlight><highlight class="stringliteral">&quot;-&quot;</highlight><highlight class="normal"><sp/>+<sp/>Time.Day<sp/>+</highlight></codeline>
<codeline lineno="52"><highlight class="normal"><sp/><sp/><sp/><sp/><sp/><sp/><sp/><sp/><sp/><sp/><sp/><sp/><sp/><sp/><sp/><sp/></highlight><highlight class="stringliteral">&quot;-&quot;</highlight><highlight class="normal"><sp/>+<sp/>Time.Hour<sp/>+<sp/></highlight><highlight class="stringliteral">&quot;-&quot;</highlight><highlight class="normal"><sp/>+<sp/>Time.Minute<sp/>+<sp/></highlight><highlight class="stringliteral">&quot;-&quot;</highlight><highlight class="normal"><sp/>+<sp/>Time.Second<sp/>+<sp/></highlight><highlight class="stringliteral">&quot;-&quot;</highlight><highlight class="normal"><sp/>+<sp/>Time.Millisecond<sp/>+<sp/></highlight><highlight class="stringliteral">&quot;.sql&quot;</highlight><highlight class="normal">;</highlight></codeline>
<codeline lineno="53"><highlight class="normal"></highlight><highlight class="preprocessor"><sp/><sp/><sp/><sp/><sp/><sp/><sp/><sp/><sp/><sp/><sp/><sp/>#endregion</highlight><highlight class="normal"></highlight></codeline>
<codeline lineno="54"><highlight class="normal"></highlight></codeline>
<codeline lineno="55"><highlight class="normal"></highlight></codeline>
<codeline lineno="56"><highlight class="normal"></highlight><highlight class="preprocessor"><sp/><sp/><sp/><sp/><sp/><sp/><sp/><sp/><sp/><sp/><sp/><sp/>#region<sp/>Start<sp/>MySQL<sp/>Dump<sp/>utilit</highlight><highlight class="normal"></highlight></codeline>
<codeline lineno="57"><highlight class="normal"><sp/><sp/><sp/><sp/><sp/><sp/><sp/><sp/><sp/><sp/><sp/><sp/>ProcessStartInfo<sp/>psi<sp/>=<sp/></highlight><highlight class="keyword">new</highlight><highlight class="normal"><sp/>ProcessStartInfo</highlight></codeline>
<codeline lineno="58"><highlight class="normal"><sp/><sp/><sp/><sp/><sp/><sp/><sp/><sp/><sp/><sp/><sp/><sp/>{</highlight></codeline>
<codeline lineno="59"><highlight class="normal"><sp/><sp/><sp/><sp/><sp/><sp/><sp/><sp/><sp/><sp/><sp/><sp/><sp/><sp/><sp/><sp/>FileName<sp/>=<sp/></highlight><highlight class="stringliteral">&quot;mysqldump&quot;</highlight><highlight class="normal">,</highlight></codeline>
<codeline lineno="60"><highlight class="normal"><sp/><sp/><sp/><sp/><sp/><sp/><sp/><sp/><sp/><sp/><sp/><sp/><sp/><sp/><sp/><sp/>RedirectStandardInput<sp/>=<sp/></highlight><highlight class="keyword">false</highlight><highlight class="normal">,</highlight></codeline>
<codeline lineno="61"><highlight class="normal"><sp/><sp/><sp/><sp/><sp/><sp/><sp/><sp/><sp/><sp/><sp/><sp/><sp/><sp/><sp/><sp/>RedirectStandardOutput<sp/>=<sp/></highlight><highlight class="keyword">true</highlight><highlight class="normal">,</highlight></codeline>
<codeline lineno="62"><highlight class="normal"><sp/><sp/><sp/><sp/><sp/><sp/><sp/><sp/><sp/><sp/><sp/><sp/><sp/><sp/><sp/><sp/>Arguments<sp/>=<sp/></highlight><highlight class="keywordtype">string</highlight><highlight class="normal">.Format(</highlight><highlight class="stringliteral">@&quot;-u{0}<sp/>-p{1}<sp/>-h{2}<sp/>{3}&quot;</highlight><highlight class="normal">,</highlight></codeline>
<codeline lineno="63"><highlight class="normal"><sp/><sp/><sp/><sp/><sp/><sp/><sp/><sp/><sp/><sp/><sp/><sp/><sp/><sp/><sp/><sp/>UserId,<sp/>Password,<sp/>Server,<sp/>Database),</highlight></codeline>
<codeline lineno="64"><highlight class="normal"><sp/><sp/><sp/><sp/><sp/><sp/><sp/><sp/><sp/><sp/><sp/><sp/><sp/><sp/><sp/><sp/>UseShellExecute<sp/>=<sp/></highlight><highlight class="keyword">false</highlight><highlight class="normal"></highlight></codeline>
<codeline lineno="65"><highlight class="normal"><sp/><sp/><sp/><sp/><sp/><sp/><sp/><sp/><sp/><sp/><sp/><sp/>};</highlight></codeline>
<codeline lineno="66"><highlight class="normal"><sp/><sp/><sp/><sp/><sp/><sp/><sp/><sp/><sp/><sp/><sp/><sp/>Process<sp/>process<sp/>=<sp/>Process.Start(psi);</highlight></codeline>
<codeline lineno="67"><highlight class="normal"></highlight><highlight class="preprocessor"><sp/><sp/><sp/><sp/><sp/><sp/><sp/><sp/><sp/><sp/><sp/><sp/>#endregion</highlight><highlight class="normal"></highlight></codeline>
<codeline lineno="68"><highlight class="normal"></highlight></codeline>
<codeline lineno="69"><highlight class="normal"></highlight><highlight class="preprocessor"><sp/><sp/><sp/><sp/><sp/><sp/><sp/><sp/><sp/><sp/><sp/><sp/>#region<sp/>Recive<sp/>data</highlight><highlight class="normal"></highlight></codeline>
<codeline lineno="70"><highlight class="normal"><sp/><sp/><sp/><sp/><sp/><sp/><sp/><sp/><sp/><sp/><sp/><sp/></highlight><highlight class="keywordtype">string</highlight><highlight class="normal"><sp/>output;</highlight></codeline>
<codeline lineno="71"><highlight class="normal"><sp/><sp/><sp/><sp/><sp/><sp/><sp/><sp/><sp/><sp/><sp/><sp/>output<sp/>=<sp/>process.StandardOutput.ReadToEnd();</highlight></codeline>
<codeline lineno="72"><highlight class="normal"></highlight><highlight class="preprocessor"><sp/><sp/><sp/><sp/><sp/><sp/><sp/><sp/><sp/><sp/><sp/><sp/>#endregion</highlight><highlight class="normal"></highlight></codeline>
<codeline lineno="73"><highlight class="normal"></highlight></codeline>
<codeline lineno="74"><highlight class="normal"></highlight><highlight class="preprocessor"><sp/><sp/><sp/><sp/><sp/><sp/><sp/><sp/><sp/><sp/><sp/><sp/>#region<sp/>Write<sp/>data<sp/>to<sp/>backup<sp/>file</highlight><highlight class="normal"></highlight></codeline>
<codeline lineno="75"><highlight class="normal"><sp/><sp/><sp/><sp/><sp/><sp/><sp/><sp/><sp/><sp/><sp/><sp/>StreamWriter<sp/>file<sp/>=<sp/></highlight><highlight class="keyword">new</highlight><highlight class="normal"><sp/>StreamWriter(path);</highlight></codeline>
<codeline lineno="76"><highlight class="normal"><sp/><sp/><sp/><sp/><sp/><sp/><sp/><sp/><sp/><sp/><sp/><sp/>file.WriteLine(output);</highlight></codeline>
<codeline lineno="77"><highlight class="normal"><sp/><sp/><sp/><sp/><sp/><sp/><sp/><sp/><sp/><sp/><sp/><sp/>file.Close();</highlight></codeline>
<codeline lineno="78"><highlight class="normal"></highlight><highlight class="preprocessor"><sp/><sp/><sp/><sp/><sp/><sp/><sp/><sp/><sp/><sp/><sp/><sp/>#endregion</highlight><highlight class="normal"></highlight></codeline>
<codeline lineno="79"><highlight class="normal"></highlight></codeline>
<codeline lineno="80"><highlight class="normal"></highlight><highlight class="preprocessor"><sp/><sp/><sp/><sp/><sp/><sp/><sp/><sp/><sp/><sp/><sp/><sp/>#region<sp/>Close<sp/>process</highlight><highlight class="normal"></highlight></codeline>
<codeline lineno="81"><highlight class="normal"><sp/><sp/><sp/><sp/><sp/><sp/><sp/><sp/><sp/><sp/><sp/><sp/>process.WaitForExit();</highlight></codeline>
<codeline lineno="82"><highlight class="normal"><sp/><sp/><sp/><sp/><sp/><sp/><sp/><sp/><sp/><sp/><sp/><sp/>process.Close();</highlight></codeline>
<codeline lineno="83"><highlight class="normal"></highlight><highlight class="preprocessor"><sp/><sp/><sp/><sp/><sp/><sp/><sp/><sp/><sp/><sp/><sp/><sp/>#endregion</highlight><highlight class="normal"></highlight></codeline>
<codeline lineno="84"><highlight class="normal"><sp/><sp/><sp/><sp/><sp/><sp/><sp/><sp/>}</highlight></codeline>
<codeline lineno="85"><highlight class="normal"></highlight></codeline>
<codeline lineno="90"><highlight class="normal"><sp/><sp/><sp/><sp/><sp/><sp/><sp/><sp/></highlight><highlight class="keyword">public</highlight><highlight class="normal"><sp/></highlight><highlight class="keywordtype">void</highlight><highlight class="normal"><sp/>Restore(</highlight><highlight class="keywordtype">string</highlight><highlight class="normal"><sp/>filePath)</highlight></codeline>
<codeline lineno="91"><highlight class="normal"><sp/><sp/><sp/><sp/><sp/><sp/><sp/><sp/>{</highlight></codeline>
<codeline lineno="92"><highlight class="normal"><sp/><sp/><sp/><sp/><sp/><sp/><sp/><sp/><sp/><sp/><sp/><sp/></highlight><highlight class="comment">//<sp/>Reading<sp/>backup<sp/>from<sp/>file.</highlight><highlight class="normal"></highlight></codeline>
<codeline lineno="93"><highlight class="normal"><sp/><sp/><sp/><sp/><sp/><sp/><sp/><sp/><sp/><sp/><sp/><sp/>StreamReader<sp/>file<sp/>=<sp/></highlight><highlight class="keyword">new</highlight><highlight class="normal"><sp/>StreamReader(filePath);</highlight></codeline>
<codeline lineno="94"><highlight class="normal"><sp/><sp/><sp/><sp/><sp/><sp/><sp/><sp/><sp/><sp/><sp/><sp/></highlight><highlight class="keywordtype">string</highlight><highlight class="normal"><sp/>input<sp/>=<sp/>file.ReadToEnd();</highlight></codeline>
<codeline lineno="95"><highlight class="normal"><sp/><sp/><sp/><sp/><sp/><sp/><sp/><sp/><sp/><sp/><sp/><sp/>file.Close();</highlight></codeline>
<codeline lineno="96"><highlight class="normal"></highlight></codeline>
<codeline lineno="97"><highlight class="normal"><sp/><sp/><sp/><sp/><sp/><sp/><sp/><sp/><sp/><sp/><sp/><sp/></highlight><highlight class="comment">//<sp/>Prepere<sp/>process<sp/>info.</highlight><highlight class="normal"></highlight></codeline>
<codeline lineno="98"><highlight class="normal"><sp/><sp/><sp/><sp/><sp/><sp/><sp/><sp/><sp/><sp/><sp/><sp/>ProcessStartInfo<sp/>psi<sp/>=<sp/></highlight><highlight class="keyword">new</highlight><highlight class="normal"><sp/>ProcessStartInfo</highlight></codeline>
<codeline lineno="99"><highlight class="normal"><sp/><sp/><sp/><sp/><sp/><sp/><sp/><sp/><sp/><sp/><sp/><sp/>{</highlight></codeline>
<codeline lineno="100"><highlight class="normal"><sp/><sp/><sp/><sp/><sp/><sp/><sp/><sp/><sp/><sp/><sp/><sp/><sp/><sp/><sp/><sp/>FileName<sp/>=<sp/></highlight><highlight class="stringliteral">&quot;mysql&quot;</highlight><highlight class="normal">,</highlight></codeline>
<codeline lineno="101"><highlight class="normal"><sp/><sp/><sp/><sp/><sp/><sp/><sp/><sp/><sp/><sp/><sp/><sp/><sp/><sp/><sp/><sp/>RedirectStandardInput<sp/>=<sp/></highlight><highlight class="keyword">true</highlight><highlight class="normal">,</highlight></codeline>
<codeline lineno="102"><highlight class="normal"><sp/><sp/><sp/><sp/><sp/><sp/><sp/><sp/><sp/><sp/><sp/><sp/><sp/><sp/><sp/><sp/>RedirectStandardOutput<sp/>=<sp/></highlight><highlight class="keyword">false</highlight><highlight class="normal">,</highlight></codeline>
<codeline lineno="103"><highlight class="normal"><sp/><sp/><sp/><sp/><sp/><sp/><sp/><sp/><sp/><sp/><sp/><sp/><sp/><sp/><sp/><sp/>Arguments<sp/>=<sp/></highlight><highlight class="keywordtype">string</highlight><highlight class="normal">.Format(</highlight><highlight class="stringliteral">@&quot;-u{0}<sp/>-p{1}<sp/>-h{2}<sp/>{3}&quot;</highlight><highlight class="normal">,</highlight></codeline>
<codeline lineno="104"><highlight class="normal"><sp/><sp/><sp/><sp/><sp/><sp/><sp/><sp/><sp/><sp/><sp/><sp/><sp/><sp/><sp/><sp/>UserId,<sp/>Password,<sp/>Server,<sp/>Database),</highlight></codeline>
<codeline lineno="105"><highlight class="normal"><sp/><sp/><sp/><sp/><sp/><sp/><sp/><sp/><sp/><sp/><sp/><sp/><sp/><sp/><sp/><sp/>UseShellExecute<sp/>=<sp/></highlight><highlight class="keyword">false</highlight><highlight class="normal"></highlight></codeline>
<codeline lineno="106"><highlight class="normal"><sp/><sp/><sp/><sp/><sp/><sp/><sp/><sp/><sp/><sp/><sp/><sp/>};</highlight></codeline>
<codeline lineno="107"><highlight class="normal"></highlight></codeline>
<codeline lineno="108"><highlight class="normal"><sp/><sp/><sp/><sp/><sp/><sp/><sp/><sp/><sp/><sp/><sp/><sp/></highlight><highlight class="comment">//<sp/>Starting<sp/>process<sp/>that<sp/>would<sp/>restore<sp/>data<sp/>from<sp/>backup<sp/>file.</highlight><highlight class="normal"></highlight></codeline>
<codeline lineno="109"><highlight class="normal"><sp/><sp/><sp/><sp/><sp/><sp/><sp/><sp/><sp/><sp/><sp/><sp/>Process<sp/>process<sp/>=<sp/>Process.Start(psi);</highlight></codeline>
<codeline lineno="110"><highlight class="normal"><sp/><sp/><sp/><sp/><sp/><sp/><sp/><sp/><sp/><sp/><sp/><sp/></highlight><highlight class="comment">//<sp/>Send<sp/>data.</highlight><highlight class="normal"></highlight></codeline>
<codeline lineno="111"><highlight class="normal"><sp/><sp/><sp/><sp/><sp/><sp/><sp/><sp/><sp/><sp/><sp/><sp/>process.StandardInput.WriteLine(input);</highlight></codeline>
<codeline lineno="112"><highlight class="normal"><sp/><sp/><sp/><sp/><sp/><sp/><sp/><sp/><sp/><sp/><sp/><sp/>process.StandardInput.Close();</highlight></codeline>
<codeline lineno="113"><highlight class="normal"><sp/><sp/><sp/><sp/><sp/><sp/><sp/><sp/><sp/><sp/><sp/><sp/></highlight><highlight class="comment">//<sp/>Close<sp/>process.</highlight><highlight class="normal"></highlight></codeline>
<codeline lineno="114"><highlight class="normal"><sp/><sp/><sp/><sp/><sp/><sp/><sp/><sp/><sp/><sp/><sp/><sp/>process.WaitForExit();</highlight></codeline>
<codeline lineno="115"><highlight class="normal"><sp/><sp/><sp/><sp/><sp/><sp/><sp/><sp/><sp/><sp/><sp/><sp/>process.Close();</highlight></codeline>
<codeline lineno="116"><highlight class="normal"><sp/><sp/><sp/><sp/><sp/><sp/><sp/><sp/>}</highlight></codeline>
<codeline lineno="117"><highlight class="normal"><sp/><sp/><sp/><sp/>}</highlight></codeline>
<codeline lineno="118"><highlight class="normal">}</highlight></codeline>
    </programlisting>
    <location file="D:/Work/GitHub/uniform-data-operator/SQL/MySQL/MySQLDataOperatorBackup.cs"/>
  </compounddef>
</doxygen>
