<?xml version='1.0' encoding='UTF-8' standalone='no'?>
<doxygen xmlns:xsi="http://www.w3.org/2001/XMLSchema-instance" xsi:noNamespaceSchemaLocation="compound.xsd" version="1.8.14">
  <compounddef id="d6/d56/struct_uniform_data_operator_1_1_assemblies_management_1_1_members_handler_1_1_runtime_attribute_info" kind="struct" language="C#" prot="public">
    <compoundname>UniformDataOperator::AssembliesManagement::MembersHandler::RuntimeAttributeInfo</compoundname>
      <sectiondef kind="property">
      <memberdef kind="property" id="d6/d56/struct_uniform_data_operator_1_1_assemblies_management_1_1_members_handler_1_1_runtime_attribute_info_1ad2bdc32de1197f2e1660f3b2d970a082" prot="public" static="no" readable="no" writable="no" gettable="yes" privategettable="no" protectedgettable="no" settable="no" privatesettable="yes" protectedsettable="no">
        <type>Type</type>
        <definition>Type UniformDataOperator.AssembliesManagement.MembersHandler.RuntimeAttributeInfo.AttributeType</definition>
        <argsstring></argsstring>
        <name>AttributeType</name>
        <briefdescription>
<para>A type of the attribute instance. </para>        </briefdescription>
        <detaileddescription>
        </detaileddescription>
        <inbodydescription>
        </inbodydescription>
        <location file="D:/Work/GitHub/uniform-data-operator/AssembliesManagement/MembersHandler.cs" line="331" column="1" bodyfile="D:/Work/GitHub/uniform-data-operator/AssembliesManagement/MembersHandler.cs" bodystart="331" bodyend="331"/>
      </memberdef>
      <memberdef kind="property" id="d6/d56/struct_uniform_data_operator_1_1_assemblies_management_1_1_members_handler_1_1_runtime_attribute_info_1afd71e1f3850bd096fb8e1bab8ecdc62b" prot="public" static="no" readable="no" writable="no" gettable="yes" privategettable="no" protectedgettable="no" settable="no" privatesettable="yes" protectedsettable="no">
        <type>object []</type>
        <definition>object [] UniformDataOperator.AssembliesManagement.MembersHandler.RuntimeAttributeInfo.Parameters</definition>
        <argsstring></argsstring>
        <name>Parameters</name>
        <briefdescription>
<para>Parameters applied to the attribute during instantiation type. </para>        </briefdescription>
        <detaileddescription>
        </detaileddescription>
        <inbodydescription>
        </inbodydescription>
        <location file="D:/Work/GitHub/uniform-data-operator/AssembliesManagement/MembersHandler.cs" line="336" column="1" bodyfile="D:/Work/GitHub/uniform-data-operator/AssembliesManagement/MembersHandler.cs" bodystart="336" bodyend="336"/>
      </memberdef>
      </sectiondef>
      <sectiondef kind="public-func">
      <memberdef kind="function" id="d6/d56/struct_uniform_data_operator_1_1_assemblies_management_1_1_members_handler_1_1_runtime_attribute_info_1a45baa9397521811a8e3bdc6cb2215067" prot="public" static="no" const="no" explicit="no" inline="yes" virt="non-virtual">
        <type></type>
        <definition>UniformDataOperator.AssembliesManagement.MembersHandler.RuntimeAttributeInfo.RuntimeAttributeInfo</definition>
        <argsstring>(Type attributeType, params object[] constructorParameters)</argsstring>
        <name>RuntimeAttributeInfo</name>
        <param>
          <type>Type</type>
          <declname>attributeType</declname>
        </param>
        <param>
          <type>params object []</type>
          <declname>constructorParameters</declname>
        </param>
        <briefdescription>
<para>Instiniate an infor of the runtime added attribute. </para>        </briefdescription>
        <detaileddescription>
<para><parameterlist kind="param"><parameteritem>
<parameternamelist>
<parametername>attributeType</parametername>
</parameternamelist>
<parameterdescription>
</parameterdescription>
</parameteritem>
<parameteritem>
<parameternamelist>
<parametername>constructorParameters</parametername>
</parameternamelist>
<parameterdescription>
</parameterdescription>
</parameteritem>
</parameterlist>
</para>        </detaileddescription>
        <inbodydescription>
        </inbodydescription>
        <location file="D:/Work/GitHub/uniform-data-operator/AssembliesManagement/MembersHandler.cs" line="343" column="1" bodyfile="D:/Work/GitHub/uniform-data-operator/AssembliesManagement/MembersHandler.cs" bodystart="343" bodyend="347"/>
      </memberdef>
      </sectiondef>
    <briefdescription>
<para>A metadata about a runtime added attribute. </para>    </briefdescription>
    <detaileddescription>
    </detaileddescription>
    <location file="D:/Work/GitHub/uniform-data-operator/AssembliesManagement/MembersHandler.cs" line="327" column="1" bodyfile="D:/Work/GitHub/uniform-data-operator/AssembliesManagement/MembersHandler.cs" bodystart="326" bodyend="348"/>
    <listofallmembers>
      <member refid="d6/d56/struct_uniform_data_operator_1_1_assemblies_management_1_1_members_handler_1_1_runtime_attribute_info_1ad2bdc32de1197f2e1660f3b2d970a082" prot="public" virt="non-virtual"><scope>UniformDataOperator::AssembliesManagement::MembersHandler::RuntimeAttributeInfo</scope><name>AttributeType</name></member>
      <member refid="d6/d56/struct_uniform_data_operator_1_1_assemblies_management_1_1_members_handler_1_1_runtime_attribute_info_1afd71e1f3850bd096fb8e1bab8ecdc62b" prot="public" virt="non-virtual"><scope>UniformDataOperator::AssembliesManagement::MembersHandler::RuntimeAttributeInfo</scope><name>Parameters</name></member>
      <member refid="d6/d56/struct_uniform_data_operator_1_1_assemblies_management_1_1_members_handler_1_1_runtime_attribute_info_1a45baa9397521811a8e3bdc6cb2215067" prot="public" virt="non-virtual"><scope>UniformDataOperator::AssembliesManagement::MembersHandler::RuntimeAttributeInfo</scope><name>RuntimeAttributeInfo</name></member>
    </listofallmembers>
  </compounddef>
</doxygen>
