<?xml version='1.0' encoding='UTF-8' standalone='no'?>
<doxygen xmlns:xsi="http://www.w3.org/2001/XMLSchema-instance" xsi:noNamespaceSchemaLocation="compound.xsd" version="1.8.14">
  <compounddef id="de/d66/namespace_uniform_data_operator" kind="namespace" language="C#">
    <compoundname>UniformDataOperator</compoundname>
    <innernamespace refid="d4/d07/namespace_uniform_data_operator_1_1_assemblies_management">UniformDataOperator::AssembliesManagement</innernamespace>
    <innernamespace refid="da/d8e/namespace_uniform_data_operator_1_1_binary">UniformDataOperator::Binary</innernamespace>
    <innernamespace refid="da/dc4/namespace_uniform_data_operator_1_1_sql">UniformDataOperator::Sql</innernamespace>
    <briefdescription>
    </briefdescription>
    <detaileddescription>
    </detaileddescription>
    <location file="[generated]" line="1" column="1"/>
  </compounddef>
</doxygen>
