<?xml version='1.0' encoding='UTF-8' standalone='no'?>
<doxygen xmlns:xsi="http://www.w3.org/2001/XMLSchema-instance" xsi:noNamespaceSchemaLocation="compound.xsd" version="1.8.14">
  <compounddef id="d9/dd6/namespace_system_1_1_i_o_1_1_pipes" kind="namespace" language="Unknown">
    <compoundname>System::IO::Pipes</compoundname>
    <briefdescription>
    </briefdescription>
    <detaileddescription>
    </detaileddescription>
    <location file="D:/Work/GitHub/uniform-data-operator/Binary/IO/StreamHandler.cs" line="19" column="1"/>
  </compounddef>
</doxygen>
