<?xml version='1.0' encoding='UTF-8' standalone='no'?>
<doxygen xmlns:xsi="http://www.w3.org/2001/XMLSchema-instance" xsi:noNamespaceSchemaLocation="compound.xsd" version="1.8.14">
  <compounddef id="d5/dc1/class_uniform_data_operator_1_1_binary_1_1_binary_handler" kind="class" language="C#" prot="public">
    <compoundname>UniformDataOperator::Binary::BinaryHandler</compoundname>
      <sectiondef kind="private-static-func">
      <memberdef kind="function" id="d5/dc1/class_uniform_data_operator_1_1_binary_1_1_binary_handler_1a3c4d62809082682bf2bb1bf644df6134" prot="private" static="yes" const="no" explicit="no" inline="yes" virt="non-virtual">
        <type>static</type>
        <definition>static UniformDataOperator.Binary.BinaryHandler.BinaryHandler</definition>
        <argsstring>()</argsstring>
        <name>BinaryHandler</name>
        <briefdescription>
        </briefdescription>
        <detaileddescription>
        </detaileddescription>
        <inbodydescription>
        </inbodydescription>
        <location file="D:/Work/GitHub/uniform-data-operator/Binary/BinaryHandler.cs" line="34" column="1" bodyfile="D:/Work/GitHub/uniform-data-operator/Binary/BinaryHandler.cs" bodystart="34" bodyend="38"/>
      </memberdef>
      <memberdef kind="function" id="d5/dc1/class_uniform_data_operator_1_1_binary_1_1_binary_handler_1a7fa6cdd576cd1597bc1107186ec1e730" prot="private" static="yes" const="no" explicit="no" inline="yes" virt="non-virtual">
        <type>Assembly</type>
        <definition>static Assembly UniformDataOperator.Binary.BinaryHandler.CurrentDomain_AssemblyResolve</definition>
        <argsstring>(object sender, ResolveEventArgs args)</argsstring>
        <name>CurrentDomain_AssemblyResolve</name>
        <param>
          <type>object</type>
          <declname>sender</declname>
        </param>
        <param>
          <type>ResolveEventArgs</type>
          <declname>args</declname>
        </param>
        <briefdescription>
<para>Occurs when assebly access is failed. </para>        </briefdescription>
        <detaileddescription>
<para><parameterlist kind="param"><parameteritem>
<parameternamelist>
<parametername>sender</parametername>
</parameternamelist>
<parameterdescription>
<para>Object that initiate that event.</para></parameterdescription>
</parameteritem>
<parameteritem>
<parameternamelist>
<parametername>args</parametername>
</parameternamelist>
<parameterdescription>
<para>Data about target requested assebly.</para></parameterdescription>
</parameteritem>
</parameterlist>
<simplesect kind="return"><para></para></simplesect>
</para>        </detaileddescription>
        <inbodydescription>
        </inbodydescription>
        <location file="D:/Work/GitHub/uniform-data-operator/Binary/BinaryHandler.cs" line="46" column="1" bodyfile="D:/Work/GitHub/uniform-data-operator/Binary/BinaryHandler.cs" bodystart="46" bodyend="69"/>
      </memberdef>
      </sectiondef>
      <sectiondef kind="public-static-func">
      <memberdef kind="function" id="d5/dc1/class_uniform_data_operator_1_1_binary_1_1_binary_handler_1abe3a726c904b29b5817e0ad39a4e1463" prot="public" static="yes" const="no" explicit="no" inline="yes" virt="non-virtual">
        <type>byte []</type>
        <definition>static byte [] UniformDataOperator.Binary.BinaryHandler.ToByteArray</definition>
        <argsstring>(object obj)</argsstring>
        <name>ToByteArray</name>
        <param>
          <type>object</type>
          <declname>obj</declname>
        </param>
        <briefdescription>
<para>Convert object to bytes array. </para>        </briefdescription>
        <detaileddescription>
<para><parameterlist kind="param"><parameteritem>
<parameternamelist>
<parametername>obj</parametername>
</parameternamelist>
<parameterdescription>
<para>Object for serialization.</para></parameterdescription>
</parameteritem>
</parameterlist>
<simplesect kind="return"><para><ref refid="da/d8e/namespace_uniform_data_operator_1_1_binary" kindref="compound">Binary</ref> data</para></simplesect>
</para>        </detaileddescription>
        <inbodydescription>
        </inbodydescription>
        <location file="D:/Work/GitHub/uniform-data-operator/Binary/BinaryHandler.cs" line="77" column="1" bodyfile="D:/Work/GitHub/uniform-data-operator/Binary/BinaryHandler.cs" bodystart="77" bodyend="87"/>
      </memberdef>
      <memberdef kind="function" id="d5/dc1/class_uniform_data_operator_1_1_binary_1_1_binary_handler_1a31772237797bd25f97b204b74289df70" prot="public" static="yes" const="no" explicit="no" inline="yes" virt="non-virtual">
        <type>T</type>
        <definition>static T UniformDataOperator.Binary.BinaryHandler.FromByteArray&lt; T &gt;</definition>
        <argsstring>(byte[] data)</argsstring>
        <name>FromByteArray&lt; T &gt;</name>
        <param>
          <type>byte []</type>
          <declname>data</declname>
        </param>
        <briefdescription>
<para>Convert bytes array to object. </para>        </briefdescription>
        <detaileddescription>
<para><parameterlist kind="templateparam"><parameteritem>
<parameternamelist>
<parametername>T</parametername>
</parameternamelist>
<parameterdescription>
<para>Type of target object.</para></parameterdescription>
</parameteritem>
</parameterlist>
<parameterlist kind="param"><parameteritem>
<parameternamelist>
<parametername>data</parametername>
</parameternamelist>
<parameterdescription>
<para><ref refid="da/d8e/namespace_uniform_data_operator_1_1_binary" kindref="compound">Binary</ref> data.</para></parameterdescription>
</parameteritem>
</parameterlist>
<simplesect kind="return"><para>Deserialized object.</para></simplesect>
</para>        </detaileddescription>
        <inbodydescription>
        </inbodydescription>
        <location file="D:/Work/GitHub/uniform-data-operator/Binary/BinaryHandler.cs" line="95" column="1" bodyfile="D:/Work/GitHub/uniform-data-operator/Binary/BinaryHandler.cs" bodystart="95" bodyend="114"/>
      </memberdef>
      <memberdef kind="function" id="d5/dc1/class_uniform_data_operator_1_1_binary_1_1_binary_handler_1ac3bd422de667147216fead7602828f3a" prot="public" static="yes" const="no" explicit="no" inline="yes" virt="non-virtual">
        <type>object</type>
        <definition>static object UniformDataOperator.Binary.BinaryHandler.FromByteArray</definition>
        <argsstring>(byte[] data)</argsstring>
        <name>FromByteArray</name>
        <param>
          <type>byte []</type>
          <declname>data</declname>
        </param>
        <briefdescription>
<para>Convert bytes array to object. </para>        </briefdescription>
        <detaileddescription>
<para><parameterlist kind="param"><parameteritem>
<parameternamelist>
<parametername>data</parametername>
</parameternamelist>
<parameterdescription>
<para><ref refid="da/d8e/namespace_uniform_data_operator_1_1_binary" kindref="compound">Binary</ref> data.</para></parameterdescription>
</parameteritem>
</parameterlist>
<simplesect kind="return"><para>Deserialized object.</para></simplesect>
</para>        </detaileddescription>
        <inbodydescription>
        </inbodydescription>
        <location file="D:/Work/GitHub/uniform-data-operator/Binary/BinaryHandler.cs" line="121" column="1" bodyfile="D:/Work/GitHub/uniform-data-operator/Binary/BinaryHandler.cs" bodystart="121" bodyend="149"/>
      </memberdef>
      </sectiondef>
    <briefdescription>
<para>Provide API to working with binary files. </para>    </briefdescription>
    <detaileddescription>
    </detaileddescription>
    <location file="D:/Work/GitHub/uniform-data-operator/Binary/BinaryHandler.cs" line="33" column="1" bodyfile="D:/Work/GitHub/uniform-data-operator/Binary/BinaryHandler.cs" bodystart="32" bodyend="151"/>
    <listofallmembers>
      <member refid="d5/dc1/class_uniform_data_operator_1_1_binary_1_1_binary_handler_1a3c4d62809082682bf2bb1bf644df6134" prot="private" virt="non-virtual"><scope>UniformDataOperator::Binary::BinaryHandler</scope><name>BinaryHandler</name></member>
      <member refid="d5/dc1/class_uniform_data_operator_1_1_binary_1_1_binary_handler_1a7fa6cdd576cd1597bc1107186ec1e730" prot="private" virt="non-virtual"><scope>UniformDataOperator::Binary::BinaryHandler</scope><name>CurrentDomain_AssemblyResolve</name></member>
      <member refid="d5/dc1/class_uniform_data_operator_1_1_binary_1_1_binary_handler_1ac3bd422de667147216fead7602828f3a" prot="public" virt="non-virtual"><scope>UniformDataOperator::Binary::BinaryHandler</scope><name>FromByteArray</name></member>
      <member refid="d5/dc1/class_uniform_data_operator_1_1_binary_1_1_binary_handler_1a31772237797bd25f97b204b74289df70" prot="public" virt="non-virtual"><scope>UniformDataOperator::Binary::BinaryHandler</scope><name>FromByteArray&lt; T &gt;</name></member>
      <member refid="d5/dc1/class_uniform_data_operator_1_1_binary_1_1_binary_handler_1abe3a726c904b29b5817e0ad39a4e1463" prot="public" virt="non-virtual"><scope>UniformDataOperator::Binary::BinaryHandler</scope><name>ToByteArray</name></member>
    </listofallmembers>
  </compounddef>
</doxygen>
