<?xml version='1.0' encoding='UTF-8' standalone='no'?>
<doxygen xmlns:xsi="http://www.w3.org/2001/XMLSchema-instance" xsi:noNamespaceSchemaLocation="compound.xsd" version="1.8.14">
  <compounddef id="d6/dc8/_my_s_q_l_data_operator_connection_8cs" kind="file" language="C#">
    <compoundname>MySQLDataOperatorConnection.cs</compoundname>
    <innerclass refid="d5/d34/class_uniform_data_operator_1_1_sql_1_1_my_sql_1_1_my_sql_data_operator" prot="public">UniformDataOperator::Sql::MySql::MySqlDataOperator</innerclass>
    <innernamespace refid="d1/d09/namespace_uniform_data_operator_1_1_sql_1_1_my_sql">UniformDataOperator::Sql::MySql</innernamespace>
    <briefdescription>
    </briefdescription>
    <detaileddescription>
    </detaileddescription>
    <programlisting>
<codeline lineno="1"><highlight class="comment">//Copyright<sp/>2019<sp/>Volodymyr<sp/>Podshyvalov</highlight><highlight class="normal"></highlight></codeline>
<codeline lineno="2"><highlight class="normal"></highlight><highlight class="comment">//</highlight><highlight class="normal"></highlight></codeline>
<codeline lineno="3"><highlight class="normal"></highlight><highlight class="comment">//Licensed<sp/>under<sp/>the<sp/>Apache<sp/>License,<sp/>Version<sp/>2.0<sp/>(the<sp/>&quot;License&quot;);</highlight><highlight class="normal"></highlight></codeline>
<codeline lineno="4"><highlight class="normal"></highlight><highlight class="comment">//you<sp/>may<sp/>not<sp/>use<sp/>this<sp/>file<sp/>except<sp/>in<sp/>compliance<sp/>with<sp/>the<sp/>License.</highlight><highlight class="normal"></highlight></codeline>
<codeline lineno="5"><highlight class="normal"></highlight><highlight class="comment">//You<sp/>may<sp/>obtain<sp/>a<sp/>copy<sp/>of<sp/>the<sp/>License<sp/>at</highlight><highlight class="normal"></highlight></codeline>
<codeline lineno="6"><highlight class="normal"></highlight><highlight class="comment">//</highlight><highlight class="normal"></highlight></codeline>
<codeline lineno="7"><highlight class="normal"></highlight><highlight class="comment">//<sp/><sp/><sp/><sp/>http://www.apache.org/licenses/LICENSE-2.0</highlight><highlight class="normal"></highlight></codeline>
<codeline lineno="8"><highlight class="normal"></highlight><highlight class="comment">//</highlight><highlight class="normal"></highlight></codeline>
<codeline lineno="9"><highlight class="normal"></highlight><highlight class="comment">//Unless<sp/>required<sp/>by<sp/>applicable<sp/>law<sp/>or<sp/>agreed<sp/>to<sp/>in<sp/>writing,<sp/>software</highlight><highlight class="normal"></highlight></codeline>
<codeline lineno="10"><highlight class="normal"></highlight><highlight class="comment">//distributed<sp/>under<sp/>the<sp/>License<sp/>is<sp/>distributed<sp/>on<sp/>an<sp/>&quot;AS<sp/>IS&quot;<sp/>BASIS,</highlight><highlight class="normal"></highlight></codeline>
<codeline lineno="11"><highlight class="normal"></highlight><highlight class="comment">//WITHOUT<sp/>WARRANTIES<sp/>OR<sp/>CONDITIONS<sp/>OF<sp/>ANY<sp/>KIND,<sp/>either<sp/>express<sp/>or<sp/>implied.</highlight><highlight class="normal"></highlight></codeline>
<codeline lineno="12"><highlight class="normal"></highlight><highlight class="comment">//See<sp/>the<sp/>License<sp/>for<sp/>the<sp/>specific<sp/>language<sp/>governing<sp/>permissions<sp/>and</highlight><highlight class="normal"></highlight></codeline>
<codeline lineno="13"><highlight class="normal"></highlight><highlight class="comment">//limitations<sp/>under<sp/>the<sp/>License.</highlight><highlight class="normal"></highlight></codeline>
<codeline lineno="14"><highlight class="normal"></highlight></codeline>
<codeline lineno="15"><highlight class="normal"></highlight><highlight class="keyword">using</highlight><highlight class="normal"><sp/><ref refid="d8/dd0/namespace_system" kindref="compound">System</ref>;</highlight></codeline>
<codeline lineno="16"><highlight class="normal"></highlight><highlight class="keyword">using</highlight><highlight class="normal"><sp/><ref refid="d8/dd0/namespace_system" kindref="compound">System</ref>.Reflection;</highlight></codeline>
<codeline lineno="17"><highlight class="normal"></highlight><highlight class="keyword">using</highlight><highlight class="normal"><sp/><ref refid="d8/dd0/namespace_system" kindref="compound">System</ref>.IO;</highlight></codeline>
<codeline lineno="18"><highlight class="normal"></highlight><highlight class="keyword">using</highlight><highlight class="normal"><sp/><ref refid="d8/dd0/namespace_system" kindref="compound">System</ref>.Diagnostics;</highlight></codeline>
<codeline lineno="19"><highlight class="normal"></highlight><highlight class="keyword">using</highlight><highlight class="normal"><sp/><ref refid="d8/dd0/namespace_system" kindref="compound">System</ref>.Collections.Generic;</highlight></codeline>
<codeline lineno="20"><highlight class="normal"></highlight><highlight class="keyword">using</highlight><highlight class="normal"><sp/><ref refid="d8/dd0/namespace_system" kindref="compound">System</ref>.Data.Common;</highlight></codeline>
<codeline lineno="21"><highlight class="normal"></highlight><highlight class="keyword">using</highlight><highlight class="normal"><sp/><ref refid="d8/dd0/namespace_system" kindref="compound">System</ref>.Linq;</highlight></codeline>
<codeline lineno="22"><highlight class="normal"></highlight><highlight class="keyword">using</highlight><highlight class="normal"><sp/><ref refid="d8/dd0/namespace_system" kindref="compound">System</ref>.Text;</highlight></codeline>
<codeline lineno="23"><highlight class="normal"></highlight><highlight class="keyword">using</highlight><highlight class="normal"><sp/><ref refid="d8/dd0/namespace_system" kindref="compound">System</ref>.Threading.Tasks;</highlight></codeline>
<codeline lineno="24"><highlight class="normal"></highlight><highlight class="keyword">using</highlight><highlight class="normal"><sp/>MySql.Data.MySqlClient;</highlight></codeline>
<codeline lineno="25"><highlight class="normal"></highlight><highlight class="keyword">using</highlight><highlight class="normal"><sp/><ref refid="de/d66/namespace_uniform_data_operator" kindref="compound">UniformDataOperator</ref>.<ref refid="da/dc4/namespace_uniform_data_operator_1_1_sql" kindref="compound">Sql</ref>.<ref refid="de/d8b/namespace_uniform_data_operator_1_1_sql_1_1_markup" kindref="compound">Markup</ref>;</highlight></codeline>
<codeline lineno="26"><highlight class="normal"></highlight></codeline>
<codeline lineno="27"><highlight class="normal"></highlight><highlight class="keyword">namespace<sp/></highlight><highlight class="normal"><ref refid="de/d66/namespace_uniform_data_operator" kindref="compound">UniformDataOperator</ref>.Sql.MySql</highlight></codeline>
<codeline lineno="28"><highlight class="normal">{</highlight></codeline>
<codeline lineno="32"><highlight class="normal"><sp/><sp/><sp/><sp/></highlight><highlight class="keyword">public</highlight><highlight class="normal"><sp/></highlight><highlight class="keyword">partial<sp/>class<sp/></highlight><highlight class="normal">MySqlDataOperator<sp/>:<sp/>ISqlOperator</highlight></codeline>
<codeline lineno="33"><highlight class="normal"><sp/><sp/><sp/><sp/>{</highlight></codeline>
<codeline lineno="39"><highlight class="normal"><sp/><sp/><sp/><sp/><sp/><sp/><sp/><sp/></highlight><highlight class="keyword">public</highlight><highlight class="normal"><sp/></highlight><highlight class="keywordtype">bool</highlight><highlight class="normal"><sp/>OpenConnection(out<sp/></highlight><highlight class="keywordtype">string</highlight><highlight class="normal"><sp/>error)</highlight></codeline>
<codeline lineno="40"><highlight class="normal"><sp/><sp/><sp/><sp/><sp/><sp/><sp/><sp/>{</highlight></codeline>
<codeline lineno="41"><highlight class="normal"><sp/><sp/><sp/><sp/><sp/><sp/><sp/><sp/><sp/><sp/><sp/><sp/>error<sp/>=<sp/>null;</highlight></codeline>
<codeline lineno="42"><highlight class="normal"><sp/><sp/><sp/><sp/><sp/><sp/><sp/><sp/><sp/><sp/><sp/><sp/></highlight><highlight class="keywordflow">try</highlight><highlight class="normal"></highlight></codeline>
<codeline lineno="43"><highlight class="normal"><sp/><sp/><sp/><sp/><sp/><sp/><sp/><sp/><sp/><sp/><sp/><sp/>{</highlight></codeline>
<codeline lineno="44"><highlight class="normal"><sp/><sp/><sp/><sp/><sp/><sp/><sp/><sp/><sp/><sp/><sp/><sp/><sp/><sp/><sp/><sp/>Connection.Open();</highlight></codeline>
<codeline lineno="45"><highlight class="normal"><sp/><sp/><sp/><sp/><sp/><sp/><sp/><sp/><sp/><sp/><sp/><sp/><sp/><sp/><sp/><sp/></highlight><highlight class="keywordflow">return</highlight><highlight class="normal"><sp/></highlight><highlight class="keyword">true</highlight><highlight class="normal">;</highlight></codeline>
<codeline lineno="46"><highlight class="normal"><sp/><sp/><sp/><sp/><sp/><sp/><sp/><sp/><sp/><sp/><sp/><sp/>}</highlight></codeline>
<codeline lineno="47"><highlight class="normal"><sp/><sp/><sp/><sp/><sp/><sp/><sp/><sp/><sp/><sp/><sp/><sp/></highlight><highlight class="keywordflow">catch</highlight><highlight class="normal"><sp/>(MySqlException<sp/>ex)</highlight></codeline>
<codeline lineno="48"><highlight class="normal"><sp/><sp/><sp/><sp/><sp/><sp/><sp/><sp/><sp/><sp/><sp/><sp/>{</highlight></codeline>
<codeline lineno="49"><highlight class="normal"><sp/><sp/><sp/><sp/><sp/><sp/><sp/><sp/><sp/><sp/><sp/><sp/><sp/><sp/><sp/><sp/>error<sp/>=<sp/></highlight><highlight class="stringliteral">&quot;Error<sp/>not<sp/>defined.&quot;</highlight><highlight class="normal">;</highlight></codeline>
<codeline lineno="50"><highlight class="normal"></highlight></codeline>
<codeline lineno="51"><highlight class="normal"><sp/><sp/><sp/><sp/><sp/><sp/><sp/><sp/><sp/><sp/><sp/><sp/><sp/><sp/><sp/><sp/></highlight><highlight class="comment">//When<sp/>handling<sp/>errors,<sp/>you<sp/>can<sp/>your<sp/>application&apos;s<sp/>response<sp/>based<sp/></highlight><highlight class="normal"></highlight></codeline>
<codeline lineno="52"><highlight class="normal"><sp/><sp/><sp/><sp/><sp/><sp/><sp/><sp/><sp/><sp/><sp/><sp/><sp/><sp/><sp/><sp/></highlight><highlight class="comment">//on<sp/>the<sp/>error<sp/>number.</highlight><highlight class="normal"></highlight></codeline>
<codeline lineno="53"><highlight class="normal"><sp/><sp/><sp/><sp/><sp/><sp/><sp/><sp/><sp/><sp/><sp/><sp/><sp/><sp/><sp/><sp/></highlight><highlight class="comment">//The<sp/>two<sp/>most<sp/>common<sp/>error<sp/>numbers<sp/>when<sp/>connecting<sp/>are<sp/>as<sp/>follows:</highlight><highlight class="normal"></highlight></codeline>
<codeline lineno="54"><highlight class="normal"><sp/><sp/><sp/><sp/><sp/><sp/><sp/><sp/><sp/><sp/><sp/><sp/><sp/><sp/><sp/><sp/></highlight><highlight class="comment">//0:<sp/>Cannot<sp/>connect<sp/>to<sp/>server.</highlight><highlight class="normal"></highlight></codeline>
<codeline lineno="55"><highlight class="normal"><sp/><sp/><sp/><sp/><sp/><sp/><sp/><sp/><sp/><sp/><sp/><sp/><sp/><sp/><sp/><sp/></highlight><highlight class="comment">//1045:<sp/>Invalid<sp/>user<sp/>name<sp/>and/or<sp/>password.</highlight><highlight class="normal"></highlight></codeline>
<codeline lineno="56"><highlight class="normal"><sp/><sp/><sp/><sp/><sp/><sp/><sp/><sp/><sp/><sp/><sp/><sp/><sp/><sp/><sp/><sp/></highlight><highlight class="keywordflow">switch</highlight><highlight class="normal"><sp/>(ex.Number)</highlight></codeline>
<codeline lineno="57"><highlight class="normal"><sp/><sp/><sp/><sp/><sp/><sp/><sp/><sp/><sp/><sp/><sp/><sp/><sp/><sp/><sp/><sp/>{</highlight></codeline>
<codeline lineno="58"><highlight class="normal"><sp/><sp/><sp/><sp/><sp/><sp/><sp/><sp/><sp/><sp/><sp/><sp/><sp/><sp/><sp/><sp/><sp/><sp/><sp/><sp/></highlight><highlight class="keywordflow">case</highlight><highlight class="normal"><sp/>0:</highlight></codeline>
<codeline lineno="59"><highlight class="normal"><sp/><sp/><sp/><sp/><sp/><sp/><sp/><sp/><sp/><sp/><sp/><sp/><sp/><sp/><sp/><sp/><sp/><sp/><sp/><sp/><sp/><sp/><sp/><sp/>error<sp/>=<sp/></highlight><highlight class="stringliteral">&quot;Cannot<sp/>connect<sp/>to<sp/>server.<sp/>Contact<sp/>administrator.\n&quot;</highlight><highlight class="normal"><sp/>+<sp/>ex.Message;</highlight></codeline>
<codeline lineno="60"><highlight class="normal"><sp/><sp/><sp/><sp/><sp/><sp/><sp/><sp/><sp/><sp/><sp/><sp/><sp/><sp/><sp/><sp/><sp/><sp/><sp/><sp/><sp/><sp/><sp/><sp/></highlight><highlight class="keywordflow">break</highlight><highlight class="normal">;</highlight></codeline>
<codeline lineno="61"><highlight class="normal"></highlight></codeline>
<codeline lineno="62"><highlight class="normal"><sp/><sp/><sp/><sp/><sp/><sp/><sp/><sp/><sp/><sp/><sp/><sp/><sp/><sp/><sp/><sp/><sp/><sp/><sp/><sp/></highlight><highlight class="keywordflow">case</highlight><highlight class="normal"><sp/>1045:</highlight></codeline>
<codeline lineno="63"><highlight class="normal"><sp/><sp/><sp/><sp/><sp/><sp/><sp/><sp/><sp/><sp/><sp/><sp/><sp/><sp/><sp/><sp/><sp/><sp/><sp/><sp/><sp/><sp/><sp/><sp/>error<sp/>=<sp/></highlight><highlight class="stringliteral">&quot;Invalid<sp/>username/password,<sp/>please<sp/>try<sp/>again.\n&quot;</highlight><highlight class="normal"><sp/>+<sp/>ex.Message;</highlight></codeline>
<codeline lineno="64"><highlight class="normal"><sp/><sp/><sp/><sp/><sp/><sp/><sp/><sp/><sp/><sp/><sp/><sp/><sp/><sp/><sp/><sp/><sp/><sp/><sp/><sp/><sp/><sp/><sp/><sp/></highlight><highlight class="keywordflow">break</highlight><highlight class="normal">;</highlight></codeline>
<codeline lineno="65"><highlight class="normal"><sp/><sp/><sp/><sp/><sp/><sp/><sp/><sp/><sp/><sp/><sp/><sp/><sp/><sp/><sp/><sp/>}</highlight></codeline>
<codeline lineno="66"><highlight class="normal"></highlight></codeline>
<codeline lineno="67"><highlight class="normal"><sp/><sp/><sp/><sp/><sp/><sp/><sp/><sp/><sp/><sp/><sp/><sp/><sp/><sp/><sp/><sp/>Console.WriteLine(error);</highlight></codeline>
<codeline lineno="68"><highlight class="normal"><sp/><sp/><sp/><sp/><sp/><sp/><sp/><sp/><sp/><sp/><sp/><sp/><sp/><sp/><sp/><sp/></highlight><highlight class="keywordflow">return</highlight><highlight class="normal"><sp/></highlight><highlight class="keyword">false</highlight><highlight class="normal">;</highlight></codeline>
<codeline lineno="69"><highlight class="normal"><sp/><sp/><sp/><sp/><sp/><sp/><sp/><sp/><sp/><sp/><sp/><sp/>}</highlight></codeline>
<codeline lineno="70"><highlight class="normal"><sp/><sp/><sp/><sp/><sp/><sp/><sp/><sp/>}</highlight></codeline>
<codeline lineno="71"><highlight class="normal"></highlight></codeline>
<codeline lineno="76"><highlight class="normal"><sp/><sp/><sp/><sp/><sp/><sp/><sp/><sp/></highlight><highlight class="keyword">public</highlight><highlight class="normal"><sp/></highlight><highlight class="keywordtype">bool</highlight><highlight class="normal"><sp/>CloseConnection()</highlight></codeline>
<codeline lineno="77"><highlight class="normal"><sp/><sp/><sp/><sp/><sp/><sp/><sp/><sp/>{</highlight></codeline>
<codeline lineno="78"><highlight class="normal"><sp/><sp/><sp/><sp/><sp/><sp/><sp/><sp/><sp/><sp/><sp/><sp/></highlight><highlight class="keywordflow">try</highlight><highlight class="normal"></highlight></codeline>
<codeline lineno="79"><highlight class="normal"><sp/><sp/><sp/><sp/><sp/><sp/><sp/><sp/><sp/><sp/><sp/><sp/>{</highlight></codeline>
<codeline lineno="80"><highlight class="normal"><sp/><sp/><sp/><sp/><sp/><sp/><sp/><sp/><sp/><sp/><sp/><sp/><sp/><sp/><sp/><sp/>connection.Close();</highlight></codeline>
<codeline lineno="81"><highlight class="normal"><sp/><sp/><sp/><sp/><sp/><sp/><sp/><sp/><sp/><sp/><sp/><sp/><sp/><sp/><sp/><sp/></highlight><highlight class="keywordflow">return</highlight><highlight class="normal"><sp/></highlight><highlight class="keyword">true</highlight><highlight class="normal">;</highlight></codeline>
<codeline lineno="82"><highlight class="normal"><sp/><sp/><sp/><sp/><sp/><sp/><sp/><sp/><sp/><sp/><sp/><sp/>}</highlight></codeline>
<codeline lineno="83"><highlight class="normal"><sp/><sp/><sp/><sp/><sp/><sp/><sp/><sp/><sp/><sp/><sp/><sp/></highlight><highlight class="keywordflow">catch</highlight><highlight class="normal"><sp/>(MySqlException<sp/>ex)</highlight></codeline>
<codeline lineno="84"><highlight class="normal"><sp/><sp/><sp/><sp/><sp/><sp/><sp/><sp/><sp/><sp/><sp/><sp/>{</highlight></codeline>
<codeline lineno="85"><highlight class="normal"><sp/><sp/><sp/><sp/><sp/><sp/><sp/><sp/><sp/><sp/><sp/><sp/><sp/><sp/><sp/><sp/>Console.WriteLine(ex.Message);</highlight></codeline>
<codeline lineno="86"><highlight class="normal"><sp/><sp/><sp/><sp/><sp/><sp/><sp/><sp/><sp/><sp/><sp/><sp/><sp/><sp/><sp/><sp/></highlight><highlight class="keywordflow">return</highlight><highlight class="normal"><sp/></highlight><highlight class="keyword">false</highlight><highlight class="normal">;</highlight></codeline>
<codeline lineno="87"><highlight class="normal"><sp/><sp/><sp/><sp/><sp/><sp/><sp/><sp/><sp/><sp/><sp/><sp/>}</highlight></codeline>
<codeline lineno="88"><highlight class="normal"><sp/><sp/><sp/><sp/><sp/><sp/><sp/><sp/>}</highlight></codeline>
<codeline lineno="89"><highlight class="normal"><sp/><sp/><sp/><sp/>}</highlight></codeline>
<codeline lineno="90"><highlight class="normal">}</highlight></codeline>
    </programlisting>
    <location file="D:/Work/GitHub/uniform-data-operator/SQL/MySQL/MySQLDataOperatorConnection.cs"/>
  </compounddef>
</doxygen>
