<?xml version='1.0' encoding='UTF-8' standalone='no'?>
<doxygen xmlns:xsi="http://www.w3.org/2001/XMLSchema-instance" xsi:noNamespaceSchemaLocation="compound.xsd" version="1.8.14">
  <compounddef id="d0/db7/namespace_system_1_1_reflection_1_1_emit" kind="namespace" language="Unknown">
    <compoundname>System::Reflection::Emit</compoundname>
    <briefdescription>
    </briefdescription>
    <detaileddescription>
    </detaileddescription>
    <location file="D:/Work/GitHub/uniform-data-operator/AssembliesManagement/MembersHandler.cs" line="21" column="1"/>
  </compounddef>
</doxygen>
