<?xml version='1.0' encoding='UTF-8' standalone='no'?>
<doxygen xmlns:xsi="http://www.w3.org/2001/XMLSchema-instance" xsi:noNamespaceSchemaLocation="compound.xsd" version="1.8.14">
  <compounddef id="df/dc1/class_uniform_data_operator_1_1_sql_1_1_markup_1_1_is_binary_attribute" kind="class" language="C#" prot="public">
    <compoundname>UniformDataOperator::Sql::Markup::IsBinaryAttribute</compoundname>
    <basecompoundref prot="public" virt="non-virtual">Attribute</basecompoundref>
    <briefdescription>
<para>Is data would stored in binary format. </para>    </briefdescription>
    <detaileddescription>
    </detaileddescription>
    <inheritancegraph>
      <node id="30">
        <label>Attribute</label>
      </node>
      <node id="29">
        <label>UniformDataOperator.Sql.Markup.IsBinaryAttribute</label>
        <link refid="df/dc1/class_uniform_data_operator_1_1_sql_1_1_markup_1_1_is_binary_attribute"/>
        <childnode refid="30" relation="public-inheritance">
        </childnode>
      </node>
    </inheritancegraph>
    <collaborationgraph>
      <node id="32">
        <label>Attribute</label>
      </node>
      <node id="31">
        <label>UniformDataOperator.Sql.Markup.IsBinaryAttribute</label>
        <link refid="df/dc1/class_uniform_data_operator_1_1_sql_1_1_markup_1_1_is_binary_attribute"/>
        <childnode refid="32" relation="public-inheritance">
        </childnode>
      </node>
    </collaborationgraph>
    <location file="D:/Work/GitHub/uniform-data-operator/SQL/Markup/IsBinaryAttribute.cs" line="24" column="1" bodyfile="D:/Work/GitHub/uniform-data-operator/SQL/Markup/IsBinaryAttribute.cs" bodystart="23" bodyend="25"/>
    <listofallmembers>
    </listofallmembers>
  </compounddef>
</doxygen>
