<?xml version='1.0' encoding='UTF-8' standalone='no'?>
<doxygen xmlns:xsi="http://www.w3.org/2001/XMLSchema-instance" xsi:noNamespaceSchemaLocation="compound.xsd" version="1.8.14">
  <compounddef id="d6/d7e/class_uniform_data_operator_1_1_sql_1_1_markup_1_1_default_attribute" kind="class" language="C#" prot="public">
    <compoundname>UniformDataOperator::Sql::Markup::DefaultAttribute</compoundname>
    <basecompoundref prot="public" virt="non-virtual">Attribute</basecompoundref>
    <derivedcompoundref refid="db/d72/class_uniform_data_operator_1_1_sql_1_1_markup_1_1_is_generated_attribute" prot="public" virt="non-virtual">UniformDataOperator.Sql.Markup.IsGeneratedAttribute</derivedcompoundref>
      <sectiondef kind="public-attrib">
      <memberdef kind="variable" id="d6/d7e/class_uniform_data_operator_1_1_sql_1_1_markup_1_1_default_attribute_1a64185e68bab327c41b4b7424ef88677b" prot="public" static="no" mutable="no">
        <type>string</type>
        <definition>string UniformDataOperator.Sql.Markup.DefaultAttribute.defExp</definition>
        <argsstring></argsstring>
        <name>defExp</name>
        <briefdescription>
<para>Default or Expression value. </para>        </briefdescription>
        <detaileddescription>
        </detaileddescription>
        <inbodydescription>
        </inbodydescription>
        <location file="D:/Work/GitHub/uniform-data-operator/SQL/Markup/DefaultAttribute.cs" line="28" column="1" bodyfile="D:/Work/GitHub/uniform-data-operator/SQL/Markup/DefaultAttribute.cs" bodystart="28" bodyend="-1"/>
      </memberdef>
      </sectiondef>
      <sectiondef kind="public-func">
      <memberdef kind="function" id="d6/d7e/class_uniform_data_operator_1_1_sql_1_1_markup_1_1_default_attribute_1ab6166dcaa64b5fecb183e6d946cd94b7" prot="public" static="no" const="no" explicit="no" inline="yes" virt="non-virtual">
        <type></type>
        <definition>UniformDataOperator.Sql.Markup.DefaultAttribute.DefaultAttribute</definition>
        <argsstring>(string defExp)</argsstring>
        <name>DefaultAttribute</name>
        <param>
          <type>string</type>
          <declname>defExp</declname>
        </param>
        <briefdescription>
<para>Init default value. </para>        </briefdescription>
        <detaileddescription>
<para><parameterlist kind="param"><parameteritem>
<parameternamelist>
<parametername>defExp</parametername>
</parameternamelist>
<parameterdescription>
<para>Default or Expression value.</para></parameterdescription>
</parameteritem>
</parameterlist>
</para>        </detaileddescription>
        <inbodydescription>
        </inbodydescription>
        <location file="D:/Work/GitHub/uniform-data-operator/SQL/Markup/DefaultAttribute.cs" line="34" column="1" bodyfile="D:/Work/GitHub/uniform-data-operator/SQL/Markup/DefaultAttribute.cs" bodystart="34" bodyend="37"/>
      </memberdef>
      </sectiondef>
    <briefdescription>
<para>Add default valu to the field. </para>    </briefdescription>
    <detaileddescription>
    </detaileddescription>
    <inheritancegraph>
      <node id="19">
        <label>Attribute</label>
      </node>
      <node id="18">
        <label>UniformDataOperator.Sql.Markup.DefaultAttribute</label>
        <link refid="d6/d7e/class_uniform_data_operator_1_1_sql_1_1_markup_1_1_default_attribute"/>
        <childnode refid="19" relation="public-inheritance">
        </childnode>
      </node>
      <node id="20">
        <label>UniformDataOperator.Sql.Markup.IsGeneratedAttribute</label>
        <link refid="db/d72/class_uniform_data_operator_1_1_sql_1_1_markup_1_1_is_generated_attribute"/>
        <childnode refid="18" relation="public-inheritance">
        </childnode>
      </node>
    </inheritancegraph>
    <collaborationgraph>
      <node id="22">
        <label>Attribute</label>
      </node>
      <node id="21">
        <label>UniformDataOperator.Sql.Markup.DefaultAttribute</label>
        <link refid="d6/d7e/class_uniform_data_operator_1_1_sql_1_1_markup_1_1_default_attribute"/>
        <childnode refid="22" relation="public-inheritance">
        </childnode>
      </node>
    </collaborationgraph>
    <location file="D:/Work/GitHub/uniform-data-operator/SQL/Markup/DefaultAttribute.cs" line="24" column="1" bodyfile="D:/Work/GitHub/uniform-data-operator/SQL/Markup/DefaultAttribute.cs" bodystart="23" bodyend="38"/>
    <listofallmembers>
      <member refid="d6/d7e/class_uniform_data_operator_1_1_sql_1_1_markup_1_1_default_attribute_1ab6166dcaa64b5fecb183e6d946cd94b7" prot="public" virt="non-virtual"><scope>UniformDataOperator::Sql::Markup::DefaultAttribute</scope><name>DefaultAttribute</name></member>
      <member refid="d6/d7e/class_uniform_data_operator_1_1_sql_1_1_markup_1_1_default_attribute_1a64185e68bab327c41b4b7424ef88677b" prot="public" virt="non-virtual"><scope>UniformDataOperator::Sql::Markup::DefaultAttribute</scope><name>defExp</name></member>
    </listofallmembers>
  </compounddef>
</doxygen>
