<?xml version='1.0' encoding='UTF-8' standalone='no'?>
<doxygen xmlns:xsi="http://www.w3.org/2001/XMLSchema-instance" xsi:noNamespaceSchemaLocation="compound.xsd" version="1.8.14">
  <compounddef id="d0/d27/class_uniform_data_operator_1_1_sql_1_1_markup_1_1_is_unique_attribute" kind="class" language="C#" prot="public">
    <compoundname>UniformDataOperator::Sql::Markup::IsUniqueAttribute</compoundname>
    <basecompoundref prot="public" virt="non-virtual">Attribute</basecompoundref>
      <sectiondef kind="public-func">
      <memberdef kind="function" id="d0/d27/class_uniform_data_operator_1_1_sql_1_1_markup_1_1_is_unique_attribute_1abe2b67c5dd704a30acfb0a2f55d8f858" prot="public" static="no" const="no" explicit="no" inline="yes" virt="non-virtual">
        <type>string</type>
        <definition>string UniformDataOperator.Sql.Markup.IsUniqueAttribute.UniqueIndexDeclarationCommand</definition>
        <argsstring>(MemberInfo member)</argsstring>
        <name>UniqueIndexDeclarationCommand</name>
        <param>
          <type>MemberInfo</type>
          <declname>member</declname>
        </param>
        <briefdescription>
<para>Return unique index init string. </para>        </briefdescription>
        <detaileddescription>
<para><simplesect kind="return"><para></para></simplesect>
</para>        </detaileddescription>
        <inbodydescription>
        </inbodydescription>
        <location file="D:/Work/GitHub/uniform-data-operator/SQL/Markup/IsUniqueAttribute.cs" line="31" column="1" bodyfile="D:/Work/GitHub/uniform-data-operator/SQL/Markup/IsUniqueAttribute.cs" bodystart="31" bodyend="41"/>
      </memberdef>
      </sectiondef>
    <briefdescription>
<para>Is a value must be unique for the column. </para>    </briefdescription>
    <detaileddescription>
    </detaileddescription>
    <inheritancegraph>
      <node id="55">
        <label>Attribute</label>
      </node>
      <node id="54">
        <label>UniformDataOperator.Sql.Markup.IsUniqueAttribute</label>
        <link refid="d0/d27/class_uniform_data_operator_1_1_sql_1_1_markup_1_1_is_unique_attribute"/>
        <childnode refid="55" relation="public-inheritance">
        </childnode>
      </node>
    </inheritancegraph>
    <collaborationgraph>
      <node id="57">
        <label>Attribute</label>
      </node>
      <node id="56">
        <label>UniformDataOperator.Sql.Markup.IsUniqueAttribute</label>
        <link refid="d0/d27/class_uniform_data_operator_1_1_sql_1_1_markup_1_1_is_unique_attribute"/>
        <childnode refid="57" relation="public-inheritance">
        </childnode>
      </node>
    </collaborationgraph>
    <location file="D:/Work/GitHub/uniform-data-operator/SQL/Markup/IsUniqueAttribute.cs" line="26" column="1" bodyfile="D:/Work/GitHub/uniform-data-operator/SQL/Markup/IsUniqueAttribute.cs" bodystart="25" bodyend="42"/>
    <listofallmembers>
      <member refid="d0/d27/class_uniform_data_operator_1_1_sql_1_1_markup_1_1_is_unique_attribute_1abe2b67c5dd704a30acfb0a2f55d8f858" prot="public" virt="non-virtual"><scope>UniformDataOperator::Sql::Markup::IsUniqueAttribute</scope><name>UniqueIndexDeclarationCommand</name></member>
    </listofallmembers>
  </compounddef>
</doxygen>
