<?xml version='1.0' encoding='UTF-8' standalone='no'?>
<doxygen xmlns:xsi="http://www.w3.org/2001/XMLSchema-instance" xsi:noNamespaceSchemaLocation="compound.xsd" version="1.8.14">
  <compounddef id="dd/d33/class_uniform_data_operator_1_1_sql_1_1_markup_1_1_is_foreign_key_attribute" kind="class" language="C#" prot="public">
    <compoundname>UniformDataOperator::Sql::Markup::IsForeignKeyAttribute</compoundname>
    <basecompoundref prot="public" virt="non-virtual">Attribute</basecompoundref>
      <sectiondef kind="public-type">
      <memberdef kind="enum" id="dd/d33/class_uniform_data_operator_1_1_sql_1_1_markup_1_1_is_foreign_key_attribute_1ae6c77deaf80d5c4d07709edf51eaebc5" prot="public" static="no" strong="yes">
        <type></type>
        <name>Action</name>
        <enumvalue id="dd/d33/class_uniform_data_operator_1_1_sql_1_1_markup_1_1_is_foreign_key_attribute_1ae6c77deaf80d5c4d07709edf51eaebc5a1e601ea653db1c729c9ee5746730fabe" prot="public">
          <name>NoAction</name>
          <briefdescription>
<para>Don&apos;t do anything. </para>          </briefdescription>
          <detaileddescription>
          </detaileddescription>
        </enumvalue>
        <enumvalue id="dd/d33/class_uniform_data_operator_1_1_sql_1_1_markup_1_1_is_foreign_key_attribute_1ae6c77deaf80d5c4d07709edf51eaebc5a2dc2b15e8b0ee7ed3fdd4cf53ad0a8c3" prot="public">
          <name>Cascade</name>
          <briefdescription>
<para>Goins down by member and react all members in relative tables. </para>          </briefdescription>
          <detaileddescription>
          </detaileddescription>
        </enumvalue>
        <enumvalue id="dd/d33/class_uniform_data_operator_1_1_sql_1_1_markup_1_1_is_foreign_key_attribute_1ae6c77deaf80d5c4d07709edf51eaebc5a034d70b46e41ec9d0306b0001e04cae7" prot="public">
          <name>Restrict</name>
          <briefdescription>
<para>Don&apos;t do anything. </para>          </briefdescription>
          <detaileddescription>
          </detaileddescription>
        </enumvalue>
        <enumvalue id="dd/d33/class_uniform_data_operator_1_1_sql_1_1_markup_1_1_is_foreign_key_attribute_1ae6c77deaf80d5c4d07709edf51eaebc5a2ac481dd701d4f580b6b01eb34442e71" prot="public">
          <name>SetNull</name>
          <briefdescription>
<para>Setting null to coulmn value. </para>          </briefdescription>
          <detaileddescription>
          </detaileddescription>
        </enumvalue>
        <briefdescription>
<para>Action&apos;s mode that would be used as reaction on event. </para>        </briefdescription>
        <detaileddescription>
        </detaileddescription>
        <inbodydescription>
        </inbodydescription>
        <location file="D:/Work/GitHub/uniform-data-operator/SQL/Markup/IsForeignKeyAttribute.cs" line="35" column="1" bodyfile="D:/Work/GitHub/uniform-data-operator/SQL/Markup/IsForeignKeyAttribute.cs" bodystart="34" bodyend="52"/>
      </memberdef>
      </sectiondef>
      <sectiondef kind="private-static-attrib">
      <memberdef kind="variable" id="dd/d33/class_uniform_data_operator_1_1_sql_1_1_markup_1_1_is_foreign_key_attribute_1a721bfcadb70f6fb4b2c76b980cfcbbd8" prot="private" static="yes" mutable="no">
        <type>readonly HashSet&lt; string &gt;</type>
        <definition>readonly HashSet&lt;string&gt; UniformDataOperator.Sql.Markup.IsForeignKeyAttribute.usedIndexes</definition>
        <argsstring></argsstring>
        <name>usedIndexes</name>
        <initializer>= new HashSet&lt;string&gt;()</initializer>
        <briefdescription>
        </briefdescription>
        <detaileddescription>
        </detaileddescription>
        <inbodydescription>
        </inbodydescription>
        <location file="D:/Work/GitHub/uniform-data-operator/SQL/Markup/IsForeignKeyAttribute.cs" line="29" column="1" bodyfile="D:/Work/GitHub/uniform-data-operator/SQL/Markup/IsForeignKeyAttribute.cs" bodystart="29" bodyend="-1"/>
      </memberdef>
      </sectiondef>
      <sectiondef kind="public-attrib">
      <memberdef kind="variable" id="dd/d33/class_uniform_data_operator_1_1_sql_1_1_markup_1_1_is_foreign_key_attribute_1a0ccdb7ac6c441bbba664d370aec645d1" prot="public" static="no" mutable="no">
        <type>string</type>
        <definition>string UniformDataOperator.Sql.Markup.IsForeignKeyAttribute.schema</definition>
        <argsstring></argsstring>
        <name>schema</name>
        <briefdescription>
<para>Name of foreign schema. </para>        </briefdescription>
        <detaileddescription>
        </detaileddescription>
        <inbodydescription>
        </inbodydescription>
        <location file="D:/Work/GitHub/uniform-data-operator/SQL/Markup/IsForeignKeyAttribute.cs" line="57" column="1" bodyfile="D:/Work/GitHub/uniform-data-operator/SQL/Markup/IsForeignKeyAttribute.cs" bodystart="57" bodyend="-1"/>
      </memberdef>
      <memberdef kind="variable" id="dd/d33/class_uniform_data_operator_1_1_sql_1_1_markup_1_1_is_foreign_key_attribute_1ae210d1001824383251ca3ba1a0f3fd20" prot="public" static="no" mutable="no">
        <type>string</type>
        <definition>string UniformDataOperator.Sql.Markup.IsForeignKeyAttribute.table</definition>
        <argsstring></argsstring>
        <name>table</name>
        <briefdescription>
<para>Name of foreign table. </para>        </briefdescription>
        <detaileddescription>
        </detaileddescription>
        <inbodydescription>
        </inbodydescription>
        <location file="D:/Work/GitHub/uniform-data-operator/SQL/Markup/IsForeignKeyAttribute.cs" line="62" column="1" bodyfile="D:/Work/GitHub/uniform-data-operator/SQL/Markup/IsForeignKeyAttribute.cs" bodystart="62" bodyend="-1"/>
      </memberdef>
      <memberdef kind="variable" id="dd/d33/class_uniform_data_operator_1_1_sql_1_1_markup_1_1_is_foreign_key_attribute_1aa305b69f1eac8e7335b9776b5d30625e" prot="public" static="no" mutable="no">
        <type>string</type>
        <definition>string UniformDataOperator.Sql.Markup.IsForeignKeyAttribute.column</definition>
        <argsstring></argsstring>
        <name>column</name>
        <briefdescription>
<para>Name of foreign column. </para>        </briefdescription>
        <detaileddescription>
        </detaileddescription>
        <inbodydescription>
        </inbodydescription>
        <location file="D:/Work/GitHub/uniform-data-operator/SQL/Markup/IsForeignKeyAttribute.cs" line="67" column="1" bodyfile="D:/Work/GitHub/uniform-data-operator/SQL/Markup/IsForeignKeyAttribute.cs" bodystart="67" bodyend="-1"/>
      </memberdef>
      <memberdef kind="variable" id="dd/d33/class_uniform_data_operator_1_1_sql_1_1_markup_1_1_is_foreign_key_attribute_1a5055e5326f37afb695398139353139b2" prot="public" static="no" mutable="no">
        <type><ref refid="dd/d33/class_uniform_data_operator_1_1_sql_1_1_markup_1_1_is_foreign_key_attribute_1ae6c77deaf80d5c4d07709edf51eaebc5" kindref="member">Action</ref></type>
        <definition>Action UniformDataOperator.Sql.Markup.IsForeignKeyAttribute.onDeleteCommand</definition>
        <argsstring></argsstring>
        <name>onDeleteCommand</name>
        <initializer>= <ref refid="dd/d33/class_uniform_data_operator_1_1_sql_1_1_markup_1_1_is_foreign_key_attribute_1ae6c77deaf80d5c4d07709edf51eaebc5a1e601ea653db1c729c9ee5746730fabe" kindref="member">Action.NoAction</ref></initializer>
        <briefdescription>
<para>Command that would be applied in case of deleting. </para>        </briefdescription>
        <detaileddescription>
        </detaileddescription>
        <inbodydescription>
        </inbodydescription>
        <location file="D:/Work/GitHub/uniform-data-operator/SQL/Markup/IsForeignKeyAttribute.cs" line="72" column="1" bodyfile="D:/Work/GitHub/uniform-data-operator/SQL/Markup/IsForeignKeyAttribute.cs" bodystart="72" bodyend="-1"/>
      </memberdef>
      <memberdef kind="variable" id="dd/d33/class_uniform_data_operator_1_1_sql_1_1_markup_1_1_is_foreign_key_attribute_1a262baa0ebcc9ee448750f96019f0e14c" prot="public" static="no" mutable="no">
        <type><ref refid="dd/d33/class_uniform_data_operator_1_1_sql_1_1_markup_1_1_is_foreign_key_attribute_1ae6c77deaf80d5c4d07709edf51eaebc5" kindref="member">Action</ref></type>
        <definition>Action UniformDataOperator.Sql.Markup.IsForeignKeyAttribute.onUpdateCommand</definition>
        <argsstring></argsstring>
        <name>onUpdateCommand</name>
        <initializer>= <ref refid="dd/d33/class_uniform_data_operator_1_1_sql_1_1_markup_1_1_is_foreign_key_attribute_1ae6c77deaf80d5c4d07709edf51eaebc5a1e601ea653db1c729c9ee5746730fabe" kindref="member">Action.NoAction</ref></initializer>
        <briefdescription>
<para>Command that would be applied in case of updating. </para>        </briefdescription>
        <detaileddescription>
        </detaileddescription>
        <inbodydescription>
        </inbodydescription>
        <location file="D:/Work/GitHub/uniform-data-operator/SQL/Markup/IsForeignKeyAttribute.cs" line="77" column="1" bodyfile="D:/Work/GitHub/uniform-data-operator/SQL/Markup/IsForeignKeyAttribute.cs" bodystart="77" bodyend="-1"/>
      </memberdef>
      </sectiondef>
      <sectiondef kind="public-func">
      <memberdef kind="function" id="dd/d33/class_uniform_data_operator_1_1_sql_1_1_markup_1_1_is_foreign_key_attribute_1a3e87ebbd7ead7b4e0c359c7340bcc2cb" prot="public" static="no" const="no" explicit="no" inline="yes" virt="non-virtual">
        <type></type>
        <definition>UniformDataOperator.Sql.Markup.IsForeignKeyAttribute.IsForeignKeyAttribute</definition>
        <argsstring>(string schema, string table, string column)</argsstring>
        <name>IsForeignKeyAttribute</name>
        <param>
          <type>string</type>
          <declname>schema</declname>
        </param>
        <param>
          <type>string</type>
          <declname>table</declname>
        </param>
        <param>
          <type>string</type>
          <declname>column</declname>
        </param>
        <briefdescription>
<para>Configurate forgeign column reference. </para>        </briefdescription>
        <detaileddescription>
<para><parameterlist kind="param"><parameteritem>
<parameternamelist>
<parametername>schema</parametername>
</parameternamelist>
<parameterdescription>
<para>Name of foreign schema.</para></parameterdescription>
</parameteritem>
<parameteritem>
<parameternamelist>
<parametername>table</parametername>
</parameternamelist>
<parameterdescription>
<para>Name of foreign table.</para></parameterdescription>
</parameteritem>
<parameteritem>
<parameternamelist>
<parametername>column</parametername>
</parameternamelist>
<parameterdescription>
<para>Name of foreign column.</para></parameterdescription>
</parameteritem>
</parameterlist>
</para>        </detaileddescription>
        <inbodydescription>
        </inbodydescription>
        <location file="D:/Work/GitHub/uniform-data-operator/SQL/Markup/IsForeignKeyAttribute.cs" line="85" column="1" bodyfile="D:/Work/GitHub/uniform-data-operator/SQL/Markup/IsForeignKeyAttribute.cs" bodystart="85" bodyend="90"/>
      </memberdef>
      <memberdef kind="function" id="dd/d33/class_uniform_data_operator_1_1_sql_1_1_markup_1_1_is_foreign_key_attribute_1a9e2d1563091c53e8e1c9c66e53eea23e" prot="public" static="no" const="no" explicit="no" inline="yes" virt="non-virtual">
        <type></type>
        <definition>UniformDataOperator.Sql.Markup.IsForeignKeyAttribute.IsForeignKeyAttribute</definition>
        <argsstring>(string schema, string table, string column, Action onDeleteCommand, Action onUpdateCommand)</argsstring>
        <name>IsForeignKeyAttribute</name>
        <param>
          <type>string</type>
          <declname>schema</declname>
        </param>
        <param>
          <type>string</type>
          <declname>table</declname>
        </param>
        <param>
          <type>string</type>
          <declname>column</declname>
        </param>
        <param>
          <type><ref refid="dd/d33/class_uniform_data_operator_1_1_sql_1_1_markup_1_1_is_foreign_key_attribute_1ae6c77deaf80d5c4d07709edf51eaebc5" kindref="member">Action</ref></type>
          <declname>onDeleteCommand</declname>
        </param>
        <param>
          <type><ref refid="dd/d33/class_uniform_data_operator_1_1_sql_1_1_markup_1_1_is_foreign_key_attribute_1ae6c77deaf80d5c4d07709edf51eaebc5" kindref="member">Action</ref></type>
          <declname>onUpdateCommand</declname>
        </param>
        <briefdescription>
<para>Configurate forgeign column reference. </para>        </briefdescription>
        <detaileddescription>
<para><parameterlist kind="param"><parameteritem>
<parameternamelist>
<parametername>schema</parametername>
</parameternamelist>
<parameterdescription>
<para>Name of foreign schema.</para></parameterdescription>
</parameteritem>
<parameteritem>
<parameternamelist>
<parametername>table</parametername>
</parameternamelist>
<parameterdescription>
<para>Name of foreign table.</para></parameterdescription>
</parameteritem>
<parameteritem>
<parameternamelist>
<parametername>column</parametername>
</parameternamelist>
<parameterdescription>
<para>Name of foreign column.</para></parameterdescription>
</parameteritem>
<parameteritem>
<parameternamelist>
<parametername>onDeleteCommand</parametername>
</parameternamelist>
<parameterdescription>
<para>Command that would be applied in case of deleting.</para></parameterdescription>
</parameteritem>
<parameteritem>
<parameternamelist>
<parametername>onUpdateCommand</parametername>
</parameternamelist>
<parameterdescription>
<para>Command that would be applied in case of updating.</para></parameterdescription>
</parameteritem>
</parameterlist>
</para>        </detaileddescription>
        <inbodydescription>
        </inbodydescription>
        <location file="D:/Work/GitHub/uniform-data-operator/SQL/Markup/IsForeignKeyAttribute.cs" line="100" column="1" bodyfile="D:/Work/GitHub/uniform-data-operator/SQL/Markup/IsForeignKeyAttribute.cs" bodystart="100" bodyend="113"/>
      </memberdef>
      <memberdef kind="function" id="dd/d33/class_uniform_data_operator_1_1_sql_1_1_markup_1_1_is_foreign_key_attribute_1a5812ac056c373e4514466df8336ad808" prot="public" static="no" const="no" explicit="no" inline="yes" virt="non-virtual">
        <type>string</type>
        <definition>string UniformDataOperator.Sql.Markup.IsForeignKeyAttribute.FKName</definition>
        <argsstring>(string selfTableName)</argsstring>
        <name>FKName</name>
        <param>
          <type>string</type>
          <declname>selfTableName</declname>
        </param>
        <briefdescription>
<para>Generate fk key name related to this column. </para>        </briefdescription>
        <detaileddescription>
<para><parameterlist kind="param"><parameteritem>
<parameternamelist>
<parametername>selfTableName</parametername>
</parameternamelist>
<parameterdescription>
<para>Name of the table that contain column.</para></parameterdescription>
</parameteritem>
</parameterlist>
<simplesect kind="return"><para>Return FK suitable name</para></simplesect>
</para>        </detaileddescription>
        <inbodydescription>
        </inbodydescription>
        <location file="D:/Work/GitHub/uniform-data-operator/SQL/Markup/IsForeignKeyAttribute.cs" line="198" column="1" bodyfile="D:/Work/GitHub/uniform-data-operator/SQL/Markup/IsForeignKeyAttribute.cs" bodystart="198" bodyend="212"/>
      </memberdef>
      </sectiondef>
      <sectiondef kind="public-static-func">
      <memberdef kind="function" id="dd/d33/class_uniform_data_operator_1_1_sql_1_1_markup_1_1_is_foreign_key_attribute_1adaff7734b94478d0b37cc8659a0c2acd" prot="public" static="yes" const="no" explicit="no" inline="yes" virt="non-virtual">
        <type>string</type>
        <definition>static string UniformDataOperator.Sql.Markup.IsForeignKeyAttribute.ActionToCommand</definition>
        <argsstring>(Action action)</argsstring>
        <name>ActionToCommand</name>
        <param>
          <type><ref refid="dd/d33/class_uniform_data_operator_1_1_sql_1_1_markup_1_1_is_foreign_key_attribute_1ae6c77deaf80d5c4d07709edf51eaebc5" kindref="member">Action</ref></type>
          <declname>action</declname>
        </param>
        <briefdescription>
<para>Convert action to string format. </para>        </briefdescription>
        <detaileddescription>
<para><parameterlist kind="param"><parameteritem>
<parameternamelist>
<parametername>action</parametername>
</parameternamelist>
<parameterdescription>
<para>Target action.</para></parameterdescription>
</parameteritem>
</parameterlist>
<simplesect kind="return"><para>Command format action.</para></simplesect>
</para>        </detaileddescription>
        <inbodydescription>
        </inbodydescription>
        <location file="D:/Work/GitHub/uniform-data-operator/SQL/Markup/IsForeignKeyAttribute.cs" line="120" column="1" bodyfile="D:/Work/GitHub/uniform-data-operator/SQL/Markup/IsForeignKeyAttribute.cs" bodystart="120" bodyend="130"/>
      </memberdef>
      <memberdef kind="function" id="dd/d33/class_uniform_data_operator_1_1_sql_1_1_markup_1_1_is_foreign_key_attribute_1abd2895acf461357533df2802681cfdc6" prot="public" static="yes" const="no" explicit="no" inline="yes" virt="non-virtual">
        <type>string</type>
        <definition>static string UniformDataOperator.Sql.Markup.IsForeignKeyAttribute.FKIndexDeclarationCommand</definition>
        <argsstring>(MemberInfo member, string selfTableName)</argsstring>
        <name>FKIndexDeclarationCommand</name>
        <param>
          <type>MemberInfo</type>
          <declname>member</declname>
        </param>
        <param>
          <type>string</type>
          <declname>selfTableName</declname>
        </param>
        <briefdescription>
<para>Return index init string suitable from forgeign key suitable for this column. Can auto detect modifers. </para>        </briefdescription>
        <detaileddescription>
<para><parameterlist kind="param"><parameteritem>
<parameternamelist>
<parametername>member</parametername>
</parameternamelist>
<parameterdescription>
<para>Member that would be used to looking for descriptors.</para></parameterdescription>
</parameteritem>
<parameteritem>
<parameternamelist>
<parametername>selfTableName</parametername>
</parameternamelist>
<parameterdescription>
<para>Name of the table that contain column.</para></parameterdescription>
</parameteritem>
</parameterlist>
<simplesect kind="return"><para>Return SQL command that wold generate FK index.</para></simplesect>
</para>        </detaileddescription>
        <inbodydescription>
        </inbodydescription>
        <location file="D:/Work/GitHub/uniform-data-operator/SQL/Markup/IsForeignKeyAttribute.cs" line="139" column="1" bodyfile="D:/Work/GitHub/uniform-data-operator/SQL/Markup/IsForeignKeyAttribute.cs" bodystart="139" bodyend="169"/>
      </memberdef>
      <memberdef kind="function" id="dd/d33/class_uniform_data_operator_1_1_sql_1_1_markup_1_1_is_foreign_key_attribute_1a8a30669fa1f999d6d08cc042f707091c" prot="public" static="yes" const="no" explicit="no" inline="yes" virt="non-virtual">
        <type>string</type>
        <definition>static string UniformDataOperator.Sql.Markup.IsForeignKeyAttribute.FKIndexDeclarationCommand</definition>
        <argsstring>(ColumnAttribute column, IsForeignKeyAttribute isForeignKey, string selfTableName)</argsstring>
        <name>FKIndexDeclarationCommand</name>
        <param>
          <type><ref refid="d0/d68/class_uniform_data_operator_1_1_sql_1_1_markup_1_1_column_attribute" kindref="compound">ColumnAttribute</ref></type>
          <declname>column</declname>
        </param>
        <param>
          <type><ref refid="dd/d33/class_uniform_data_operator_1_1_sql_1_1_markup_1_1_is_foreign_key_attribute" kindref="compound">IsForeignKeyAttribute</ref></type>
          <declname>isForeignKey</declname>
        </param>
        <param>
          <type>string</type>
          <declname>selfTableName</declname>
        </param>
        <briefdescription>
<para>Return index init string suitable from forgeign key suitable for this column. </para>        </briefdescription>
        <detaileddescription>
<para><parameterlist kind="param"><parameteritem>
<parameternamelist>
<parametername>column</parametername>
</parameternamelist>
<parameterdescription>
<para>Column attribute.</para></parameterdescription>
</parameteritem>
<parameteritem>
<parameternamelist>
<parametername>isForeignKey</parametername>
</parameternamelist>
<parameterdescription>
<para>FL attribute</para></parameterdescription>
</parameteritem>
<parameteritem>
<parameternamelist>
<parametername>selfTableName</parametername>
</parameternamelist>
<parameterdescription>
<para>Name of holding table.</para></parameterdescription>
</parameteritem>
</parameterlist>
<simplesect kind="return"><para>Generated SQL command.</para></simplesect>
</para>        </detaileddescription>
        <inbodydescription>
        </inbodydescription>
        <location file="D:/Work/GitHub/uniform-data-operator/SQL/Markup/IsForeignKeyAttribute.cs" line="178" column="1" bodyfile="D:/Work/GitHub/uniform-data-operator/SQL/Markup/IsForeignKeyAttribute.cs" bodystart="178" bodyend="191"/>
      </memberdef>
      <memberdef kind="function" id="dd/d33/class_uniform_data_operator_1_1_sql_1_1_markup_1_1_is_foreign_key_attribute_1abec2624118cb8518ddac018eb4bff213" prot="public" static="yes" const="no" explicit="no" inline="yes" virt="non-virtual">
        <type>void</type>
        <definition>static void UniformDataOperator.Sql.Markup.IsForeignKeyAttribute.DropIndexator</definition>
        <argsstring>()</argsstring>
        <name>DropIndexator</name>
        <briefdescription>
<para>Clearing current index history. </para>        </briefdescription>
        <detaileddescription>
        </detaileddescription>
        <inbodydescription>
        </inbodydescription>
        <location file="D:/Work/GitHub/uniform-data-operator/SQL/Markup/IsForeignKeyAttribute.cs" line="217" column="1" bodyfile="D:/Work/GitHub/uniform-data-operator/SQL/Markup/IsForeignKeyAttribute.cs" bodystart="217" bodyend="220"/>
      </memberdef>
      <memberdef kind="function" id="dd/d33/class_uniform_data_operator_1_1_sql_1_1_markup_1_1_is_foreign_key_attribute_1a60708064b8a8d38e8df273e8a8f8fb3d" prot="public" static="yes" const="no" explicit="no" inline="yes" virt="non-virtual">
        <type>string</type>
        <definition>static string UniformDataOperator.Sql.Markup.IsForeignKeyAttribute.ConstrainDeclarationCommand</definition>
        <argsstring>(ColumnAttribute column, IsForeignKeyAttribute isForeignKey, string selfTableName)</argsstring>
        <name>ConstrainDeclarationCommand</name>
        <param>
          <type><ref refid="d0/d68/class_uniform_data_operator_1_1_sql_1_1_markup_1_1_column_attribute" kindref="compound">ColumnAttribute</ref></type>
          <declname>column</declname>
        </param>
        <param>
          <type><ref refid="dd/d33/class_uniform_data_operator_1_1_sql_1_1_markup_1_1_is_foreign_key_attribute" kindref="compound">IsForeignKeyAttribute</ref></type>
          <declname>isForeignKey</declname>
        </param>
        <param>
          <type>string</type>
          <declname>selfTableName</declname>
        </param>
        <briefdescription>
<para>Generate init string from contrains related to this column. </para>        </briefdescription>
        <detaileddescription>
<para><parameterlist kind="param"><parameteritem>
<parameternamelist>
<parametername>column</parametername>
</parameternamelist>
<parameterdescription>
<para>Column attribute.</para></parameterdescription>
</parameteritem>
<parameteritem>
<parameternamelist>
<parametername>isForeignKey</parametername>
</parameternamelist>
<parameterdescription>
<para>FK attribute.</para></parameterdescription>
</parameteritem>
<parameteritem>
<parameternamelist>
<parametername>selfTableName</parametername>
</parameternamelist>
<parameterdescription>
<para>Name of holding table.</para></parameterdescription>
</parameteritem>
</parameterlist>
<simplesect kind="return"><para>Generated SQL command.</para></simplesect>
</para>        </detaileddescription>
        <inbodydescription>
        </inbodydescription>
        <location file="D:/Work/GitHub/uniform-data-operator/SQL/Markup/IsForeignKeyAttribute.cs" line="229" column="1" bodyfile="D:/Work/GitHub/uniform-data-operator/SQL/Markup/IsForeignKeyAttribute.cs" bodystart="229" bodyend="241"/>
      </memberdef>
      <memberdef kind="function" id="dd/d33/class_uniform_data_operator_1_1_sql_1_1_markup_1_1_is_foreign_key_attribute_1ad02f765ed51d51466ebd143c083ff412" prot="public" static="yes" const="no" explicit="no" inline="yes" virt="non-virtual">
        <type>string</type>
        <definition>static string UniformDataOperator.Sql.Markup.IsForeignKeyAttribute.ConstrainDeclarationCommand</definition>
        <argsstring>(MemberInfo member, string selfTableName)</argsstring>
        <name>ConstrainDeclarationCommand</name>
        <param>
          <type>MemberInfo</type>
          <declname>member</declname>
        </param>
        <param>
          <type>string</type>
          <declname>selfTableName</declname>
        </param>
        <briefdescription>
<para>Generate init string from contrains related to this column. Can auto detect modifers. </para>        </briefdescription>
        <detaileddescription>
<para><parameterlist kind="param"><parameteritem>
<parameternamelist>
<parametername>member</parametername>
</parameternamelist>
<parameterdescription>
<para>Member that would be used to looking for descriptors.</para></parameterdescription>
</parameteritem>
<parameteritem>
<parameternamelist>
<parametername>selfTableName</parametername>
</parameternamelist>
<parameterdescription>
<para>Name of holding table.</para></parameterdescription>
</parameteritem>
</parameterlist>
<simplesect kind="return"><para>Generated SQL command.</para></simplesect>
</para>        </detaileddescription>
        <inbodydescription>
        </inbodydescription>
        <location file="D:/Work/GitHub/uniform-data-operator/SQL/Markup/IsForeignKeyAttribute.cs" line="250" column="1" bodyfile="D:/Work/GitHub/uniform-data-operator/SQL/Markup/IsForeignKeyAttribute.cs" bodystart="250" bodyend="280"/>
      </memberdef>
      </sectiondef>
    <briefdescription>
<para>Mark fireld as foreign key to other column. </para>    </briefdescription>
    <detaileddescription>
    </detaileddescription>
    <inheritancegraph>
      <node id="34">
        <label>Attribute</label>
      </node>
      <node id="33">
        <label>UniformDataOperator.Sql.Markup.IsForeignKeyAttribute</label>
        <link refid="dd/d33/class_uniform_data_operator_1_1_sql_1_1_markup_1_1_is_foreign_key_attribute"/>
        <childnode refid="34" relation="public-inheritance">
        </childnode>
      </node>
    </inheritancegraph>
    <collaborationgraph>
      <node id="36">
        <label>Attribute</label>
      </node>
      <node id="35">
        <label>UniformDataOperator.Sql.Markup.IsForeignKeyAttribute</label>
        <link refid="dd/d33/class_uniform_data_operator_1_1_sql_1_1_markup_1_1_is_foreign_key_attribute"/>
        <childnode refid="36" relation="public-inheritance">
        </childnode>
      </node>
    </collaborationgraph>
    <location file="D:/Work/GitHub/uniform-data-operator/SQL/Markup/IsForeignKeyAttribute.cs" line="27" column="1" bodyfile="D:/Work/GitHub/uniform-data-operator/SQL/Markup/IsForeignKeyAttribute.cs" bodystart="26" bodyend="281"/>
    <listofallmembers>
      <member refid="dd/d33/class_uniform_data_operator_1_1_sql_1_1_markup_1_1_is_foreign_key_attribute_1ae6c77deaf80d5c4d07709edf51eaebc5" prot="public" virt="non-virtual"><scope>UniformDataOperator::Sql::Markup::IsForeignKeyAttribute</scope><name>Action</name></member>
      <member refid="dd/d33/class_uniform_data_operator_1_1_sql_1_1_markup_1_1_is_foreign_key_attribute_1adaff7734b94478d0b37cc8659a0c2acd" prot="public" virt="non-virtual"><scope>UniformDataOperator::Sql::Markup::IsForeignKeyAttribute</scope><name>ActionToCommand</name></member>
      <member refid="dd/d33/class_uniform_data_operator_1_1_sql_1_1_markup_1_1_is_foreign_key_attribute_1aa305b69f1eac8e7335b9776b5d30625e" prot="public" virt="non-virtual"><scope>UniformDataOperator::Sql::Markup::IsForeignKeyAttribute</scope><name>column</name></member>
      <member refid="dd/d33/class_uniform_data_operator_1_1_sql_1_1_markup_1_1_is_foreign_key_attribute_1a60708064b8a8d38e8df273e8a8f8fb3d" prot="public" virt="non-virtual"><scope>UniformDataOperator::Sql::Markup::IsForeignKeyAttribute</scope><name>ConstrainDeclarationCommand</name></member>
      <member refid="dd/d33/class_uniform_data_operator_1_1_sql_1_1_markup_1_1_is_foreign_key_attribute_1ad02f765ed51d51466ebd143c083ff412" prot="public" virt="non-virtual"><scope>UniformDataOperator::Sql::Markup::IsForeignKeyAttribute</scope><name>ConstrainDeclarationCommand</name></member>
      <member refid="dd/d33/class_uniform_data_operator_1_1_sql_1_1_markup_1_1_is_foreign_key_attribute_1abec2624118cb8518ddac018eb4bff213" prot="public" virt="non-virtual"><scope>UniformDataOperator::Sql::Markup::IsForeignKeyAttribute</scope><name>DropIndexator</name></member>
      <member refid="dd/d33/class_uniform_data_operator_1_1_sql_1_1_markup_1_1_is_foreign_key_attribute_1abd2895acf461357533df2802681cfdc6" prot="public" virt="non-virtual"><scope>UniformDataOperator::Sql::Markup::IsForeignKeyAttribute</scope><name>FKIndexDeclarationCommand</name></member>
      <member refid="dd/d33/class_uniform_data_operator_1_1_sql_1_1_markup_1_1_is_foreign_key_attribute_1a8a30669fa1f999d6d08cc042f707091c" prot="public" virt="non-virtual"><scope>UniformDataOperator::Sql::Markup::IsForeignKeyAttribute</scope><name>FKIndexDeclarationCommand</name></member>
      <member refid="dd/d33/class_uniform_data_operator_1_1_sql_1_1_markup_1_1_is_foreign_key_attribute_1a5812ac056c373e4514466df8336ad808" prot="public" virt="non-virtual"><scope>UniformDataOperator::Sql::Markup::IsForeignKeyAttribute</scope><name>FKName</name></member>
      <member refid="dd/d33/class_uniform_data_operator_1_1_sql_1_1_markup_1_1_is_foreign_key_attribute_1a3e87ebbd7ead7b4e0c359c7340bcc2cb" prot="public" virt="non-virtual"><scope>UniformDataOperator::Sql::Markup::IsForeignKeyAttribute</scope><name>IsForeignKeyAttribute</name></member>
      <member refid="dd/d33/class_uniform_data_operator_1_1_sql_1_1_markup_1_1_is_foreign_key_attribute_1a9e2d1563091c53e8e1c9c66e53eea23e" prot="public" virt="non-virtual"><scope>UniformDataOperator::Sql::Markup::IsForeignKeyAttribute</scope><name>IsForeignKeyAttribute</name></member>
      <member refid="dd/d33/class_uniform_data_operator_1_1_sql_1_1_markup_1_1_is_foreign_key_attribute_1a5055e5326f37afb695398139353139b2" prot="public" virt="non-virtual"><scope>UniformDataOperator::Sql::Markup::IsForeignKeyAttribute</scope><name>onDeleteCommand</name></member>
      <member refid="dd/d33/class_uniform_data_operator_1_1_sql_1_1_markup_1_1_is_foreign_key_attribute_1a262baa0ebcc9ee448750f96019f0e14c" prot="public" virt="non-virtual"><scope>UniformDataOperator::Sql::Markup::IsForeignKeyAttribute</scope><name>onUpdateCommand</name></member>
      <member refid="dd/d33/class_uniform_data_operator_1_1_sql_1_1_markup_1_1_is_foreign_key_attribute_1a0ccdb7ac6c441bbba664d370aec645d1" prot="public" virt="non-virtual"><scope>UniformDataOperator::Sql::Markup::IsForeignKeyAttribute</scope><name>schema</name></member>
      <member refid="dd/d33/class_uniform_data_operator_1_1_sql_1_1_markup_1_1_is_foreign_key_attribute_1ae210d1001824383251ca3ba1a0f3fd20" prot="public" virt="non-virtual"><scope>UniformDataOperator::Sql::Markup::IsForeignKeyAttribute</scope><name>table</name></member>
      <member refid="dd/d33/class_uniform_data_operator_1_1_sql_1_1_markup_1_1_is_foreign_key_attribute_1a721bfcadb70f6fb4b2c76b980cfcbbd8" prot="private" virt="non-virtual"><scope>UniformDataOperator::Sql::Markup::IsForeignKeyAttribute</scope><name>usedIndexes</name></member>
    </listofallmembers>
  </compounddef>
</doxygen>
