<?xml version='1.0' encoding='UTF-8' standalone='no'?>
<doxygen xmlns:xsi="http://www.w3.org/2001/XMLSchema-instance" xsi:noNamespaceSchemaLocation="compound.xsd" version="1.8.14">
  <compounddef id="d1/d09/namespace_uniform_data_operator_1_1_sql_1_1_my_sql" kind="namespace" language="C#">
    <compoundname>UniformDataOperator::Sql::MySql</compoundname>
    <innerclass refid="d5/d34/class_uniform_data_operator_1_1_sql_1_1_my_sql_1_1_my_sql_data_operator" prot="public">UniformDataOperator::Sql::MySql::MySqlDataOperator</innerclass>
    <innernamespace refid="d4/de0/namespace_uniform_data_operator_1_1_sql_1_1_my_sql_1_1_markup">UniformDataOperator::Sql::MySql::Markup</innernamespace>
    <briefdescription>
    </briefdescription>
    <detaileddescription>
    </detaileddescription>
    <location file="[generated]" line="1" column="1"/>
  </compounddef>
</doxygen>
